"V1","V2","V3","V4","V5","V6","V7","V8"
0.835568172035023,0.855672400490503,1.06003423492052,0.84732831798785,0.351509502857309,-0.211400245264704,-0.276884393875126,0.327330034243727
-0.660521859045705,1.80176227162749,1.35096056599856,-1.28432033562367,-0.417014912106659,0.110480660667506,1.1689738243865,0.0692342450746657
1.56406949329184,1.40524081174873,-0.401555741178659,-0.951203283276817,-0.829843067289241,-1.01330325572013,-1.56107339269055,0.852466596301411
-1.62297593529155,-1.25079179413567,0.839986980187328,1.01151549368614,-0.908959842648201,-1.75208674100034,-1.38360217645381,-0.742288696724472
0.863896373478988,1.99910885447275,0.215439257728434,-0.106991612669397,0.0591917286263702,1.03629184016513,1.56831311530735,-0.606801884074616
-0.5116027734362,0.139278487592147,-0.637977201958245,1.58067688954012,-0.226758228584987,0.377744729547937,-0.118288568215968,0.256106703525077
-1.9173650254454,-0.386669103439724,0.552847982050689,2.70884536477196,-0.867678937564861,3.33754651602051,1.01414637115837,-0.45795593188282
-1.86581384861995,1.85563569044348,0.370350824990752,0.198800479198,0.0738547169440425,0.0602511603896404,-0.0119079441616371,0.613256480856161
0.245179063439689,0.42885538447628,-0.389023767532155,0.760569649919817,1.72961613762113,-0.212911092672172,0.991205878950014,-1.23275534657979
2.22353430190807,1.73079013958977,-0.460092848631245,0.113335188334946,1.74722878518228,0.802035383161922,2.56923666808261,-0.304470939141459
0.273376064144465,-0.0435236741393199,-0.26588619338727,-0.562871825842673,-0.735564456296227,-1.56080004409369,1.24268572525069,-1.88189396316274
1.13078479452828,-0.73108580813751,0.501441363321569,-0.717980765062782,-0.662839110550164,-0.824689850997573,-1.10339495090988,1.87516637519382
0.838669374060099,-1.96596407622063,-0.0523528269896142,1.07634568722594,0.0659526258335641,1.08203364851359,-0.440397404087769,0.287086379792489
-0.654615277878206,1.12686531518852,-1.35217134346927,0.729188701930514,-0.338562776453228,0.246735577606819,-0.807374877287526,0.193896423951721
0.953960978479396,-0.888084388434115,0.308578530105713,0.472008520170886,1.78915123998786,0.324912613098009,-0.784647240947739,-0.4070310224666
0.352951465489323,0.871359260391992,-0.366996403813651,0.888964554031627,0.494655767461099,0.112618400193666,0.940927404549141,-0.264876980026245
0.206599292649613,0.119893566616341,0.760815256528283,-1.13356486953053,0.56853967061225,-1.22403403353889,0.316559853012787,-1.7913604323943
1.00111323431025,0.472434944803404,-1.20877829147781,-1.09760333280958,0.570326379921746,-1.77630309735936,1.54108050218983,-0.0787805310283248
0.747451991640276,1.26663990982006,-1.90855673202378,0.155016187191699,-0.291954195461389,-1.66561348174696,1.00767081940723,-0.353582592486777
-0.626574836723139,-0.485316378946902,-0.497749386024871,0.54070797485713,0.833318816242793,0.749573921215128,-0.534776490352252,0.432258852851662
0.395223685936714,-0.461533586184343,-0.637044510630347,1.15080723331547,-1.37041879007347,-0.0434771673966936,0.465885688631804,-0.580929824964347
-0.892167954045577,-0.231758337278765,0.676231932030489,1.47704988933306,-0.0051713855327128,-0.0526345063890435,1.50864566074968,0.337020980990924
0.630818410091773,1.06035377243819,-1.869411030258,0.182187910542094,1.32862880820605,0.924223699518305,0.145468829218351,0.257616378281549
-0.432705183284567,-0.474785704501272,-1.06855248625586,-1.10108235737537,-1.79791803323129,1.19142595073308,-0.376193788536559,1.6694489737288
0.452138644218517,-0.175510280957714,-0.126005415934356,-1.20252726325904,-1.03797302710409,-1.36531693591582,-1.06569500958547,0.498524795026828
0.367999045196345,0.796324499089145,-0.736284418428665,-0.966708676495849,-1.11758219731845,0.482919747625956,0.963761127347182,0.974630250477863
-0.270387489661909,0.77874531585307,-0.191241809184488,1.39449126043296,0.731702727485019,1.61738527446566,1.23250512940515,0.588819849020613
0.465512617712979,0.796802566246094,-1.1983002633847,0.404360270712859,-0.0220457164026598,1.691203756696,-0.157152663251451,-0.72747297947463
0.574356225626969,0.0490515728363375,-0.824254618506077,1.49031586219406,-0.254490562060645,0.00444299500956791,0.433617215325735,-0.545950309590129
-0.230699990157411,0.762612934834823,-0.919532671174568,-0.680715286073036,0.734828501873559,0.928462973449892,0.646057592059885,-0.192195439293441
1.17224250830245,0.285993069636396,-1.7438683437219,-0.0522803800696862,-1.81572001840607,0.73148842958566,-0.997802188002602,-1.22905061268384
1.39270270673312,-0.632815038152827,0.383037424261768,0.636823632832134,0.926620849761675,1.76289586742399,1.59033655495518,1.02003217664734
-0.661991255709585,1.8043844808011,-0.541069423262346,0.35688325862053,-0.487674039852184,1.76030614121042,-1.44277038603807,-0.0668177109610336
-0.777369206725014,-1.86301097301425,-0.555941097834846,-1.17561605038368,0.375614246175027,-0.961587693582399,0.431652348401043,0.0611937027810044
0.51353857890878,0.845528381213056,1.10895853127751,-1.48605282360582,1.00496265435358,-0.787828047807385,0.565730331795061,0.247257427418023
-0.913312238041272,0.341667682894606,0.667743594836766,-2.44537238317247,-0.652728797187154,2.07705997497228,0.437244520663284,1.21589354244021
-0.449423805250301,0.0227776061434687,-0.693679036361983,0.65019931683817,1.71417138105852,0.445944688185021,0.108847793433161,-0.334484173013145
0.802932699103618,-0.611399988446644,0.879992804711981,0.597458845595852,-0.167384294002464,-0.417836255634504,0.0948855356853492,-1.00431319093764
-0.573476850981104,-0.260526772474753,-0.37897335718852,-0.00591553466537692,0.811424671484113,0.575140108389179,-0.747788217085053,0.593042457230796
-1.92812516784833,1.80567031464304,-0.431248632603711,2.03488045755017,-1.62390409235204,-0.352652412021808,-0.345109455201527,-1.09959561016764
0.664390833822148,-0.0969992670036506,0.166444699682016,0.276288979880555,-0.871903695301524,0.694733083075911,-0.184153875316027,-0.168174903285762
-1.60254022379425,-0.384486699785057,0.140519604666793,-0.496466209356325,-0.0894376619206181,-0.677971583690367,-2.36365211818991,0.0710681308745748
-1.35460025745385,-0.878362142505014,-0.107546272655053,1.17021622041948,0.946613565957998,0.589228198270151,0.303758905216343,-1.65691092125273
-3.0179326794179,-0.495578521936918,-0.251987609311519,1.00415049965311,0.10759593695013,1.42579041362539,0.257218804953436,-0.0459785108209532
0.831237822230063,-0.0842924535744518,0.40002038444736,-0.706639694712762,-1.4117700651828,0.490964299262986,-0.6203092200898,1.11031367492204
0.251097088847344,-1.35772206705499,0.994170230292134,0.0685642509355788,0.565558628985185,0.215995234191414,1.24352939921977,0.618881517562001
0.462293465941329,1.14269781676707,-0.393873589955096,0.887426250052947,0.238363063371038,-1.88694502637764,-1.40559496859149,0.573922969767563
0.844792223223237,0.0978270374471885,1.45176227538026,0.951080448511403,1.03248241857382,-0.222474967148543,-0.108595208073463,-0.0592543493236677
-0.0419715243215621,1.46502102859676,-0.834997129573646,-0.132976015348185,-0.119668931650165,0.0333230245886552,1.32223810004249,0.440754456732085
-1.10557590570003,0.990435852724289,2.0014571533496,-1.28558425906626,2.19936886717889,0.521015299403484,1.09395059901674,-0.469499827946627
0.563775652330874,1.41438675072227,0.820293024018973,1.66116485621508,-1.11036754490388,-0.303496741811499,2.65885512692251,1.4457061985979
1.30336475581967,-1.33589776931334,-0.361525358178745,0.136576555971212,0.609595246340912,-0.0716673451347029,0.932081682893693,-0.189731743416256
-1.50022093779466,0.579583638393261,-2.12565181990003,-0.464363828025639,1.61497564005001,0.323862095510081,0.000429353796115252,1.7190809717052
-0.606989235119036,-0.361821214298648,-0.39804944688126,-0.306423805718502,-0.458235767543502,-0.678816349575649,-0.979517374253281,-2.01419207474221
-0.292245065656577,-0.046852449651786,-0.347597923190669,-0.435812300530228,0.64513778072253,0.172945438450573,1.60024306625357,-0.465619221082173
-1.2896833433236,-0.599477471411771,1.44495230883333,-1.70782279922691,0.354673813449773,0.0626713482727055,-1.05892058845077,0.265222294431462
0.694105848774699,0.215104493222833,0.376236073898798,-0.171289220774238,-0.39083025551123,-1.39749428338632,-0.047595231899379,1.98122914294402
-0.599181902897119,0.093631485479041,-1.82111553207448,0.98881575178477,1.66296310643405,-0.510217510056079,0.240414830684713,-0.912998177774793
1.25690664397164,-2.11983441513135,0.272687271115478,2.28564205323546,-0.274454758984018,-0.223520627030446,0.00279230950344307,0.247220603916076
0.053508013627363,0.852443088824704,-0.942807734498255,-0.535947018691219,-0.804024231981152,-0.225769584836404,0.146426787673293,-0.685284761560921
0.728092517671852,0.15437457231326,-1.70089310223139,-0.189088750770531,-1.90964919877059,-1.24815506423392,0.432845890862033,-0.716927012679413
1.56109806821061,-0.971861640205416,0.9190367632293,0.657250840978623,0.915030190973114,0.780913761100361,0.134764510981778,1.0267279860638
0.26562475359719,-1.10142783592314,0.601705715750341,-0.167127618066899,-1.24184967554521,1.17773866489844,-0.517709243844794,-0.104272801416702
1.07672625920727,-0.690244888297098,-0.400022724222342,-0.536767000075604,0.57810309315294,-0.165727705545065,-1.57313111753079,-1.15059574281718
0.210697931679245,-1.58363492221125,1.43747168052874,-0.333439039169432,0.428729848357679,-1.18588662531352,-0.038712530699444,0.154146336105005
-1.51167352582237,0.137766066513836,-0.312205370263461,0.22290414826286,-2.44455846995493,0.555955544362117,0.41343687511317,0.412463868016482
0.022402259913625,1.50234395496283,-1.68538439471542,-2.2417021676314,0.128608884761761,0.541109738269059,0.151588539123615,-0.714246473164367
0.718136206042103,0.192881587148273,0.910952091072493,-0.642793087067836,0.082594661300219,-1.0307272496444,1.24520312866006,-0.297137692917189
0.48945701784227,0.527154734523825,-0.675000828576545,0.129506779309632,0.776913111507875,-0.182381037600991,1.40475233242432,1.36856703057208
-0.17388834587827,-1.48320629120238,0.137311566647961,0.500683932489197,-0.90815682218146,0.332948148113316,-0.809444056444114,-0.194912919128185
-1.2176994886684,-1.53920072330941,-0.923241797486208,-0.980687867797905,1.2633816465068,-1.2712587150435,0.914796389007062,-2.65570352891567
0.646398368709462,-0.896432886914323,-1.30445974873968,-0.598420796598819,1.04303175777853,-0.0721639458729728,-0.634903213556569,0.823978588210342
-0.91645602834789,0.721069979748221,0.441432625274536,-1.68698472183606,2.35261006818474,-1.68376234458929,1.33034010305777,-0.653249298758395
-1.25182344242557,-0.884501944686544,-0.898687030626516,0.462985502852242,1.46372990758742,-0.131167814670666,0.887565701170835,0.0570926700543555
0.594927718405501,0.558598525708553,-0.541572099750972,0.632984575305104,-0.839203996574248,-0.30310332397557,-0.449732879792749,0.574728098700597
-1.23281066518983,-0.218737504846289,0.72408190306176,-0.0741200109700842,0.073117019324998,0.0628943109110024,-1.89918731968596,-2.31283718061941
0.244364414906138,0.383623482386597,-2.56237882677918,0.0279615662680733,-0.546216020252571,0.730976319643202,1.5852725806132,1.71089690708243
0.00277218534359506,-1.03912011024684,-0.93721767452518,-2.51209948928412,-1.46505582033822,-0.338204591066048,-0.115128084200051,1.94366064783087
-1.32820968602556,-0.948992248570827,1.52956064823639,1.41348402080082,-1.85578909814832,1.83530322446138,-0.593476993433021,-0.852694483288134
1.17969641183277,-0.104160953983452,-0.00538613808929788,-0.303219537073222,-0.0152549423987138,-0.730199815172479,-0.60660916722971,0.964735915608909
-0.592804999148929,-0.208711102723908,-1.68318369036016,-0.599311133860702,-1.18096782244463,0.815840170295434,1.65640707049852,2.74139960200317
1.19997831633667,-1.78873019525217,-0.0494187800249314,0.0196621914579885,0.332511789914084,0.168304559225993,2.83900641777431,-1.06890371300686
-0.475033679612135,0.537084421086505,0.0454931089477718,0.602632304715408,0.808658521978863,0.50966135836141,0.538667910909182,0.795459216076302
-0.575057096150816,-1.94969607009284,-0.775870282801966,1.57368501672031,1.23664399818747,1.67660892209615,-0.458602176837425,-0.991732289147844
-0.031226024608499,-0.415234461553216,-0.685338106241904,0.388557997669753,-0.25551784212123,-1.05415280881484,1.1796234916036,-0.609426933349043
-0.358056995978456,0.0551296705930179,-0.0390248343539803,-1.12489626596291,1.10710029683953,1.02861422380932,0.609041758588243,-0.367110666244523
-0.356601077647731,-0.701999719088772,0.839742870342485,-0.0792878705440688,1.134187788177,-1.31407669297717,0.726080455102924,-0.177524950953235
-0.877664383433726,-1.40383903257398,-0.841408017043754,0.107542505679699,0.375830259942413,0.411492394241187,0.526615706938152,1.53851082220432
-1.21289712517796,-0.398823930892521,0.716228276161418,0.164244787519655,-0.543325018338094,-1.51398544465205,0.0181491166017665,1.15571703924412
0.613286618687034,-0.110421799564805,-1.86746565295771,0.98444414538532,0.952851288722532,-0.851345147684389,2.02353605055842,1.05963200782459
-0.806203341462477,-0.924078451273399,1.99085671970778,-0.0872647134232467,-1.86446468497409,-0.646677197235985,-0.121046519670722,0.454068958274964
-1.3764569299089,-1.35724300041576,0.771086495860009,-0.781784952604271,1.33878603987098,-2.08434807437396,1.28824332100776,0.931613182437265
-0.507847899163547,-1.19460448275129,-0.622598108012433,1.39261246235614,1.24573493095775,-0.36995612823756,0.0960846670364928,-0.177545228659996
-0.800935486737338,-0.528487779287787,-0.103594550359097,2.74527254374431,-0.114680055592002,-1.35344180399761,1.90612487023305,-0.514510232236339
-2.19278568567007,-0.45262688672095,-1.2325383205798,-0.3003651504219,0.253565796856627,-4.0432763494616,-1.27544362780073,-0.933609563084342
-0.290937149267675,1.41948519316134,-0.932907862773239,0.940070703439003,-1.74783650572069,-0.165794036364171,0.293335132186678,-0.920641636499194
0.167174121160518,-1.28568114451572,0.29751851452647,1.08241285926193,-0.683599416367063,0.668713089926152,1.11531194876708,0.889196195470933
0.294692356485688,0.381148939361978,-2.06452596044887,0.92009609256069,-0.456441882784537,-1.192340437913,0.215421108018611,-0.491823535297422
0.392741265420726,-0.417468601097774,0.67724922249105,-0.406215218754482,1.86626126780666,-0.623850640904733,0.192423012938829,-1.19315545817499
-1.00084371300082,0.092861420787736,0.83638305791437,0.664502336527224,-1.49962714359999,0.172197310159228,-0.0188329460317046,1.61843192006002
-0.325727119823434,-0.663584535776221,0.122243876490421,1.22705104515592,-0.97319118768521,-0.282016834114309,1.07816149052606,1.58959996746879
-1.00834880542884,0.802827389507556,-0.788249637189588,2.98890253663116,0.264459200381993,-0.421017802594533,1.7582154285271,1.16149998177841
-0.635431482033766,-1.70308264539455,0.633637015638911,0.399669065766003,0.250767533443328,1.23513537048118,-0.716876394770005,-0.0864197388756133
-1.20984068798734,0.153907072564843,-0.203293498180638,0.0715461512758006,-0.21650703716186,1.37721990807541,0.561394119332347,-1.65576691352851
-1.11646380065269,0.0260754999213632,1.77577501258599,-0.948678112117658,0.0458228027862371,-0.188259162910057,2.1256644574789,0.933039133665634
0.629881162575935,1.05586337908511,0.503354149677886,0.0133995953743361,0.777142860125245,0.592956807744112,-0.882061764130115,0.147620910756752
-0.272521570178626,-0.224467114350504,1.85994569369779,0.706013814600333,-0.316669894531928,-0.273363076924269,0.648122015908053,-0.64161607185898
-0.258841168378671,0.496596389373037,-0.609493045570301,0.665694316377917,1.08146249192327,0.143805794357954,0.339504682549508,0.0671122916057064
1.72955817989149,0.399633954636834,1.15305532248777,-0.906183125009281,0.779681058048122,-0.637616608677014,1.07111448031573,-0.369700124092115
-0.0583921654073717,-0.646912750685488,0.969349157258382,0.00476971504793765,1.74402366816904,-0.923182651893586,-0.698048805785999,1.03957853124579
-0.537063784608919,-0.0837627647875345,0.637303157074265,-1.08293551279599,-0.265195748903775,1.5253323545199,0.358836660765516,-1.33217104535614
0.74728669616574,-0.133621200009519,1.77216769250851,0.406418715411654,-1.04320655057155,1.24116324840409,-1.17416311727157,1.23260280234114
-0.487257835389733,1.11960385547419,1.17831056462201,0.0908270190452244,0.229612336723495,0.540781401462572,-0.296713774283957,-0.359618537597437
1.3729077814795,0.239220972582604,1.10070263616134,1.21517392458224,0.921544719142912,-2.24244584730376,-0.0830812364783176,0.648144485724244
-0.377672360646221,0.290602215857855,1.37694807585475,0.15063891156249,1.38650145678636,-0.564775239537966,-1.53351740853888,-0.746069735305501
-0.616152614118394,2.34360141841864,-0.717265373449893,1.00672183123613,1.94982855629447,-1.25468878737283,1.41394785260235,0.657658447420161
-1.16812505107469,0.4162981123864,0.688512737577945,0.590408986990219,-1.95117437976701,0.644182321212678,-0.218265518084316,-1.60179225102783
0.328640358591086,0.362481077869282,1.26810145678412,-0.849094928959333,-0.392496920297081,0.578019134612236,-0.15807630155854,-1.06138253500907
1.46651062744016,0.531682625476121,-1.87208877844442,-1.49130279627827,1.31480214570895,-0.630303979711307,-0.503605464297168,1.3228705573113
-0.356009545088913,1.54804223833981,1.24808294812689,-0.0406862486068376,-0.976139079085258,1.04302922344355,0.0260936284614256,-2.59098233911869
0.261467641877431,0.961488300605771,-1.07730040944452,2.19531483288217,-0.35928303894859,0.869311648802721,-0.160403064308042,0.691109368339522
0.333328855175731,0.338436178606463,-1.47416956665685,0.763238192115647,-1.22131075623623,-0.918747287532737,-0.761325501955756,0.013539168076845
1.42219324030954,-0.610953004269112,-0.102761252843793,0.523443744399958,-0.815893332005482,-0.0519297968936448,-1.46285031581565,-1.2277626599749
0.663876600666173,0.357052050410198,-1.71486614730381,0.639752697916849,-0.719335722403379,-0.0604166435787449,0.836536108716705,-0.552684511505664
-1.07365515569531,0.141508679877188,-0.774401637213465,1.28960951841132,-0.833088726930861,-0.512036163392253,1.08873887043703,0.261326370918767
-0.69690177466674,-1.83629134377865,0.847553967889695,1.68831239184355,0.558871198532564,-0.713611851448019,0.419578894745199,-0.174593747602822
-0.746130456934561,-1.54103104639384,0.0832352366570336,0.964284046069921,-2.11768370520495,0.396388043671953,0.927420744292568,0.44611917748551
0.141572872132219,-1.79438286441787,1.28508496858323,1.29184696326074,-0.00915811702647647,1.301628508886,-1.58509825686349,0.408432284767399
-0.00394722073065307,1.41451490845874,0.276044917953572,1.0349947432296,1.45344651101056,0.349241414133569,-0.709232568903492,2.26358064638121
0.367937501091765,0.618337891760976,-1.71114274542409,1.40410315391404,-1.36034882412193,0.892773151512657,0.162058833938407,-0.481010226712421
-0.657342914697247,-2.35045538719928,-1.14955002154367,1.157207222839,0.467797985222379,-0.938416840952925,-0.269688600640053,0.570599337165799
-0.376346670161052,0.467031586094115,0.159786319641181,-1.59933315934367,-1.16541075940947,-0.947689771200609,-0.708549671040306,-0.223242455444411
0.741360060425085,0.0638319381435125,-0.427212686915226,-0.751627165888285,-0.291631144963137,0.412082150494758,-1.07022134930174,-1.33692210908232
-0.0996067564484702,-0.256260441820274,0.907002203909007,-0.239148031041161,0.16260253780882,-0.89472821740214,-0.215147489798703,0.398314361218992
-0.654289878607095,-0.74452203825337,0.150898962830839,-0.0204756200877358,0.973932621738114,0.163582747798987,-0.00280279045602393,-1.66449058569633
0.971164374061271,-1.26902527654423,-1.10952726348854,1.96337329857487,0.235963106998465,-1.05681474897488,-1.24420566470818,0.761896131296457
0.0134963115683865,0.862628007930791,-0.548808731139672,0.389845579003813,-0.710992312644202,-0.387148474707528,0.692744074390206,0.0809089457036955
-0.916534667021545,-0.576934671897015,1.01878845500043,1.06658275219461,0.753500659456487,-1.10419719155812,-0.531407868515756,0.632270414271098
1.70968856126164,-0.13226734829003,-0.945412080328207,-0.271213134547158,-1.60385852173407,-0.180823780301525,1.3609065501385,-0.903775381950119
-1.16810098994666,0.586828100587993,-1.50031585307676,0.187356631287273,0.736754305503236,-0.588154204172772,-1.00477154070441,-0.343579302683439
-1.78103626015252,0.535000276997602,0.565164063059173,-0.179024547426,-0.979292907328621,1.07161836174106,-0.038730563793969,-1.01922734867618
-2.25313244856822,-0.393409936967253,0.182738767924744,-0.156586475829431,-1.15672761951264,0.406059213490664,1.55736798262832,1.03603012115127
0.6511259695467,-0.540609417209361,-0.796728081908326,1.78944297458623,0.107948495437492,0.00375429810012304,-0.179739884544909,-1.45447029406543
-0.532832625602767,0.259450915234582,-0.0461864850495287,0.308503977294177,-2.04076151797439,-0.819888617403953,0.60360285810677,0.830088844715888
-0.275559356972283,-1.17827876100886,0.15362674483473,0.365197009298427,-0.697073395973472,0.483284452109702,-1.0557630671004,0.293295893447043
0.289626972629046,0.306138478548671,-0.766624414368414,-0.0419215729776343,-0.821200141921222,0.376657300579717,0.736519057926846,0.902988843239603
-0.466484061790764,0.173481229120353,0.364753332338701,-0.598982530139343,-1.12415687101241,-0.602861572796612,0.395771856843837,0.25479004078078
-1.60806017494469,0.25057806717021,-0.693518969658329,-0.202515342264725,0.187475284117433,1.41634143485848,0.49930968868456,0.842987070121269
-1.94978379604199,-0.277924049161014,-0.343156152059392,-1.21438243722599,0.10759800583989,0.557233985013166,0.0431028384740737,-0.153724753230958
-0.340699918230981,-1.72473573426284,0.742849337934101,-0.0195263460837836,0.533813352946634,0.981241313239497,-1.14136033900808,-0.965370883783098
0.17472552733132,-2.00670494385569,-0.285537707961138,-0.754033536543343,1.72240118719266,-0.586182859025881,-1.77552088579994,-2.05753119193896
-2.27777756077723,-1.29180833046846,-1.66988367567976,1.18908758835552,-0.158092785951653,0.939170575553912,0.862290281679318,1.57503246044087
0.290524480947084,0.365838228483296,-0.264390041455333,1.51016674154176,1.9884127728209,-0.0647010527510453,1.38259009683627,1.2841553501569
0.422306357473614,-0.152203253908431,-1.69995439627627,-1.17039262434416,-1.82173825400601,-0.254425206969535,0.808550767214297,-1.76118537746561
1.29473736320671,-0.734094090076209,-0.526832813660561,-1.29392827357685,-1.71038749625598,-0.866952730365359,0.0184131279936858,1.0902429998464
0.164714018573954,-0.781972056981591,-0.637015796844457,-0.4850066524442,-0.998843015741668,-2.20755681026646,-1.14309916324498,-0.568193471732913
0.204953840800235,0.551567034812709,3.17451978428008,-0.0596950692064959,-0.266109649784755,-0.915434451420519,-0.311229263166921,0.517127551660568
0.604603626725806,-1.61084098443007,0.491205589873476,0.128079710548587,-0.0899573849279468,-0.244963878013152,0.280296911865623,-0.519629781378182
-0.0191407691689314,0.748176433090443,0.44201615873174,0.797932250756203,1.63968778719257,1.07624485172016,2.28990486335503,1.61042351389815
-0.0797143473788086,0.449296011237588,0.2001981832427,-1.01607550028687,-0.454475217840064,0.32010171779097,-0.337842860400092,1.33960005977244
0.115984464402805,-0.870062520443655,-0.529195211918201,0.246453295107586,1.04038427222299,0.128774651238429,0.798276705565746,1.13715403416212
0.744173364048388,-0.0977479313579405,-2.67716885487045,-0.638881930290301,0.170212943762884,0.107807598804449,0.20913964621594,-0.449038761016475
-0.431290603527693,0.893100213716266,1.8127119312971,-0.602284587925851,0.871729796800228,0.267518312575078,-1.17143940103145,-0.34777894802452
-0.499528951911234,1.35091509526625,-0.516250386678411,0.549106639701504,1.13090660356739,0.117860801879949,0.518609630984065,0.162979420427058
-0.865162076755711,1.4889703943085,-0.862041813735341,0.124094839861073,-1.83366284833122,-0.922703107616364,-0.783387049773617,-0.51446265765235
-0.957757283271874,0.371067212847268,-0.629968970094094,0.70955825469573,0.632668569216036,1.3241488968464,0.840911929031457,-1.15740502959293
0.326799971338638,-0.214473243512569,1.0749624618669,-0.823690362514076,-0.45493359068401,-0.333750414649967,0.799627180938793,-0.191823485602032
1.54737222568518,0.455494589939145,0.745689854002288,0.0867371535805039,-0.464623276288594,1.51370144029107,0.149392751181626,-1.06680826840767
-0.968859568864431,-0.258111110256068,1.32158580355189,-0.178418195109861,-1.07246000961381,-1.27135047708017,0.000547489367907905,0.328059872641353
-0.188440426259463,-1.00292375210412,0.279469141307329,1.02363816801281,-0.355605484483183,-0.581831197059014,0.284340979627303,-0.463574827757051
-1.03000116145592,0.844143482797941,-0.115006245548185,-0.0279217867481935,-1.33859995471257,-1.12694194928766,1.0918850020668,-0.323365654794171
0.908086441860496,0.694658775896635,-0.250234587572854,-0.796934682282425,-0.825345491938433,-0.0048156819449316,2.12856408203411,-1.6643423875429
-0.317381864708129,1.2610037476473,-1.55717429972123,0.718795641292891,0.00680755356677968,-0.0633951816460792,-0.896063837928181,1.70794852042013
0.179003966540422,1.66655928933767,0.25959546534259,0.525314007375558,-0.252292754750568,0.577965672636035,-0.796028825819425,-0.12859816010561
0.348028187729177,1.47185793808934,-0.337374377540247,0.815408353257702,0.745835235315188,0.596014389597437,1.91515831184927,-0.280155296530828
-1.05427902127444,0.78931570508443,-0.382965170050938,0.170546464220667,-2.2553819531545,0.0931160964476025,0.072124048952915,1.17473108303276
-0.104744288110701,-0.0364542711833432,1.05269226069953,-0.837658538121657,0.831941726220936,1.47207709177972,-0.464348613721598,-1.00568233846757
-0.228342617094529,-0.0912832766425019,1.21121347353879,-1.48539617991793,0.460062666962608,0.660833493529524,0.663002070340905,-0.72704058722928
0.675355562427539,-0.412862939041902,2.45369487222183,1.10055629584881,-1.30342519481486,-1.10830885535924,2.13924633175171,0.7194692842083
-1.23324469350631,-0.781061198320081,0.464927336754254,0.935247383136132,-0.49048901159487,0.164383504294622,-0.367610894915724,0.821332910642448
-1.19996154442278,-0.390092785411881,-0.0948498082529971,0.0386837713926043,-0.333634412425833,0.868405116363003,0.485325162480222,-1.71367355070959
0.765866576616108,0.613837622009258,-0.908331474152175,-2.39486002499437,-0.0412820141469488,-0.381963886273724,0.67306784096132,0.109575084814023
-0.588097861282977,0.384677020333242,-0.0333366032934899,-0.0962800575605345,-1.08843292682695,-1.12869574791852,-0.132015833723741,0.177157460911637
-0.660295829975576,-1.20565664981837,1.72059724640604,0.819046378256676,-1.2097420230348,1.34094617601788,1.34912023285488,0.173624473209748
0.113013522197344,1.19785122001404,-0.236251623660883,-0.491515207746877,1.78466153632359,-0.338365583682541,0.159562272708018,1.06639601312287
-0.320398799686039,1.29114126665685,1.70869864132557,0.311656277355361,-0.937492788337025,-0.554174418842086,-1.045886204342,-1.39864528528533
1.86638149693879,1.48307160252052,-0.222756799545589,-1.03751663263604,-0.846107943394823,-0.121123163412378,0.762897979099271,-0.396036314435517
0.259531455767799,-1.22359523581159,0.21033018312288,0.513595683432519,0.040215858227359,-0.305163389930966,0.893108170985092,-1.39196321181385
0.16156007091807,-0.41317463437103,2.48092038385889,-1.33149239997633,1.00998566187433,0.737743674805492,0.448171570450452,-0.205124211217674
0.931074909335354,-0.409580866212294,0.0271648423874321,-0.551782617082327,-0.96364897355911,0.446184090487643,0.589717348616817,-1.17363613236493
-0.0599467492596211,-0.451164718262206,-1.45270517345354,1.23567496959979,0.275889897187711,1.23996139324082,1.07526114123546,-0.24597639151792
0.0487397000774502,-0.564698951728143,-0.673642807416947,-0.222170154196533,1.18779031670322,-0.121436933394394,0.262930156602932,0.277911853908362
-1.07287540073396,-0.560010334496702,-1.05691633473035,1.42096085799161,0.153227527779883,0.134386670080961,-0.158511876436605,0.623187595419722
-2.29297143048067,-0.970558066992205,0.0898368491080017,0.365370199998336,-0.205099039495884,-0.539097975534415,-1.96172752510987,-0.17587603596207
-1.20720685006434,-0.56282354617343,-0.572289502826511,1.231845289732,0.34027481353123,0.631333497238672,0.602884658683498,0.0162963523478682
0.114109429797191,-0.332036443298219,0.378039438656651,-0.0665437632093838,0.1083312942619,-1.16437297973712,-0.630541071761727,-0.0528242047304126
-1.03329707910538,0.193650109749296,1.62382151287374,0.681059674782127,-1.01404802540234,-0.011308466983732,0.206480319926782,-0.403303919093893
0.688807752342063,0.605642856272221,-0.976293562011762,0.533263001279274,0.3099485199524,0.388978505458083,-0.563704417248934,0.0110402802911653
0.725083017674864,0.957873599425007,-1.0083744977457,-0.381406909271378,-0.874897682554739,0.713567497771294,-1.40247323330679,-1.54964335366383
0.217380210939088,-0.800818438984397,-0.256399512370766,1.59602543194098,1.93139896153195,-0.639107137790167,-2.34905314355269,-1.3982174416344
-0.201656731618378,0.0425486556052422,0.882816739912026,0.890507805491638,-0.891424160349301,-0.342514532842331,0.0792627626347567,-0.312841543653623
-1.36568986058868,2.33570086201341,0.376027123503681,-0.82457010254821,1.61151092407325,-0.503547625859975,1.22477426377243,-1.75013759326103
-0.30893760867716,-0.461867455821985,0.104450888453636,1.18924798131828,0.432780271135672,0.699140313608002,-0.0171236506178899,0.576032237477672
-0.452902886537227,0.740429906040657,1.57174942774957,-0.479534867181896,0.591040269271896,0.78027538068871,0.973047619452186,-1.38015146183193
0.663229144519792,-0.698344660682268,-0.268640998188145,-2.61804602409254,0.0125088324798785,-0.34518409678403,1.84584312983248,-0.102208550376349
1.3086295367487,1.06536890145562,1.84852188608278,-0.221847073936981,-1.39512667288427,-0.613165116128059,-0.795094723573189,-0.104684379384716
0.501040309894498,0.545516821338762,-1.51059647026223,-0.926637575506017,-0.0367244946864538,-0.278623234582093,-0.163365204408725,1.83129769624086
-1.12828853519737,-0.918209320243205,0.281061228694041,-0.407807008274702,-0.225819016130635,-1.63454045564969,-0.57711856749104,-0.968182383287257
1.67099730539817,1.02519134367607,0.90429346532004,-0.602296259309144,2.37280535501625,-1.56482957031333,-0.00559406465971612,-1.26566748620425
1.01035303245212,1.12573840290613,1.13865742762799,-2.44385774047663,0.388245697761897,-1.28600369442733,-0.815874379064887,1.62637607504638
0.223521215874458,0.882800384998406,-1.45233814369233,-0.502961774931847,-0.11378725959955,1.07977918892579,-0.986675254620985,-1.78831697013842
-2.20648459320962,-2.76807861085069,-0.626353321542115,0.962870362552424,0.0790244206973435,0.787506217181619,-0.344277265636899,-0.423717689213445
-0.954585618553158,0.143826578856264,-1.93207557597691,-1.68492017327728,2.07653630553866,-0.893144667286092,1.11019600855522,1.01703939414181
-0.0685730672102366,1.5198831251518,-0.239061590311605,1.45060876612427,-1.61037814117329,0.647863148982519,-0.720368943543974,-0.00570082755923588
0.76130590156527,-0.171316078021067,-0.500271500433461,1.52951689120498,-0.0816089549525235,-0.259310619624767,-0.513392539558846,0.138688667697296
-1.17990419995829,-0.658144999317951,0.987471730369109,-0.947020586730197,0.151302044293491,0.408685781071806,-0.419507562530554,1.27332613812943
3.21119895676729,-0.154294602086388,0.415421227242454,2.29465825850715,0.286264937430229,1.20708858057542,-1.3027887505442,0.552194515419489
-2.55382485095083,-2.3830393163367,-0.29611631915228,-1.09941501918092,1.38049495753901,0.222714815637623,-0.74226843745593,-1.30292839394106
-0.235933949334065,-1.1382970912816,1.36222173924555,0.143670976702823,-0.719604863335067,0.796996414836138,-0.88118165257525,0.175284433200629
-0.259562643261435,-0.0872555328125386,-0.144296461718731,-0.394432348238862,-2.0388385537164,0.781283030956976,-1.28755624843177,-0.79898219309131
-0.663366916619193,0.835326720644202,1.31572787554448,1.25948661179934,-0.527351130718042,1.25829503406056,0.136641603019308,0.69355632160313
-0.318990710826149,0.212110868191506,0.666610766445118,-1.25349459868026,-0.792470215529959,0.96426445137801,-0.295042632761062,0.136043603527821
0.742395157572315,0.641346301404555,0.661363775992788,-0.461954577916793,-1.91087336694802,1.04841344333549,-0.460092570229478,0.00180081330609701
-0.874292675785773,-1.0321009677859,0.906720372580947,-1.48844389104682,0.195251377280688,-0.529304005671826,1.47126079623174,-1.89871528790139
-2.08281376630328,1.4857706537531,-0.620599459294388,0.838214566189021,0.133217369348313,-0.228969366866721,-0.474614305732952,0.555439783850574
0.0937679028102175,1.19047624727791,-1.41157628682664,0.57237513194415,-0.946696952107715,0.699936956170098,-0.510635306465041,0.309181367380659
-0.00181981200279561,0.617226731476436,0.810244286891991,-0.129107508148844,2.14671447292115,-0.15577375906181,-1.71128936258582,-1.53486387733373
-0.013100652371574,-0.172938324465871,-1.30099800324336,-0.803988673422418,1.4640487996602,0.811972656317475,0.908954781393135,-0.737434216491385
0.667968074558104,0.861580440756975,-0.903611801788592,-0.973259056167225,-0.624637239926145,-0.233190492158711,0.269344404698532,-0.558420134073196
-0.0131677029521626,-0.620085924544441,-0.218743464648836,0.0916671567997696,1.33654739482348,0.678517989796444,0.0874238032728852,0.61144531869289
0.776047030476303,-0.878213047268405,0.564587997180924,-1.39855532835217,-1.17393037442291,-1.66993471997132,0.589719534899914,-1.56854035678317
-2.01073533263526,-2.22859514687621,0.609256391771582,2.05728369985151,0.146820701379825,-0.413277305792081,0.513822170660601,-1.27784391741536
-1.1281804949718,0.193263225267502,-1.83602086878766,-1.10198624116492,2.27716067027763,0.255318793889251,-0.793579858097416,0.420380307362532
0.34879957158572,-2.31265671694031,0.244146609668066,-0.0741207330096798,0.929886408304686,2.30472386125229,1.51071536537814,0.0245041804712772
-0.352898482096924,-0.0243337921357311,-1.7713618338249,-0.599930705397576,-0.388098051011183,-0.569929370468553,-0.5036596172988,-0.34315418069313
0.944774597917623,0.441340589239052,2.25061026945178,-0.259277542615363,-2.16548078842393,0.566498175468524,-0.725286200490453,0.27069565330982
-1.00471985252646,0.789576753769568,-0.943008853792748,-0.0800452087853731,0.725557957614508,1.31761808547334,-0.742536777630376,-0.251674208030868
0.723902732496846,1.02181962668272,1.6868894561962,0.541063018196555,-0.830307381264326,-0.763537545367098,-1.77506296396849,-1.81737090808017
-0.668832740990364,0.615261159537096,-0.338811926433357,-0.827200700837816,1.68069936600971,-1.55556747990824,0.608562155871516,-1.1971138201119
-1.1130401937158,-0.859577856168591,0.620713591522164,-0.971392457482621,1.3137644988747,-0.477759989378903,-0.543593376216749,0.486200090048024
-0.342805189366945,0.890748976368977,-0.802721086857398,0.787895160523123,0.351377191638118,0.54438060106336,0.536539419661682,-1.16123128466551
0.0497793231687396,0.0632747474874033,0.116593883188853,2.01158578967806,1.41019374903306,-0.928493016680416,-1.67808459924799,1.44636812770923
-1.22768196152554,-1.86466105555997,0.608067392089781,0.719118194619255,-1.53596141477142,-0.706494967188103,-0.486006558189213,1.48276053917907
-0.764005910827448,-0.1131368509232,1.52794183545539,0.444444322327806,2.17360143710984,0.709500922701394,0.227388394629903,-1.47089032784792
-1.24618206161788,-1.78338637587516,-0.627075993917891,0.188869109052605,1.61774115014025,-0.0152057006118444,-0.860110754800182,1.0499405244276
1.01677397775977,-1.05349044072366,-1.56426674597898,0.0771917022259067,1.22973346439395,1.23281957654683,0.992735230224387,0.134451921681074
0.723612624058863,-0.619354677304664,-1.22558199882339,-1.92878912192965,0.466904617815637,-1.83976419144613,-2.25848692627842,0.253239472158974
-1.03252713710511,-0.586938576519139,0.125967165114114,0.572396893691075,-0.808583405976713,0.0749859053183714,-0.288769780059084,0.0802711764118318
0.557346004122758,0.926975731943589,0.259330821064604,-0.504092170196848,-0.481575258908435,0.0146626388254975,0.223975778497861,0.360091028524564
-0.255581423099522,-0.0654058453375009,-0.275286508832528,0.298275164165794,-0.40355415106761,0.7267207114139,-1.16169603582747,-0.3991777696535
-1.11339175714667,-0.937111758775164,0.0497672155096357,1.50269854212028,1.35931062031207,1.30700634420763,-0.738727222102864,-0.569121809144394
0.421197439614804,-0.633859433761416,-0.310697724950738,-0.138564465090582,-1.92370812930642,0.802647914284583,-1.04037456084752,1.74534089150548
-0.322950311846374,-0.575224286015068,-0.421435447880268,0.581056511314598,-0.325668059645363,-0.577788009550133,0.164000164855368,-0.873796427930589
0.880179901191522,0.188221041759335,2.24620779511287,-0.710107574329743,0.564320947711312,0.368098982343623,0.685866507830695,-0.70123516337699
-0.194863606775901,0.539655974462932,0.0866573729924924,1.40706683376086,-1.69904504040224,2.0342611085669,-0.900828191057332,-1.1171788176967
1.18805498210378,-0.420884069657012,1.22351387547554,1.42853509534363,-0.532953963667761,-0.46625720726422,1.26913765119561,0.280453242801975
-0.509764511767954,-0.339466559977085,2.61823281991171,0.772441783032171,1.57926677333114,-0.658332191823965,-1.06301502215539,-0.628110870705455
0.219548010873294,0.518080388363255,-1.32538097725393,0.797725022565042,0.169913878585152,0.481196186532184,0.665511618640513,0.0917840248286251
0.370294421364558,-0.869387621013225,-0.137758822174659,0.296590308667897,1.12044873084659,2.41574678644426,-0.221375032833892,0.311142464947678
0.279108393730607,-0.160670914154826,-0.00266898450538929,0.377294511198291,-0.0759696459214544,-1.8782681182574,0.423064827910537,2.46961800460517
0.201942437313324,-0.142616786605041,1.20590945018439,0.500586036593106,0.921370698373332,-1.18090702390926,-0.803002567885799,-1.28824172285448
-0.0129965424313442,-0.765210967844204,-0.328449075698023,-0.1701444604447,0.560654327923194,-0.368174485740341,0.713504186367796,1.20948840552814
-0.0908650060774901,-0.659800571317015,0.314285567309573,-0.551333959150525,1.07235716267427,-0.806047806246658,0.575272437150947,0.127182661761134
1.36503136531884,-0.307405440413442,0.181465253704035,-0.303586949430775,0.0307934272965297,1.18267150293237,0.545988378356619,-1.21908832205047
0.908130568883166,-0.881927450206018,0.37478409203679,0.529529239210803,-1.00825319486967,-0.399965950446338,0.380254278455889,1.9474155717976
-0.609888171401906,-0.0953451587484263,-0.642525197682587,-0.385529572230861,-1.35857152556018,1.73432027998663,-1.12157851039782,1.3878495842573
1.39643722121945,-1.27596937307411,2.57545331864491,-1.92638338710271,0.761906154707767,-1.31151276703607,0.215500268310458,0.502306187123902
0.144798373308446,0.375584983964806,-1.14069051222224,0.739343544604603,-0.423054127792956,-0.0647714415416255,0.173128849786154,1.8533814737396
-0.640606771595302,-0.469230372596356,-0.309747123005815,0.235654540740689,-0.817313668250331,-0.111992025640943,-0.0424056106331143,0.339060323172888
0.169802259558534,0.79893320361921,0.416243047192508,-0.67613702358444,0.688527469023279,1.2436210020645,0.647336248645852,-0.291081815188362
-0.157187487420844,0.426288199258715,0.43153057070049,-0.234396797207434,0.391716244294925,-0.932374324525813,0.815376384244369,0.978449451165745
0.100939594546104,-0.512132013193506,-1.1691369060341,0.404792586245275,-1.15303953669156,-0.358989879390395,1.93957321701419,1.27088108941347
-0.97339415414828,-0.347515536975732,-0.150172391372914,1.6452840090843,-1.6788615510466,0.528530040590725,0.8072431523174,-1.82826411761928
-0.819825275253199,0.609392746386973,-1.39912211804635,1.07107386863872,-1.47789646815392,-0.497293383055432,-0.450085478858509,0.384873569805353
1.36291896902543,0.735464318036699,0.917339213683056,-0.606306600372966,1.49493990930779,0.989035512195167,-0.0686008192697025,1.07217521612871
0.961370930531278,0.476708560673323,-0.919625545674867,2.46543895780787,0.457728973525768,0.378355900939191,0.0683556724499054,0.542743786233643
-0.883724474401114,0.328285766781953,-1.12619356163764,1.29707345786367,-0.271607998545952,0.517431070756774,0.878275132515702,-0.294695520533639
-0.900092115436322,-1.78126747525362,-0.00583503886139956,0.488910050373438,0.521274049242231,0.0831441867769699,1.06817838913078,-0.554143644654009
1.72333313279683,0.119396421345399,-1.25613298158102,0.379561016004508,-0.0945048756362431,0.841143682369222,0.306311871246693,-0.338227219690888
1.90904216212893,-1.41829537201652,0.21279147402541,-0.494899479670209,-1.50358606418186,1.9378725395687,0.124155264909709,0.184664918048232
-0.777141195855263,0.076034377653877,-0.555619629469677,0.542065486479523,0.873050208152991,0.161750676050909,-0.282213777450804,-0.318313437852436
-1.30230526261311,-0.660833242210851,-0.628310089043471,0.66487153712751,0.946335903164217,-0.37360434480867,-1.62437623067089,0.100141917479232
2.62349516681868,-0.105506046058469,-1.59500145340402,-0.121892708410495,-1.34168424490133,0.00930519405372548,-0.11548071312598,0.594796329466447
0.229628914346807,-1.18008588758692,-2.47645049452256,0.461896904728203,1.40866044720104,0.244431919209213,-0.000778564116068598,0.746553804540812
0.186749892141885,-0.164359186462737,1.11029541174685,-0.863652469560376,-0.142838869342299,-0.00590728973199699,0.0581158830320036,-0.14962540263143
0.0761366349502805,1.5194407743176,1.76051759457602,1.17209487605869,-0.758826590580522,1.88147014046903,-0.110051205802714,-0.947911633725148
1.40486018632133,1.82516507817365,1.25649974649894,-0.0898482493896153,3.24797626707425,0.179036917601582,-0.214186327361549,-0.08338177697476
-0.191722235336317,-2.48863985015353,-0.0815338980196429,-1.82788398254823,-0.17121166762293,0.157005609319302,-0.839932974049274,0.0963961694384015
1.45939216415609,-1.65432225038973,0.147271584663551,-0.455205892352482,-1.69090726564083,1.97288314248152,-0.703193582667488,-2.07512834878038
-0.220655451134541,-1.42085528137192,0.354597559542375,0.272339317206077,0.0956590770760644,-0.156484433738328,-1.76947279867597,-1.90124396460405
0.50514588627314,-1.27629656625184,-0.337141103361032,0.607610914483794,0.610150610674171,0.218733381800242,1.75002043643206,-0.288072331923902
-1.03349700607288,2.07910079937255,0.492653951656481,-1.15576960324232,1.11728726231322,0.997256923383745,0.434740068205588,-0.790005827494737
0.17047347145922,1.01553602068229,0.829866793583872,0.0569536657454247,0.381153897372331,0.0995284714794064,-0.714351097980595,-0.47306711646875
1.20066816089193,-0.109612816175039,0.947611539603209,-0.100914400619936,-0.112860727193888,-0.204202834629546,-0.476020146227249,-0.678643783317003
-0.163405914765736,0.981518881029313,1.16542883446602,-0.476390204860624,-0.577040773902973,-0.444161143277891,0.514731695183799,-2.15179132463876
1.28247586312264,2.26134720681062,-0.421166366290429,-0.950051574408086,0.605475183945568,-0.767366779251089,0.468894624779429,-0.277011815604769
2.72719638791127,0.637089923803561,0.334602756436989,-1.35925534448218,-0.692863419143554,1.04938714590671,-1.23712270355835,-0.429282096916734
0.941924217330924,1.77553654284699,-0.106222654973173,0.227434158187342,0.902437123650011,-1.14590407385619,0.448848799991651,-0.335729802532434
-0.248614037279559,-1.1475015474698,-1.28708648621814,-1.10869298062195,-0.378789769740132,0.135651968773849,-0.257591858350226,-0.757612457253237
0.0964788597064851,-1.07932259375455,-0.908059860049952,-0.792064329484375,-2.0961341639858,-0.306464771118655,-0.716622222381522,1.39355553591775
-0.433930941301739,1.06794985879243,-0.283935748679001,0.775830180945342,0.83033286049735,-1.4288390149676,-0.224916825889143,-0.413150249755802
2.17866786745157,0.89175319136426,0.266592458399183,-0.515016505863068,-0.275816987677016,-0.148672016294309,0.259962332667348,-0.696178466252682
-2.95877961913012,0.870096509939708,1.22431930895728,0.310196948333655,0.0255333921255794,1.02096140026183,1.29422011951249,0.100472417611968
0.0808882391991137,0.48576246486856,0.821525526825726,1.02688876308036,1.61571045374792,0.40047120231437,-1.54675449803741,0.154790316169095
0.110137804617221,-0.471093692846051,-1.24776679226202,0.207645142587312,-0.174177383301955,-0.769094115554206,-0.913129293459895,0.408857228951513
0.213448326312653,0.949629993820546,0.601275013858363,0.077839334291833,0.236245594300553,0.620225568761584,-1.77728039355778,-1.71932320367149
-1.55781961263232,1.84772759129207,-0.908752216129051,-0.601473088580168,0.149506254228635,0.40449976019752,-0.514116771923413,0.889082928663199
0.216211546257758,1.24040742887073,0.900344887747296,-0.764501945443505,1.53559364633476,0.103144748122689,0.833346947698703,-0.141385257614985
0.18766381702644,-1.38081421835124,-0.953871513946094,-0.865204839546204,-0.309786340199066,0.299768371502855,0.988101542920169,0.187739855601328
1.2586221252136,0.474676877291482,-1.24089171441291,0.354686155682594,-0.801833900998158,-0.539121737297843,1.27010910187663,-0.379647769081815
0.523517780908964,0.0123463579876949,0.0815500958017237,-1.86214819737199,-0.739814957563108,-0.697930117448539,0.607066445603799,-0.45403416182632
1.11545427747996,0.0870999372857267,-0.813076911449766,0.419568829487478,-2.0972775398479,-1.85798865213671,0.706952562726033,0.370753054514438
-0.95750224217047,-0.182368193763325,1.06478465880181,-1.17693365754157,-1.86893185753296,-0.793252349314638,-1.19542667066126,0.285219718160198
-0.124405579855432,-1.26567026582532,-1.04901921849595,0.171173448858464,1.30201003052229,0.15645726571073,-0.548577548482669,-0.105072242850533
0.191737829049968,0.331283912940739,0.516009325167413,1.26606917740873,-0.0533840814902074,0.0219700717006836,1.28119254857668,0.580538688590588
0.272217250603347,1.35172863098665,0.985746984418363,0.515227938879634,0.0762112705653033,0.430286204885472,-0.659647705698493,1.16310200452063
-0.693814463673255,1.63656573626269,-0.35165697798206,-0.272150175335622,0.230574859670521,-1.35230007683272,0.467290383839217,-0.921604084255356
1.47917192085213,0.479932228852687,0.451749228471749,0.314766217809498,1.20478222485535,-0.303520145117042,-0.532833487500097,-0.444349825738092
-0.611767021642771,-0.736315911257857,-0.593572178730932,-1.65668417491622,-0.276830366601452,0.0230691200835892,-0.37234571287321,-0.159740108053329
-1.61430997435935,-0.583016619413601,-1.13649526825212,-0.552661954985865,-0.169346865225017,-0.791248852860959,-0.919612949929225,-1.26967172016103
0.402490110590671,-0.611431981951386,-2.33497178127181,-0.268666472042434,0.934195590398397,1.04944877144129,-0.265758200227637,0.906046738053494
0.664555447289484,0.603350043610892,-0.926597259630885,-2.68089203175411,1.12537540421159,-1.2633457030738,0.139321338362874,-0.0554629700133174
0.944127070994937,-0.235763339357311,0.395171601492927,1.76506855185261,0.978532301059754,0.542227525676579,0.237514803808313,-1.19227455734903
-0.946260797708288,2.90421609162339,0.0741714005493914,0.328554648876665,-1.15867684625116,-0.62431867524835,0.263740571490308,0.206004014801492
-0.248288449238896,-0.268291279315417,-1.05649333360304,1.04800709689384,0.199074354971012,0.200851398221498,-0.0291741608785365,-0.226289372809898
-1.32843646853908,0.148092848403041,-0.0775545035183967,-0.0207645518372601,-0.44726207937631,1.38722885135768,-0.11019667312606,-0.510040208770895
0.844763742098917,-0.206794982835284,-2.41603024212657,0.483833682725908,-0.451920985640524,0.243517868734769,1.17407140690334,-0.742517843802899
0.347696732438648,-0.642560138451547,0.809519878482719,1.9079589147774,0.28557700622064,0.0284757699639452,0.0360072467924629,1.88900614502779
0.913762586431107,0.847571823884568,-0.869749853294244,0.0270725035924755,1.54504757675523,1.79246609759573,0.163997455569136,1.23365354951632
0.608274553380681,-0.527572126400654,-0.125077441843527,0.311601071206303,-1.71829601970729,-0.346699995404753,1.43446512207648,-0.567151829091417
-0.607547987804487,0.00237075710813171,0.411151618784541,0.54486313129866,-0.838670493571389,-0.342527330431329,-0.653949381849372,0.253267494634647
0.179658070871844,-0.281880233551283,-0.850435305046767,0.380849055646667,-0.0258026434547176,-0.186406567312828,-0.888366120939894,0.180730897333885
-1.90840941941738,-2.8284746523873,1.4665510712084,0.641074999539806,-0.382778175177067,-0.0282785515658435,1.13669815403594,0.74375120884919
0.502946257689095,0.650930316327698,0.306878543209711,-0.235946428663467,0.850930831269339,0.641987653817427,2.52893946796267,-0.482312886709389
0.968899153478499,0.157759171113334,0.429680832800053,-0.311749390401156,-0.199122127224348,-0.730193882289085,0.12290750733492,1.6871231233478
-0.875737125773327,-0.853437022665369,0.810377064747989,-1.15662266773139,-0.476712631104831,0.721285780484933,1.17776019661479,0.707043199374492
-2.13602453869801,1.36310008597407,0.921172911124199,-0.334276425827971,1.41342071773614,-0.552765920150596,-0.772218374343613,0.626843131017296
-1.52282758158501,-1.26289617117116,0.544807883194691,-0.416751365438524,0.932531256986277,-2.03118954796387,-0.477233018327992,-0.427702933580604
-1.11311820788607,-1.77794654572074,2.36959502355302,-0.576274860540099,-1.01549683212197,0.0287908509394819,1.08395665780603,1.01444645009556
1.2409838955359,-0.686919645075559,-0.603094261358911,0.507011462510784,-1.7762186301247,-0.495298369135247,-1.11043088496838,0.692040254385161
0.00348193506299025,-1.18433552229326,1.56083962675,0.294197761772827,0.234330483252677,0.366231228660658,-0.984296332129436,0.628856096934036
-1.23779458599307,0.789677301727648,-1.35383614798257,-1.0834104076964,2.40048630306187,1.4445867059098,1.88284631141521,-0.738631816259639
0.555699118898025,0.0859637709502686,-0.508004601076342,-0.424363568579712,-0.491308837336571,-0.967725194146562,-1.59655496176875,0.326252175213458
-2.1831493493599,-0.370061442579403,-0.478311132418979,0.255939264181965,-1.38466306172485,-1.80961984819086,0.867293655539371,-0.140899848287149
-0.247024457097248,0.00933636704307702,-0.898170282231573,0.348409277694668,-1.07340794199321,-1.53372645901299,1.25302803257986,0.058252553335819
1.11285692758645,-0.951059591672823,0.108274523745864,0.114131821276163,-1.32639373872483,-2.72927384443907,1.35649564380028,0.106277779647448
-0.341673237009086,0.181717711397805,0.649879562609338,-0.606208464561042,-0.346551727663089,-1.95711352315401,0.1141948295279,-1.284866130045
1.30543834214107,0.190339844032857,-0.820473392742007,1.67587348031072,0.968567059976137,0.749589731794289,0.285246304556635,0.268969762062263
1.79532387144079,-0.0717387693981193,0.359761528557581,0.458351194891028,0.310528190885888,0.739793826167664,0.418808766162296,-1.32423393920225
-1.16783522747345,-0.00285171005059469,0.633324928437982,-0.608973926422281,1.02525679924667,-0.556190203046663,0.414937177882562,0.217218133459882
-1.15228762498202,-1.10821896191248,0.0978159188655356,1.24388746890905,1.17254010185089,-0.581568900300809,0.0169628563097521,1.58550621776584
-0.914455469345649,0.935191767373595,-0.801183755949992,-0.417240199159802,0.239679202267322,-0.328775912882547,-0.52947733249956,1.16682135403711
0.528728032533629,-1.48583945173733,-1.10229315336733,1.68909025314131,0.3589113004433,0.955742121939445,0.271497055741875,0.375156586432909
0.835078927048582,2.22854189842651,-0.851657012572341,0.0300191965400803,-0.971462476042137,0.526397989879095,0.919316882973508,-1.06146120474173
1.20913697409153,1.6241352225378,0.519418173048002,-1.05539227988081,0.665368670209857,0.313762025895813,0.300959916492575,-0.517968963777361
1.29947254536082,0.519764625253335,1.78231561329573,0.442194184146143,0.0823020794803028,-0.441009365710698,0.0716833419617025,0.0276021573359293
1.07573230420989,-1.352028636762,-0.600027010216181,1.2344811616459,-0.774157497495007,-0.461021116736661,0.00180619135479147,-0.668217395922415
0.939801023514297,0.426123827628841,1.47202881872208,-0.806793160374736,-0.341511409153307,-1.4311700712015,-1.36016037288118,0.0603280896607072
0.163374693406766,-1.66318758520667,-1.03754711208436,-1.03761187293862,0.208418605076577,-3.12055136250136,0.898972910996147,-0.968896720814476
-0.888138558640392,-0.269943621830999,-0.571449343788699,0.281338992795805,2.42085837407582,0.108412986828893,0.315397473018373,0.528411006490103
-0.726160982756351,0.790790959773878,-0.0767891104349022,-1.8380879472145,1.28117370200023,-1.69074383926491,0.469810635829015,-0.120856741877738
0.407597005613739,0.840608638772999,-0.429972380474222,-0.327976346867035,-0.916198556645638,-0.668052602334091,0.306203919712856,-0.725567695103597
1.68353633925179,0.0329694848504644,0.178345151589542,-0.575331411843572,0.654384936126375,-0.0924537213216292,0.108936884554688,-0.736013620743042
1.70597982356461,-0.238163753848546,0.834921341167059,0.659639611766684,-0.879067844385102,0.420452061319529,0.658894242875113,-0.40103880174551
-1.92616670082608,0.263552286150818,1.0466507568352,-1.8434448893338,0.578914765751469,0.322152468084,0.895736124669119,0.214489025340563
-0.833998015228465,-1.59178517406521,0.762496037757118,-1.52287546338822,-1.24963375411121,-0.501200012892865,-2.38226813236459,0.14597845102932
1.41913251633319,-0.376235068846935,-1.50551867529972,-0.265682623672842,-1.42867388187052,-0.630292670347303,0.609578643588646,-0.132980990964104
-1.06410971501924,1.81252714991038,-0.590709411561947,-0.891136863522718,0.181668431619455,0.802463362665874,1.15347849472379,-0.8463709995768
-1.61357747248045,-1.73809968261789,-0.353384418087923,0.374954755730091,0.917750748735086,0.83344348914791,-0.42515875735281,1.23627692665041
0.599811088697427,1.62911115074531,0.69327791161614,-0.270247085865336,-0.926989132896599,-0.945840996860716,0.852592016365694,0.27524326190256
1.73296470538705,0.528105441488507,-1.56587278497252,-0.571192071610369,0.94740001114215,-0.940465404766421,1.5576933759849,-0.479729670498259
1.93450456245773,-0.360444186597554,-0.677897326851043,1.45087454017081,1.24520173309829,-0.0896883266638028,1.43017107997593,-0.124192940390542
0.532820575670794,2.23761689061182,0.665215998411031,-2.07041054435924,0.657146958722632,1.55203033506458,-1.46603388407207,0.512799742234175
0.719665756019785,-0.0401996174749625,0.95524504180699,2.39516716185455,1.11750860737188,0.105767965181437,-2.82674233434952,-1.79665723264246
0.560093385755184,1.894125331564,0.291004470673687,0.230249637780521,0.112077737052975,-0.666332382118712,0.130553151342126,-1.24731492975648
-0.018086931659967,0.024804649937664,1.68452398458178,-0.726893104262331,1.74601902511469,-1.12340548064392,0.515712545360453,-0.935989936714891
-3.37173908255051,0.553425403100445,-2.41416486207894,-1.10444665022195,0.945330258814888,0.199538645006942,0.463202389449293,0.858266509978762
0.760703244759755,-0.574350945442218,0.229897633620541,-1.06621061115724,0.20915938099315,0.250841390106468,0.858264511293222,-0.198793899658748
-0.39122685224321,-0.928337006439504,-0.0680445791345913,0.715481491168421,-0.587103808157804,-2.04501459349195,-1.40857715691337,0.674168561492842
1.00990122381185,-2.00042544129482,-1.00173505397238,1.0160232041479,0.180185255608757,0.714345472390602,-0.506141767167645,-0.434687116064706
-0.626973147073749,-0.622068696299165,-0.560015463091365,-0.699008020065035,1.23020512659227,0.261636378296436,0.779754151221148,1.25573131815594
-1.63457736950186,0.727145566485242,0.240568027183605,1.11827526043437,0.66230775545463,0.919232415958221,-0.822956765902632,1.12201828093186
1.24524265203048,-1.10218330324535,1.21394151451887,0.225997274235179,-0.681924463915033,-0.111085124849647,1.07839845254725,0.332895937943801
0.181377446555404,-1.15946277085336,0.252358485164026,-0.625930925461728,-0.819868994795369,-0.591280703578256,0.382248700001861,-1.25939425168462
3.4953042639856,-0.43890563975272,0.652414104692385,1.33093703645417,0.53628060461409,0.121792667787987,2.14964609621702,-0.233721065326032
0.915591913326913,0.159134206763553,-0.928892644960027,0.755160164778093,-0.982289244704394,-1.00204568129956,0.249207912200566,-1.36708191274455
1.04850651742624,-0.49460068553302,-0.444693950906624,-1.24044740450407,1.37242554829105,1.17914140350404,0.0343106407207825,-1.57571036148877
0.763824936934856,1.21236784558103,-0.0393421854237676,0.841632104460084,-0.0455041489403703,-1.32472765032805,0.58438973017122,-0.832422638752674
-0.603387376859399,0.292632425911828,0.143080057160209,1.33704706202603,0.192784346361948,0.244986976817036,-1.49067674970949,0.860856999147938
-0.370429662702776,-0.0360424610323628,0.529199978876831,-0.212640070558653,-2.1822274243906,0.393352741577617,1.0037553749968,1.13903002227654
1.05982593833365,-1.10261610256618,-0.185558488318001,-0.591545913982333,1.30809643997292,-0.360799227232134,0.71112462792377,0.241690423408886
1.05511052983939,-0.935640286949069,0.766675058621243,0.798984409532817,-0.367017437519287,0.301534911703016,1.95869380190683,0.661608506985472
0.582972161120319,0.460837326820304,0.264323015982099,1.54910827672268,0.826957372387639,-0.779709946467665,1.76522035266323,-0.759546417081567
-0.986567435539539,-0.332363462610624,-1.3558222763288,-0.449885967076205,-2.05058792060247,1.64683544353442,0.15705267102572,-0.183189410085654
1.68462181174398,1.10616326882244,0.359071548321692,0.437068042022732,0.541714471077935,1.22046743957188,0.42709693811725,-1.24874038565124
-1.36684104568263,-1.63369360485113,-1.70825283944633,1.8095190179863,0.362989017619705,-0.533246552591227,-0.601797387685357,-0.171801159201968
-0.433214348611114,0.335192800595372,-0.635928277355224,-0.242786464324929,-1.59157982443386,1.26298929308163,1.46797644059708,2.23013959426272
2.32505849371513,-0.524657444990143,0.290433348159067,-0.361860427127746,0.172832277745282,0.178576171234217,0.0772625491420672,0.292105426027693
0.524122181151092,1.46337107530221,-1.30379423270979,-0.672434404914734,-1.27296365461163,-2.4990998221438,-1.08040221340193,0.132024709238839
0.970733416408591,0.427178041986581,-0.114100599327674,-1.0826704624276,-0.867895426304398,0.72564847924437,1.1328586434584,1.47631986338904
0.376973397152614,-1.02512982017635,-0.092962085023748,-1.35625188887867,0.626321105019614,0.370497437715745,1.04704971238451,1.82442392722692
-0.995933396542156,-1.30805832132281,-0.122560626447375,0.593281971433118,-0.105630641120218,-1.14082737709871,0.904947285712599,0.0601978967432461
-0.597482913048045,0.229601886628634,-0.883310771318462,-0.29203559590948,-0.256321432943831,-0.230037157758182,0.962616977587271,0.921580411597352
0.165251423080152,-0.307021277811913,0.600169469401305,-1.41393186361165,-0.718732416592086,1.30835640773718,0.744504127915956,-0.717740823210806
-2.92847717857757,-0.0838330995421848,0.717134365632955,0.51275917033726,-2.02013711395902,-0.0755554355015029,1.03595866825818,-2.1507897249857
-0.847914226578549,-0.165731840611065,-0.390874782474331,-0.604524842917402,0.389613011526456,0.738430066256545,0.236377049680392,-0.10103625070705
0.798584512223446,0.655012558663501,0.427892517086193,-1.71338042520059,-2.39199218106854,0.668042622766183,1.70747793780479,-0.557869813777368
-0.298455987965219,-1.07483472817753,-0.837105234296302,-0.666540633304246,1.06256584817741,-1.03083717931094,0.408078858348662,1.08015283507951
-0.283611376945371,3.4709096034659,0.0225598675334932,-1.06934950358275,0.168675720197015,0.357704430067721,1.20785739013857,0.971827612299449
0.869519306648764,0.294080892384017,0.760060847485706,-0.0800493864182336,0.0977522084114628,0.493775752672003,-0.610341322921533,0.504939805106566
-0.544355284698977,-0.536373846346391,0.245713332088109,0.748247344948633,-0.474229399614807,0.446292154820742,-1.52299777600701,0.532999119311195
0.628803235377603,-0.144773495445704,0.14139134685168,0.992287348258555,-2.13362582106398,-1.41776883035419,0.471571369861478,0.425906246687258
-1.42233445794539,0.542130527840553,1.3405773256748,0.487005333676022,0.48090159684635,-0.347135864716089,-0.725117403570943,0.145497044958541
-1.22751263333428,0.634175193192409,-0.749105637416039,-0.773574527345658,0.306284684669853,-2.30529298030137,-2.51400541469755,-0.0946075037671126
-1.67410551574443,-1.77485606890494,0.776584537569481,0.484279380891144,-0.391143559149308,0.592916013108223,0.385889951640937,-0.448033221577048
0.0843984822448787,-2.06613588468656,0.228181606829711,-1.07965145555786,0.277444707418614,0.382516543778987,0.76557191898882,-0.184587568387364
-0.2061256639704,-0.0899069094632118,-0.736400489379546,0.709756653395665,0.808839105454085,1.0599421008927,1.06230538222214,-0.212090123074489
1.44187164028206,0.836802178058687,-0.0704274811359867,-0.16400365294094,0.475159892914551,0.0186362389706742,-0.934087296893874,-0.391119991029738
-0.0417821033853644,0.166240833093532,-0.376126589747127,-0.406454687062378,0.654295387127521,-0.0979719625336884,-0.290702426779726,0.343378868726715
1.35375447776378,1.02552557344612,0.663223068581971,0.612738368586642,0.490071585434963,-0.234486246195178,1.76334322908252,0.441082029165391
1.94522527592283,0.403188458132936,0.410695883940059,0.35493597329444,-0.623101158735094,-1.02864350288556,0.578140882085169,2.44860201723078
-0.490938233708141,0.4115921198628,-1.83184901351771,-1.92351871398073,1.93595518155746,-0.309995098212964,-0.33102477563998,0.506829273879371
0.388439074944612,1.68018682802245,1.64842382136271,-1.98629922477166,0.558770239514847,-1.09408297557127,1.47956480020851,0.380120512234495
-0.84489325918598,-1.06210757323509,-2.1329179344463,2.06490401472519,0.377639956001761,2.5552478660352,0.28475692542043,0.391279927223269
0.73799036787109,-0.791235649678155,0.687006166808365,0.186260849628837,-0.331467081981958,-0.062414682995609,-0.773833073855505,-1.26743497069646
-1.07976033128386,0.388512274160985,-0.748761646665192,1.35214558584758,-1.71136805839676,-0.625995015786987,-0.891242825670134,-0.144665979721306
-1.02647387624363,0.253998499450374,1.06911275932534,1.42387183533754,-0.239671568134344,0.0404043161514382,0.181368434312821,-0.682364580549706
0.288793361578875,-2.18716829258598,0.396829329884725,-0.068415304889387,-0.472442654975625,1.96708898607848,0.869550999141703,-1.06774882238461
0.0908113192871749,0.537800433283471,1.38535325921297,-1.30213553388525,-2.01594122741262,0.856995465057607,0.633765483379688,-1.52790481535535
0.262623176711222,-1.28988641170683,-0.178080118436893,-1.42605702269244,0.793114687202139,3.12879423626318,0.646992843074191,0.803816486011466
0.0693349127912537,-1.22554397015877,-2.42988067251115,-2.40884160605589,-0.0722430258362362,-1.14444658571636,-0.957601789569608,0.539060407561668
-0.528643818856825,1.72711355277575,-0.232011957059107,1.57327897753296,1.3677885055827,0.347499489927965,0.536969314534729,-0.0273853723229556
-0.130202164518766,1.1603578032903,0.105937161925274,-0.0735462886504976,-0.145416347600099,-0.32982751609927,0.802497864950679,-1.75443670648592
1.62015874435582,-0.74816158375162,1.21756978398376,0.872665824048119,1.51002183664298,0.230008736164626,-1.62528924666583,-0.369326866092011
-0.0178951233234706,1.66667232493041,-1.17176359943771,-0.204903909956811,-1.15997204823002,0.525724096586406,1.93711386409452,0.385983095860891
-1.31848939894929,-0.529697424571316,-0.266475823895061,1.26119194435528,-1.09548248887941,0.672907235681033,0.649458300630645,0.203987476642025
-0.844560160581277,1.02864835063927,-0.454685555577368,0.298291440645197,-0.324638912817303,-0.540058629205981,0.418342247800576,-0.981828654559379
-1.10181487249111,1.3767179910649,1.50493216814738,0.309227566485526,1.10841728263607,-0.643143508067365,-0.281348781313824,1.11003922182189
-0.900090143007498,1.33100295826265,-1.62253834012802,-0.272791029401605,-1.50161796751828,-0.321997569925702,-0.467694497463535,-1.68990546703378
-1.26108391982248,1.25465594943585,1.05905497807605,-0.087984183416195,1.76541759058346,0.15581252137069,-1.01551608787083,0.115595504680013
-2.6258489024829,-0.287334553809268,1.15698003542924,0.925880812678206,0.570655697534029,-0.217709038282295,-0.353615981467923,-0.370893313375667
0.669065749190573,-0.546735518159085,-0.113958858999298,-2.70047279265272,0.563992073178319,3.01344990298154,0.261159061363654,-0.817690997158597
0.660041509230777,1.253927471065,0.855190970106914,-0.855505101047477,-0.815915494861365,0.871601610971644,-0.681225716570846,-1.54127996836716
-0.25060043539111,-0.0717229189590111,0.511139092189725,-1.10403579300387,0.171711419802873,-1.06085312300463,-0.481974209931471,0.683451839324346
-0.723797316953819,-0.682436621264268,-0.714418985172829,-0.393212709744721,-0.722857255253553,-2.03103982664257,-1.35781354732433,-0.516740087552524
-0.812181632329413,-1.02499645828567,-0.694971594834713,-1.00528864307356,-0.192459108070102,1.69127673607672,-0.83995649821997,-0.804293740096369
0.398734336018413,1.30157781471653,-2.02251977219747,0.682137975116011,-0.322003016504301,-0.503426288564035,0.902315332769573,-1.42847418027029
0.226563573879377,0.758060825406684,1.58146032169396,1.27337781870638,0.852214769017019,1.63356117807988,-1.8240014988433,1.36180465779929
0.421643579753211,1.4796143353762,1.29683319578503,0.927049266153049,-0.394356537136627,-0.501742905115537,0.000372068949509481,0.556387990033439
0.00483794372409907,-0.619562406414632,1.27035453737285,1.0855162221139,-0.621168082231929,-0.595441251189315,-0.522663308598297,0.308354191210099
0.618983915096519,0.259687227256229,-0.0160778678538177,0.850809408657291,-0.0144145333701105,0.0760388414709135,0.0253299666987862,0.131043321089601
0.431133944485928,-1.08652092497737,-0.581762953398202,0.866213289418356,0.604241992473892,0.0420019037611794,0.999315443693526,-0.322489731513832
0.558312370187223,0.086223563193975,-1.65357546614648,-0.984625602881257,0.847911628911132,-1.46749199304319,-0.323989941689718,-0.261630200919685
0.495961280672009,-0.846202449052606,-0.574408772223323,-1.78731703649892,0.648725096768325,0.19090805373441,-0.254193908890297,0.985134454591357
1.66188574094578,0.388905864370388,-0.907622087912097,2.14701952442045,1.30407824275548,0.463325834017782,-0.388753685898349,-0.817368449684624
-1.0550346122045,-0.0376358153463912,-1.36553956640524,-0.608840731481907,0.816074946287908,0.531768550899022,-0.572589920282655,1.99768627983577
1.50832468678,1.44560164892583,0.308299926829597,1.68209881019529,-1.67962249877732,0.124302755596423,0.594342059483906,-0.824897929284712
-0.334208656655074,0.317224482102685,-0.472627502422465,-1.61998447843025,1.42296760034533,-1.07554262768821,-0.0439450360723451,1.3955807013969
-0.0649807438184409,-0.40398049081909,0.446222235667692,-0.155795262456675,0.982873505889291,0.968804460381668,-0.345587776248662,-0.572029488813508
0.0810815387134028,-1.74023733047524,-0.775157770851509,-0.130185921231863,-0.514269008817517,-0.523934257673732,-0.167921294447713,0.512286411178127
-0.448214795538841,-0.452821278920118,2.06068761751814,0.167954403268229,1.33466085194758,-1.277770513177,0.000641800643578922,-1.02023073813835
-2.55380695026597,-0.586087506559595,2.58539637352218,-0.954041390839007,-1.60327951388884,-0.84699892343789,1.3477883901008,-0.467943541018185
-0.312932535119014,1.14791904431639,1.49980640309029,-0.319356263078315,0.0313426434665028,-0.838700589086616,-1.39568140756459,-1.13453486918247
0.0413831520402976,0.457363259644693,-0.100192607788636,0.810850422501062,1.6749233038834,0.736728102174898,0.134599208694964,-0.210733909778433
-1.73772806133762,-0.587806362058572,0.647185814663537,-0.0575533561695966,0.646773908520582,2.29611133061877,-0.776472957174617,0.604634195422044
0.54993965969838,0.227914940694947,-1.40458976481618,-0.56827358823646,0.516872163630067,0.491185811608684,0.0962914828748078,1.37376309475546
-0.597273692593322,0.134147741846246,-1.33411764776861,-0.464012178479885,-1.90210692079633,-0.0159661778120853,0.213291206337885,-1.65442311613504
1.44774180603655,0.329327772114258,-0.446729345052682,2.49626913723505,-1.26875641841053,0.436323313608916,0.930337743979255,0.836218328772809
0.264868114264259,-0.297512213642794,1.69061986061771,-0.681539758081261,-0.869770526355388,-0.843645532258233,-0.287728068302396,1.26835510744189
-0.788782807782472,1.18498797306452,-0.223365145696298,0.639024315794198,-0.57063519993901,-0.500282236414704,-0.772619897634721,0.100818788502997
0.167732220671529,1.30953538662527,0.923438510803911,1.28337273160955,1.65283642118084,0.349882882468087,1.0813693427111,-0.653747254723371
0.25758310820126,-1.17045526511543,-0.0495256938434538,-1.06918610430193,-0.140911824975303,-0.616550357298279,-1.41841811909444,0.741824803838019
0.912047367450309,0.996118866300114,-0.346890884284201,-0.366263709420238,-0.676554206340622,-0.509820748543604,2.24398385893825,0.971442126646874
-0.156872382554867,-0.746997016690059,0.199251919612581,0.414995691392273,-0.134358651640946,-1.02389360135426,-1.45947460668887,0.320449835022487
-2.03337570844709,0.221867656465582,-0.132327785051881,1.21511383357618,1.25696969121092,0.7562889889071,0.950451243962204,0.836204845782252
-1.29966582307858,1.0009452311825,1.45423172269893,1.13686422127868,0.386653652667409,0.901174017548595,1.62642542510556,-0.465676899209693
-0.857250659929035,0.494143258559294,-1.32063917335026,-0.0667885949517715,-0.366165924155125,1.0296303348387,-1.84498145515553,2.0958127951816
0.426265294536191,-0.00844441753463621,0.109207163477544,0.364270046772317,-2.19983864238038,0.65915607027598,-1.65169423439616,-1.6791550890757
-0.284836263084754,0.0961369855328748,-0.0254722179209988,0.194713080945651,0.707232724573768,1.12732095495082,1.34923502207876,-0.324005006384523
-0.614368541969862,2.25070523918321,-0.135157590930348,0.2649364865303,-0.352785598018729,2.27163715142068,-0.674757713466825,-0.404125868868767
-0.844890832157483,1.4366346913565,-0.640525314131231,-0.189154595341058,0.248764130388632,-0.140230135619728,0.307647997926783,-1.18708711470589
0.153694957218872,0.0104077495384871,0.71748255574154,-1.85752545366634,-0.135411066800189,-0.268163609287914,4.32809127385291,0.315749479767902
-0.851432275778188,-0.320791891518128,-1.47690981302073,-0.272458522069372,-0.222648991258857,-0.631889332677329,-0.151960956091703,-1.02214081038059
-0.397921072942885,1.84167486726203,0.75410479816319,0.288067785289902,0.449785770603977,2.12346665282772,0.139513050947212,0.328674397492852
-0.939977226280953,0.0899247252253415,-2.18980917487403,0.381455103290408,0.244020031290713,0.350151622383731,-1.47977333645742,0.0982897279246843
-1.38825374141942,0.402792818116791,1.55309984771205,-0.0297595351186698,0.0156472832316349,-1.25018767147822,0.505151569066944,-0.0951716481024586
0.955184588863398,1.30939370465749,0.702061998975102,0.408812399675477,1.78293199798492,0.236998955007049,-1.63443755223257,-0.726774628675289
-1.31749547003238,-0.613254222725411,0.0515238125352395,-0.245687552660956,-0.978221234823647,-0.317380356035208,0.777027085499895,0.158386190052728
0.0730291461596218,-0.435480084919432,-2.42797370995882,-1.72985213587392,0.496998459876204,0.187464593774226,-1.68349614608332,0.267403237732842
-0.56818584856837,-0.382106084270801,-0.0860707324535189,-0.187333955704389,0.365742034703094,-0.653718814795815,-1.20527537555862,0.178074783054857
-1.05845066878383,0.171328176109932,-0.738357445758921,-0.130120091331554,-0.667857745840066,-0.124400757322489,-0.857699379428132,0.134057779383701
0.259313538417069,-2.41656246344689,1.16772402635259,-2.37751572077173,-1.64364451673876,0.990153901623158,0.748423965482539,0.142750848198019
0.373134504519161,-0.41817143658625,-1.63264961625291,0.91229420870375,0.4261197110395,-1.40241934796726,1.42062537895155,-0.0377459344211989
1.26466676928415,0.707195564900496,-1.61312915574097,-1.1051159424841,0.662499110699009,-1.36375441209386,1.08736879906234,-1.33833937039088
0.325224996068265,0.31180753531698,-0.224659351788146,0.612495537136808,0.724361002523497,-0.176122006888086,-1.51446682862885,-1.82793877970594
-0.138467319508306,0.350640156782387,-0.0551681503459401,0.24230360165906,0.237823441057619,-1.2017655293133,-0.341128410409807,0.86479708857238
2.6024688972798,-1.58686541262596,-0.627365956924184,-0.971379214795806,0.368828575953816,-0.0312353799345164,-0.627999769973734,-0.711271402526913
-0.650284428487915,0.216521654079693,-0.184349380412772,0.24186233076182,-0.0352969955166828,2.25016333641053,-1.41019712145604,-0.246307229164479
-1.00318322831336,-0.114749842879395,-0.263044660917602,1.27579067505983,-0.296173133630384,-0.416793269981602,-0.0122602686813465,-0.276792287467004
-0.535113912874478,0.0203381232290744,-0.525646241251671,0.183779755043307,0.738507128293517,-0.506098106198024,0.794415773904712,1.69361988479157
-0.110414566776788,0.892790261937783,-0.67522749773812,-0.288268153193212,0.428235335219372,-2.6220768419351,0.361760494136065,1.40195452838396
0.600430169313573,1.44808414754465,-0.156788604665715,0.0398795727165739,2.02557227724326,0.402401483591338,1.55854033279981,-0.254209024090305
0.415845059598682,-0.252030872055032,0.969242741689339,-0.316339818018865,-0.253058566710847,-1.58789620047465,-0.0186474803999444,-0.331385815283826
-0.105750646676992,-0.597471279167578,1.86326613150228,-1.58517187616385,-1.25207427718059,-0.0637193147900378,-0.406267795634164,-1.32361633633798
-0.856562538246121,-0.247740839749518,1.01885748883875,0.160829909495481,-0.475638755257441,0.292893313060493,0.177845364729333,0.846369266998997
1.12732733432216,0.774365940151647,0.0456918216264974,-0.924235424001103,0.289679807223142,-1.93850702390061,-0.452397462361773,-2.45760426889308
0.916281621448453,-0.118587206170082,-1.20179167247776,-1.57689362202097,0.746574524942871,1.82839622369282,0.190416734847081,-0.361975374153688
-0.724379592724361,-0.417581271100897,0.909354155230945,-1.94415033053522,0.104498433651156,-1.04453530322397,-0.236654750378704,0.176074073338698
0.686779087574742,-0.052426353257736,1.46195822050016,-0.378703723581663,0.407106698414317,0.872854844432213,0.125504859127053,-0.90667421405489
0.450085791644612,1.35395020283372,-0.184626753951705,0.634368333986067,0.301481560474895,-0.755692721090012,-0.80606542398656,1.23631617079962
1.04522160610504,-0.920651427306943,-0.190168268382486,-1.52081560880892,0.872038886568542,-1.42520803852379,0.230180407809794,0.197950811318778
0.14962903443744,-0.310771373996955,1.24329480266288,-0.736445210255799,1.90120080461182,-0.928104104637049,1.32320355750701,1.84777826960043
-1.14106715320069,-1.05580296818196,0.18558749818315,0.447918828187212,1.20103667756408,-0.0125204636808102,-2.0190338018591,3.03496327385304
0.802499402419657,2.2387442557997,2.27102227928726,-1.28788170924236,0.498661771189691,-0.244792540580327,-0.837650401016191,-0.354327401491352
-0.728716530969446,-0.473062140033249,-0.0515549198891902,1.50446367636167,0.327982651343616,0.181299203620536,0.021162452336708,-0.799370869293877
0.527209285728481,0.906054085480868,-1.61554882919585,-0.813281920003751,-1.03686765178216,0.937903002712174,-0.979042525646245,2.27882969958973
1.67347877221231,0.037916931594142,1.05795583994723,-0.468393203956805,0.628070241103923,-1.15250488184749,0.927399242369318,-2.07668200955732
-1.41882802027083,-0.175362283023761,0.361894756181958,1.20696426606273,-1.38899251606468,-1.61168120464368,-0.169468368056601,0.28338132023574
1.56191080116889,-0.361609025278738,-0.265876705750517,0.541972911959017,-0.496842506304287,-0.483685584841259,0.466472345418996,0.555721465815387
1.35316100891808,-0.803621542084907,-1.25578140173536,0.855523295262332,2.0646241955026,-1.58824894944682,0.0734840629449887,1.76614701302232
-0.528696776691558,1.34157635107538,0.87648416717228,-1.14980244755602,-0.501094096231275,-0.284829188587816,-1.87845790263966,-0.707297534929189
-0.251272775479278,0.625930654378281,0.592634666890485,1.06335662830357,0.520923026615065,0.352779242240301,-1.5503859599409,-1.07191405609641
-0.685847686292498,0.0311307079941854,0.271525680875784,-0.00764969714568288,0.54389331252859,-0.758632219886627,0.284824886181626,0.126155216048988
-0.570367652254122,-1.09491334946943,1.55327347117647,0.482883485113326,-0.456919805325173,-0.727431589312872,-0.138173570476045,0.780241729219979
0.579631381546157,-0.486414065558645,-1.06380687634054,0.025645949450268,-0.631370665750286,-2.16768533570872,0.913285966090045,1.36720624310042
-0.898959005252115,0.953093683264103,0.206822497346744,-0.177861789976426,0.888535380841673,-0.00575844701989285,0.932176379605393,1.56926323043695
-0.190329887912783,-0.994513348092816,-0.248933255655566,2.11528094082124,1.85498059055419,-0.478559048360578,-1.77296055175051,-0.418146671263088
-0.143903377346461,-0.571870322518042,0.515388673918764,-1.34227866146778,0.177782310659007,0.655115393839914,-0.142336452391371,-1.55761445842749
-0.0965726512875554,0.783173181570287,0.442785820060402,1.42916563474189,-0.857207406256992,0.17153453293049,0.555535964525656,0.950719013399351
0.181446715722357,0.381366421089077,-0.117116618623996,-0.336904933568333,-0.00247036400967454,1.51791398629413,0.716554808312135,-0.42020855358244
1.59657420918631,-0.60005817395716,-1.49784147274197,-0.738067428888895,-2.18654574817934,-2.13091643644262,0.753856322158608,-1.27805552063947
-0.451331739893457,1.65261512009413,0.0472006059695206,0.692330073051101,-0.734234458469235,0.839295855040388,0.535248458724448,0.787916968932162
-0.794880224800819,-1.19076693514159,1.4802578676094,-0.412510700934761,1.15287494488744,-0.448475316963877,1.96219536035693,0.821022973304818
0.792284349652293,1.41567745190252,-1.96455496249316,0.912620184483832,-1.45770352022164,-1.15423045702669,-1.43135659050405,-0.323457209016715
0.380472299761027,0.814172817192482,-0.538555626716068,-0.958172741669908,0.079133017772771,-0.593377547684715,-1.35499592046559,-2.78497199202228
0.235787982992453,-2.09757104835645,0.502786592851959,-1.07196489744233,2.09597684891763,-0.205260015000584,-1.03504390012205,-0.0133148761622039
0.59098826352041,0.320165082487674,-1.09331277445394,1.27302546189127,-1.09700843697568,-0.761572765342094,0.993686851837286,0.308726719504594
-1.41193020207889,0.801025120424051,-1.02602611043194,0.740891261191436,-0.621154908412351,0.39306619844859,1.85279162035542,-0.336450483551522
1.06329579229112,-0.791680654042778,-1.01203614366599,-0.167711206765435,-0.134477663759928,-1.81197353159144,0.0268153180122613,0.555473204120612
0.453917878897591,-0.0106662632339682,-0.782634176957744,0.503768894999758,1.12648728963066,0.0188807879535776,-0.952225548446301,0.764734429069502
0.951312977019787,-1.62351793994448,0.359562812057244,0.0545179125713212,-0.492828982638813,0.309716070095519,-1.10786857695132,0.0824188033753242
-0.598517713401516,-0.907567051887799,1.99862021891536,0.0768784904987114,-0.964500385955287,2.13875678336442,0.872682910918654,0.652875744884823
-1.84194005034614,0.136766722422639,0.55393480042535,-0.487458837260032,-0.269231908445194,0.865089392199708,0.316446025052585,-0.877374135960626
-0.484589533147934,0.271187956531974,-0.808303348930514,0.269912880371111,-0.566177199577988,-1.59439073225916,0.316548055655471,-1.99502308360606
-0.906846815023397,-0.07366121520502,-0.557018477813349,-0.119801806947925,0.336909397750273,-1.30318865614776,-2.176391376696,-1.31396107546504
2.22276244740438,-0.77443032842804,-1.08560353078744,1.27674983971827,-0.134047658631386,-0.231318547370899,-2.09828209622216,-0.892432026704977
-0.41346657637618,0.593816135526189,-0.71979401765733,-1.68373922526588,-0.234332168955815,0.372779968584221,0.271191741234168,-1.59165686573491
-0.215673846704644,1.32750455958168,-0.692566843267432,0.660817099212903,-1.18723713161086,0.862902252469774,2.03679970650063,1.98104697533898
1.06297852007115,-0.600835831817181,1.4135047045491,-0.558583275440896,1.73105052347623,0.841424981320726,-0.0339775313061656,-0.791652957106702
0.620346526580243,0.0565068582510194,0.640962189123194,-0.546194958376543,-0.932578976179247,-0.208723786191479,0.620749482013548,0.11637109027773
0.673066651879,-0.531076289581877,-1.7175207063165,-0.0501552941200661,-1.8217240252774,1.86714991303887,0.218548232762077,-0.577962634796244
2.63370956294833,-0.0808987843769502,0.82618859480234,1.39025703407765,-0.544932308470753,-0.880613696030893,-1.4711528283854,1.6560191492323
0.16611439867297,0.160755586671381,1.28077530846579,-1.42484238513711,-1.02751150500745,0.0368654719107772,1.23304038722059,0.145777865410539
1.90517553753426,-0.102140564663634,-0.231344204570623,-0.907690086200588,1.31691739619654,-0.143108442277851,1.28167894688609,1.70450905708597
0.253718401313083,-0.354749969786071,1.35882748116687,-0.22120484884991,-0.10820829620101,-1.0050305289802,1.71417024535505,-1.07704764630619
-1.4590219672543,-0.471227347093368,0.341239054522143,0.172700145711298,-0.804881438069769,-0.266267973259254,-1.41774337643028,0.531066629961543
-2.22724824128035,0.0340441773616117,0.642236181244163,0.193437013664752,0.286401426830467,1.04251118832796,-0.832466034372858,-1.41127329823433
0.649683551167725,-0.200721207356766,-0.321210717862453,1.96870347281662,0.376561645333608,0.902074906201673,2.33084680355802,-0.0500197906629314
-0.999249864768557,-0.544448628769274,1.44019566135034,0.225811532500821,1.01789372391442,-1.2936359842762,-1.84420977183036,-1.21725969347792
0.0419723836763139,0.377362269645537,0.0537341212031113,-0.0691860441674244,-0.588493666126924,0.252894790983116,-0.434379793163489,-0.224983121888447
1.77704370004004,0.403728160580446,-0.269713563078948,0.179468198755704,-1.2153238213156,0.449331559804985,0.707494377757216,0.492727439632293
0.347182677337207,0.170236937543032,0.466756268777527,-0.899070862943706,0.983200058272081,1.27477254759885,0.29046958490818,1.44545712257969
-0.287097446149789,-1.10107992122072,-0.11071137212952,0.736943274776188,0.0527153578607894,-0.728329015313494,0.293811657717577,-0.946732248310213
-1.92457665210911,0.402469699291095,-0.25606542122908,-0.74525006428211,-0.319996092878415,0.37476136966796,-0.829163646670351,0.820102498325446
-0.800649109339913,0.425816177210946,0.726092190740559,-0.92842858375266,0.319335330008749,0.0220487258746532,0.836873465384121,0.866489519225794
-0.575617970726623,-0.283128718862383,-0.200982022267937,0.429195955111476,-0.0464511954438636,-1.45065317405974,-1.45221904220824,-0.820925269203947
0.684205732670356,0.553632072115556,-0.422671961211497,0.560469443656528,-0.484775810781018,-0.264064489137388,-0.547123214107759,3.33870210231064
0.483457347617138,1.26435623247709,-0.542169755678539,-1.57715910014466,-0.517997375021027,-0.0585547126647581,-0.224442068890264,-0.454404208495633
0.0139634087073798,0.327802463194629,-1.39017790544112,1.34443426699639,-0.202747348204871,0.327871675216677,-0.892642475780645,-0.299067943486219
0.180243734625121,0.765106373309395,1.60713541056557,-2.02365521848897,-0.353666845128828,2.1227601326179,0.883457122131349,0.176449052594438
-0.2881232483085,1.28257345881025,-0.652838190922449,1.01709870131519,0.134622001550192,1.32312111003084,-0.0311770327084793,-2.88476748968904
0.0302272228902285,1.65888693382934,-0.380368509294336,0.0666759027743099,1.01857528619082,0.871316526090506,0.747882990954905,1.60546209434536
0.271674108529485,-0.480729813134911,0.0867430365496318,1.17698600986258,-0.930034870787803,-0.488397288847895,0.140476771694301,0.667701598577493
0.449158427413426,-0.407834514587087,-0.649057964312564,0.572207833160936,1.09070052875954,-0.187600081854442,-0.40480504529441,-0.149025230554893
1.82762765843039,-0.328918791729082,-2.01649070787307,1.47909386450566,0.458810997153315,-0.0588005131627611,0.801392650721955,1.84652586382206
-1.11202371088381,1.10107658785062,0.448577388746643,-0.00109100951474444,-0.870863053527222,0.401579841558149,2.0224787724179,0.717150404742876
1.47480743158371,0.581717960782718,0.523388159192163,0.854956683201155,-0.343589085200269,-1.08180288873636,0.750937512542335,0.302506762781012
0.671512460144392,0.957779202757363,-0.246122239665679,-1.10461932862212,1.10136657186144,0.461335758016449,0.893427624806386,-1.29312640202419
-1.54532854371443,0.301421804337359,-0.544545707183516,-0.108195914327519,1.37968852848892,-1.0408697175492,-0.0239834502076642,1.5469540616887
-0.277047227991105,-0.288461063573085,-0.803683014742773,1.40896855932181,0.285952019961992,2.2912353763593,1.23883947165351,0.00217242376399849
-0.62934299197198,-1.45615158789359,1.95447105047381,0.708061848649616,-0.187631298549391,-0.209645638179231,0.144316253092549,0.255208831211861
-0.933000451619752,-1.70465154066219,-0.296887442895346,-1.48973621490687,-1.85172627502454,-0.446889462278326,0.365111325627298,2.02415376492373
-1.53788648422826,2.01122119129553,-0.035404687210021,-0.600611423948417,-1.83177585419528,0.0555426720239451,0.251602415516433,0.476608218029895
-0.494102049599945,0.00396133245276825,0.107189714468554,0.127987874061411,0.601023289775013,-1.06146498524806,-0.499587743720705,0.122688763208671
-0.435360015270196,0.558221906568822,-0.230620531545034,-0.868975772211247,0.271028633679041,-0.0211091218173679,0.649112845865142,-1.04247234682464
-0.323544676280226,0.694493685600807,2.39007004059566,-0.770532160624135,0.920584778195356,-0.856181989537468,-1.4931789220036,-0.136174946817604
-2.06111361891619,1.44632123678831,-0.0116323437326994,1.69363282448629,1.54361017980459,-0.909051333609939,-0.268000024164942,-0.629467241687122
0.441502555095545,0.633468743359524,-1.08905940665858,-1.07374618940762,1.13479541079646,-0.09880512654639,-1.21846893141631,-0.643835193621325
0.746351246566367,0.0263703369604992,0.313769183171077,0.217959234933704,-0.421771553738575,0.26789633172081,-1.40817219275193,-0.275336877937227
0.789642873824685,0.742875516154548,1.09572140336201,0.843248468113156,0.958974842856307,-0.0637334954978041,0.328478513673065,0.750040385463219
0.770740507039544,0.347303392127326,-1.01889460165192,0.206935689638343,-0.521871113453878,-1.21634240559716,-1.42045647827266,1.27846083031978
0.200506317830367,-0.628654925909305,1.67087514103806,-0.177814582420745,0.800612368954261,-0.768371560417746,-0.0742047963599789,0.0125085677805128
1.46835003167775,0.958491926298926,0.275183470718412,0.666353495398929,1.43923834798115,-0.569349550001125,-0.289380923440283,-0.340079193456012
-0.876455483940752,0.164441350143759,-0.181866399727406,-0.484768345562675,0.0555113998865628,0.855284989533363,-1.51162441574518,0.788388710616504
-1.22660469372111,-0.034705900963032,0.867355430722069,1.5796307669078,0.836938628971246,-0.314512782344483,-1.73617166023486,-0.819897606516197
0.337837919974576,-0.920743815374439,-1.40279690623594,-0.583880407606718,-0.940981745179194,0.238080593617883,0.471791503489866,-1.66443768618364
0.440824087254149,1.14805514963721,1.48230141230567,-1.16208611436047,0.0100114496111922,-0.534310519424907,0.406500631875311,0.589467611542643
-0.746516451736768,-0.389880110029636,-0.591796068662362,-3.3307353376903,-0.865647478329484,1.0902038498705,-0.380970378465481,-0.0966703703037343
0.0366061204319243,-0.0992632632773881,-0.885001753474386,0.276260473505689,0.16209939997018,-1.06112185039514,-0.636789402177154,-2.39647367827276
0.323309624203048,-0.0279660623672148,-0.527436558659494,-1.01052733986274,-0.602133301749065,0.999853931944176,-1.4653075942344,-2.21492361019597
0.379676032401592,-0.0569888848706201,0.0310374052801759,0.0521830732815136,-0.350496231760209,0.304038825650807,-0.944172583757306,0.284344184107733
0.876556495795362,0.555659016748442,-0.946515483343574,-1.56106906490804,-0.478454031058879,-0.308823622776252,-1.51917980097765,1.02734325942083
0.933387987569637,0.901923838993518,-2.49897029524684,0.97173397004454,-0.31254685619019,0.231958361493931,1.38734049648964,0.565901070142453
-2.42880752268242,0.536623088234037,0.145711531004003,-0.226291783572956,-0.778351241905754,0.468432345109465,-1.89142131130737,-0.329276830079154
1.72799402342117,-1.47118613826484,0.858703393437413,1.11342070453125,-0.659529932343649,0.029842399097326,-1.47367047325619,1.59754017334304
0.456002646277211,-2.40935940826857,-0.209938282882933,0.514568050211903,-0.257432312591919,-1.09249942848094,0.545986723175523,-0.969616266213175
-0.570360345745652,-0.365017377779538,0.398824020925648,0.937697576181779,1.16737600498976,-0.92620005656296,-1.66327731476971,-0.399548309258842
-1.11462440217797,-0.181268484634166,0.761127736197585,0.557936192540109,1.26641920773029,-0.586798551199612,1.08805073315164,-0.776614908471161
0.905064265563895,-0.149062942660811,-0.965406631821685,0.211012783762694,-0.0299425949656368,-1.22577837772765,0.202541988215228,0.443501117681463
0.328096015484134,-1.39271469385941,1.70425351971367,1.51658512458091,0.626226736811314,0.0483894840055139,1.45659771247003,-1.71184144196778
1.07808996004782,-0.679359244378277,-0.81581184165478,-0.433232872525924,1.1436782890074,-1.19680218943843,-0.0773220560493465,-1.62801836238118
-0.060315553702501,-1.81911796861397,0.0505031847282846,-1.29784149705717,-0.74954805303155,-0.894680966705208,0.300645869456077,-2.08808702836324
-0.243518761963125,2.63898221848215,1.81833471172887,2.02252934988147,-0.267627729774706,-1.23914015010092,0.542793227593851,-0.0915305521848302
2.24142256068828,0.546608278218245,0.233738106743284,-0.280771388384867,0.461051963055499,0.388235793201842,0.24100164281957,1.32469037926485
-2.03599297085583,-0.00615393892940771,-0.0287897691741464,0.953238504171681,0.639564153324022,-0.564944184536759,0.233795069111298,1.63755146720656
0.390914465082838,-1.8901394678583,-1.13535799444069,-0.306332909990624,-0.238816721458745,-0.0324033618146144,0.3372583114263,-0.952610159277837
0.384813342899653,-0.266783371165174,-1.15737781092832,0.258262001823186,0.265950307989865,-0.0346402408352546,-0.512988055362371,-0.513304227087859
0.438695599541397,0.820431010197318,-0.547340906138225,0.526532410487888,0.0819292098816755,-0.0594488714208106,-0.278465000900907,-0.974471919923198
0.55814090204657,0.778193540049604,-0.433572715922771,-1.88416256460521,-0.467690068997167,-0.827557032041455,1.68141503564344,0.314942717192834
-0.276406382977446,0.454092023522563,1.66248593383382,0.33094699895771,-2.21002177105922,1.20087588131086,0.361061242217088,0.340865817450129
1.16628807898223,1.41005217305168,-0.563130851439488,-0.943592183318653,0.63596313426963,-0.964264150539299,0.665389850018896,0.760885066521304
-2.45427723493739,-1.81106410509648,-1.14555224504636,1.90365454427142,0.689350223726815,-0.431631863013073,-0.388896210877162,-1.87575153454939
-0.805566259454567,-1.10245174108699,0.70929132488924,0.681237475593895,0.843139409282481,-0.933622843728421,0.993210590769572,-1.45221971663941
-0.119144550620025,-0.0191678713168816,0.160234692884093,1.22175223046536,-0.220928682257111,-1.18412796537095,0.676712573777084,-0.535568229964999
0.163216234138794,0.149303719680044,0.113352593811487,-0.277563567566576,1.73212150849447,-0.476283719908225,-0.200723109965888,-0.745234620813028
0.406479507762917,-0.532431870264935,1.49521350608348,0.0836000568027311,0.845195544912206,0.039687193786266,0.288468195541562,0.514007502983674
0.639339995644309,1.19784612620355,1.02323662606114,0.33226335311816,1.24375949469324,-2.32138971057487,-0.662066223164346,-0.179185195138794
-1.50851763737235,-2.0425957688947,1.17446162052015,0.379695239303798,0.0558594403253811,-0.392435370619617,0.912528344219914,-1.64892495534952
0.00767060439702689,-1.01431086481328,-0.244503756930785,-0.958207670654434,-2.94013907813643,1.45265170818429,-0.482844984881205,1.17072604304313
0.524168022000385,1.60391822138318,-0.166932131005799,-0.227389012209278,1.00253037941236,-0.212828336877683,0.636375433109802,0.430785623773003
1.32633587157079,0.892350034157026,-0.0841155041461892,-1.22494595874735,-0.685573095985884,-1.29756893543207,1.54959337869382,-0.813038013536315
-0.113567734432564,-1.51770556163796,-0.826498278320729,1.46817217233113,-0.991650416642955,0.262232809476276,1.96107440177321,-1.28781761923045
1.59914947839686,0.823528276152144,-1.18949684486068,-0.226548468245322,-0.421200785999553,-1.93769973085803,-0.864391402195729,-0.498503045345324
-0.281528098928179,0.365562248008499,0.393351860980975,0.704418095095258,1.80243554170952,-0.55381298776471,-0.648804656963444,-1.09245520915937
-0.0498981389105064,-1.33092166830989,-0.180783643152807,-0.146193821684404,-2.22460249457124,-0.645542070342069,0.504160706820387,1.45438908389977
0.160214127321124,0.3595761544677,0.00218840129337854,0.769280974950692,-0.615385956044932,-1.85002338682808,-0.619913202919782,-0.31516535584302
-0.502380562405328,0.892994609988693,1.18276728772386,0.365235938065276,1.24695962116318,0.160981322254947,-0.667978681057933,-0.00324070492855523
0.715938048776189,-0.995098995899314,-0.688825038725034,1.04633575204747,-0.447595614874273,0.452106895253701,2.01268590604065,0.774258439271794
-1.34578730316321,0.51967192258579,1.96360867768691,0.909742838918374,1.21772809728519,1.01722506973923,1.94859287854273,0.50203142369436
-0.0056435653021491,-1.23573344828329,-0.441910422925586,0.484817302440194,1.23592834636416,1.55999623945378,0.70930842610877,1.73672982442909
-0.540542549739533,0.529726874322073,0.781007950063791,-0.399249387586168,1.96147241265844,-0.527083000447776,1.38639148962661,0.494749073332086
-0.547073740849682,-0.983041720955936,-1.13436748209853,-0.445050778224049,0.868767568878904,0.781752260938048,-0.647709356550942,1.94775919909744
1.15144538704443,-0.375745484254249,0.273041389468936,0.561711690105433,-1.70386922101383,-0.555312388302985,0.0318571632164388,-0.565325899399087
1.05221968194591,-1.04173538449989,-0.763706558389942,-0.797507564198517,-1.997781437024,0.308936609746232,0.923755445576805,-1.48190161924029
1.59802652870266,0.697667357430169,-0.737607983989264,1.15940351252905,-2.24324060990927,-0.843501029676364,1.25816041301619,-0.298993056051829
-0.263796793108459,-0.144448803419361,-1.25657614092638,0.629350954722465,-1.19318366257251,-0.0760219765988989,-0.899234868883479,0.214649830727554
0.0324007875469165,0.498543397139294,-0.0170698956009469,0.493970156030412,-2.15678642593654,1.23853716813126,-1.35297274480212,0.773234047545301
-1.55158330768591,0.617336709876794,0.760560550871686,0.0712224365626523,-0.367585793133654,0.293529235866705,2.44436121373265,1.16310894818377
-0.388179430024523,-0.00454114147551432,-0.171825915244101,0.97029002598341,-1.27802147916702,-0.40426386272298,2.36035586383964,-0.190234643523887
1.76414812218013,-0.0912563600897754,-0.265263394261249,0.310035251634959,-1.9822726773453,-2.18028631923212,1.48980871041488,-0.289455800744243
-0.41652772756372,0.399959374815336,-0.423995996873209,-0.139548562486308,-1.23766659003765,0.197631551627362,0.931419646205993,-0.398845783068108
-1.16633868878939,0.588901656549108,0.689272118280285,-0.326311134226136,-0.540892175095467,1.92251770119656,-1.40492231396823,0.709242563582347
0.0418945661851059,-0.0168780393868136,1.05045042906015,-0.118809506845105,-0.219258082173101,-0.928119950106771,1.31912372085549,-1.62264727332161
1.24648913025954,0.418704182088633,-2.19402499653358,0.893558893245563,-1.29910205278921,-0.32898389270885,-0.319423816719625,0.771784454597905
-1.57797130420835,0.800727964524838,-0.502965563297584,0.211114510660006,1.44971320329039,0.952071503050249,0.134592549860675,-1.28797418826606
-0.253820471789102,0.679893103827864,0.880319117538282,-0.488779793835391,-0.196753437222033,1.64413385013785,-2.63938838799826,0.891575880999414
0.467830542050614,1.30966392253954,1.54835282944109,-0.220371925105047,0.891266415509306,-0.764043429473188,1.2370153958541,-0.177833431545929
1.97752999445585,-1.89121447886908,0.578006183928215,-2.29624578010251,0.691055398236174,-0.530274074006959,0.227474468541403,1.70440468358434
-0.615605794843624,0.344907334668953,-0.13083383528347,0.276912276234543,0.887337495105072,-1.7656211492018,-1.08083665961,-1.28650611462245
1.51942160121109,0.154762656644616,0.607857026905798,0.97381626739689,-0.107452741139456,0.215183533568899,-0.0716221873352776,-0.495561568513902
-0.43289519356181,-0.766441731925565,0.217520387392552,-1.13659426081856,0.0104684547043533,1.33180132859668,-1.33565953130767,0.21527544050067
-1.03101770806171,-0.752915043322023,0.526191223166367,0.096082134851769,-1.1968911929985,-0.0160349243723044,-0.573780138323698,0.2900738682433
-1.13433449832271,0.524270675654365,0.461979537951275,-0.485349736149113,0.732152220625724,0.913289168335609,0.724628738226357,-1.42432075433394
-0.221098125377531,-0.355425297900245,1.50399120650089,-0.788399026812027,-1.1528213679065,0.122893454051043,0.365430897062748,-0.0866060832677186
-0.0224146989039466,-0.260266497121109,0.353009602570219,0.0878398540977854,0.536055607389013,0.333298321382398,0.704091624495387,-1.54815691398255
-0.32290182802397,0.507208110031767,-0.398902404734734,-0.7423459362516,-0.304411327252316,1.03453366872585,-0.381554107907937,0.543092031732559
1.05222315972554,1.14320521055163,1.02355959954025,-0.0773567065381147,-1.69001966325519,0.627767622827208,1.95099681998717,-0.511611854391066
0.189541165695199,2.0668175182942,-0.800870910576536,1.32327281455315,-0.546476767842822,-1.84664443531782,-1.10820433897428,0.364090477851471
-0.105827608865873,0.769866343085377,-0.297780153902299,-1.70146191827513,0.454764741089433,1.23753168475706,0.958187909835677,1.10927356252772
-0.602554472532716,2.00199794550677,-2.40109468243829,-0.673478124526596,-0.649534476639481,0.0618690050726705,0.540549091212085,0.178637213207971
-1.29601593126204,1.27162090872777,0.193998228900719,-0.429706712259215,0.746898309003066,2.31262658194155,-0.533935308448914,0.809893694226078
-1.95932663870655,0.333520245850298,0.63054874598584,1.24786884401625,-0.99012979411636,2.56872841062338,0.709404282245523,-0.0946273733898364
0.21341173052117,0.254072676090529,-1.72234774234449,0.88387993168975,-0.0766473563408359,-0.883526750557524,2.39806641704707,0.0357479028921831
0.0253358701112366,1.93091427212792,2.53904641213465,-0.0578919512978574,-1.66206623116199,1.91132222316095,-0.501156188851785,0.560462537039935
1.36502318785994,-1.012929867412,-0.93202765273661,-1.22732435344448,-0.649871278215507,0.266887497882044,-1.21790524099701,0.0313939340937981
0.291093808244857,0.0644444403932075,-1.2920278081392,0.275203287833112,-0.862200984292244,-0.351860144184572,-1.03839163970753,-0.323660812735048
0.79721770112609,0.192373891357855,-0.329125469198937,0.102265722640097,-0.574960648706284,0.122587901042255,0.103001859518829,-1.01311058236031
0.0409863743756614,-2.34002446260473,0.299302194344734,0.501780206069592,-0.255511379831701,0.52820947086472,-0.836947622480227,1.00016662219383
-0.818324049625889,-0.351765901032242,-0.440187586812284,0.00230022716044381,0.304398203790046,-0.0975740429515309,-1.10172873161203,1.97405326029383
0.289640643164427,0.346590938682391,0.496934162455209,-1.4028024907248,-0.616544681115617,-0.899647399883343,-0.725351650758507,0.958720903910071
0.339787111301115,-2.82894105870644,-0.89057085460159,-0.287450498127018,0.694683997469328,0.306527996790444,0.979511319793127,1.04259672080871
-0.817392730763433,0.367872703584524,0.731639832631132,1.5017123015357,-0.905192820128037,-1.06370524391306,0.323572207528474,-0.618742408729163
-0.0287493152280801,-0.285484066118437,0.126996462004796,-1.67074827178652,0.457748586235367,-0.0880758857248358,-2.70094731887938,0.111533414975221
2.00078165111199,0.442733260452948,1.88904233606744,0.151231258420144,-0.520344438599335,1.20923491112784,-0.121439940717009,0.104663526456253
-1.12926606328462,0.71767113004586,0.379767693804555,1.58762029107787,1.89534422232119,-1.17630726350144,-0.380950124206458,0.598506493514879
1.47217859206972,1.42389508632609,-0.0448161139871802,-0.45323017975009,-0.0756543600177555,-0.0646020367460518,-0.445730259875397,-0.315303041044784
-0.227068916484902,-1.68539115613733,0.136043976842453,0.50496207186025,0.716021036189902,0.771235196032369,-0.834494496594243,-0.799915557245283
1.48231059624201,0.0417293162320748,0.550276535752571,-0.480572961170122,0.839820245261291,0.114246937876657,1.38161309585085,-0.139386263211812
-0.843053174487288,-0.632943830350313,-0.808080397534084,0.410598604010575,-0.499761122284871,-0.356332234743886,-0.97829946037144,2.81482750904043
-0.0661953274558979,0.0300992464318592,-1.00699603251889,-1.3331044903668,0.57450266926061,-0.827784122547107,0.0825787571144802,-0.347179031461713
0.311233498357864,-0.129143576065387,0.858202267276623,-0.621126108529409,-0.878562846633906,-0.0724065731938137,1.07588526499551,0.986583251607527
-0.112590228303414,-1.17589928573267,0.0844163440587337,1.0690681548238,1.13521968607659,1.47363892205977,0.476207344718404,-1.68311824852849
0.658738838942645,-1.80681938019899,-1.48179176140082,2.28671626971647,0.866040819905876,-0.388071204835751,-0.00692744427212132,2.96817388527938
-0.16686150010949,2.12031372450078,-0.9651266161995,-0.425255476368924,-0.048284779262702,-0.361560010550658,-1.11619924421163,-1.46649260451899
1.20887346516015,-1.32440568336117,0.103600145420958,0.374483577028732,-0.319293998976562,0.307782871634871,-1.74027669991141,0.140510306596344
0.170419433884223,0.275021593266166,1.1773236654154,1.21379044330869,-1.46907910073673,0.203367523897306,-0.744860617067724,0.0443766753972534
0.692419636244747,-1.1088631832662,0.192566454895148,-0.224221165065475,0.307689400094445,1.73628373131124,0.832689109876339,-0.180428665714708
-1.18554693655878,1.50774050493814,-0.00723908878469659,0.145566498607999,0.80187944596945,1.86473018803584,-0.504573658452568,-1.64330032220271
-0.658389290697043,-1.76729877966445,-0.462310513259255,0.756803669556397,-1.04694323389642,-1.16106733293583,-0.205392575675236,-0.987084153823811
1.08950794879155,-0.888592273848649,-0.724387535647471,-2.383005587072,0.66021490071029,0.630122789123586,-0.00321462243198743,1.10980122234667
0.508785941160661,-1.21905138661598,-0.639016919876248,0.627228742776483,0.738406460289091,0.505905147267144,1.21755196072097,0.159225485522219
-0.135906625600424,0.0502813662769896,0.444142523918265,-0.869486499329234,1.81761437978326,0.0503881952814068,-0.692274903908204,-0.0471324648009502
-0.108782736956893,-0.490812951536646,-0.584054238178266,0.108723341442275,-0.827792296606763,0.255836264713431,-0.641794608564349,0.317707755250568
0.754900160454641,2.38505995846631,0.186265347755488,-0.322197772963781,0.385752363943181,0.997896544805172,0.936899819983723,0.176100927075849
-0.223811321619966,-0.00438812697078212,-0.300342713730724,-0.0765046166696982,-2.1576140524429,0.856135879501155,-0.212089285937668,0.16619147923892
0.0749551709399243,1.33169035546128,0.159700413754183,0.921583526864571,0.11963337101248,-1.04691691319865,0.674405712468816,0.78120997520637
-1.64595480215,0.820808669126654,1.01999508545972,0.322003299155687,0.698817144872197,1.16711770405846,0.244693708578526,0.61682818612839
1.77400936515502,0.685679030525222,0.798351878707584,-0.512439220339754,1.27823855805353,1.51381660212862,1.94984282809683,1.30209928437926
0.765967915976575,0.515880947876038,-0.044090271581282,0.114246948409774,-1.12319555012796,0.504478762772218,0.703455973967204,-0.0828810948108588
0.832287843010755,0.273801847190434,-0.992193431605077,0.897302571480656,0.543395901376017,-2.65378574088482,-0.547744504224219,0.349331107963773
-1.90545752247312,-0.713335909234141,0.575852522768862,0.528661864242853,-0.0383538865947736,1.43068637272239,-0.210246214951452,-2.16201344010594
-0.0208366761944145,-0.343044145090591,0.135781237800526,-1.45745246531562,0.400450619822031,-1.47684324896984,0.937729085969132,1.33849309764275
-0.408933912448218,0.468979532578923,-1.01208196057172,-2.95507794034398,1.08688005926184,1.58472803945312,0.209720579414163,0.894683230665966
-1.3763863065768,-2.47583251603368,1.00402316383581,0.379208051944917,0.0574530922276725,-0.0922193857071082,-1.68970950452868,-0.202921418881987
0.727430374393256,-1.85544128847299,0.876095886998526,-0.364751473131432,1.68581519337608,-0.823622560562235,0.140773628609481,1.89361192635631
1.23413078123709,-0.420507917893379,-0.692968115760895,0.40504418048206,-0.806362604130703,-1.64806412194411,0.96011266314086,-0.2411801702311
-0.553224405877467,-1.86603756721418,2.68180948338679,0.313753523723319,1.33422443870769,0.944309458265371,-1.02652824517878,0.352035694248259
-0.229190177928735,0.113504700739202,-3.13899312896842,-0.466681508949418,1.12851861297722,-0.356936363717069,0.792577277064521,-1.47530587758406
1.71146198892227,0.470018677123532,0.645956605503056,0.373105996839297,-1.62416029895713,-0.162015258645447,-1.02503153410619,0.212672537336879
-1.64980790329701,0.884594160133231,-0.480610133856287,0.5770162692275,-0.33394375499234,0.12477819226619,0.28760119306561,-0.774594236401811
0.744220785437819,1.11360999293018,0.192807393685871,0.964090534309366,-1.21151565244043,-0.288471307345202,0.523462795010653,-0.628952941006023
-0.314021323980916,0.566850429321619,-1.04925616100414,0.100009765434131,1.02002425610159,-1.18190619708113,-1.81169399465093,1.90129808641321
-0.115310841404454,0.546022842611285,-0.24585186926655,-0.874454300112458,1.7558081840653,-2.39292785982372,-0.159188101173527,1.176456540892
-0.61097434277214,0.23984260522916,-0.613729291010653,-0.198701548479159,-3.03735330157043,0.851281094397896,-0.0168048735897043,-0.690383337715448
1.09669537901904,0.0341353438230838,0.497692038896738,-1.23703912457997,2.18498081648338,0.941804900216781,-1.16598478859182,0.957006961315253
-1.12716761108376,-0.808091219300186,0.456841757760867,0.137523355413969,0.141766880191631,-0.285843452847721,-0.145472473346898,1.01591492712064
0.962609492438297,2.22763232322792,0.730374039844885,-1.43340528447311,0.137354308170872,-0.637399290834473,0.0216554681994317,0.598813822585491
1.40646401623189,-0.792524128713455,0.399518813185011,2.11505009956073,-1.3952927484346,1.01562437034261,-1.02452255317547,0.0121162898405873
-1.6416495088997,1.69728053235192,-0.0861377871174699,-1.87795430938912,0.129304681058604,-0.762266388284812,0.524341248494579,0.27065425039756
-1.12690419254923,0.938924807290475,-0.0963810493728022,-0.122057580859749,-0.601597771650346,0.57482379687021,-0.757599687961063,0.860967970121142
0.591545480502423,2.03529495828804,1.86373382233984,2.02417790760835,1.00606676770065,-1.35903991270023,-1.16824798870925,-0.380009343422669
-0.956309119505936,0.731626386528303,0.851283491078538,-1.087746359456,-1.36015941159658,0.901967856080433,1.05212397768535,1.55762475726451
-0.691529886346393,-0.419847340595375,-0.0592854618366041,-0.848879613072641,-1.04895811091876,0.29778523652812,-0.188528179356023,-0.118425102227477
-0.445352767351361,-0.309743506851099,1.50066953016993,-2.05687457408658,0.498495802792078,-0.00277763319220751,1.45399683500195,1.13584691057108
-0.344484228326568,-1.36067647446631,0.451022941536234,-1.51947166718972,-0.0901631830849217,-0.231661006943,-1.354298285424,0.26923190208271
0.703698185246122,1.03771431038458,-0.0995630325040558,-1.04484716242907,-0.301406587056751,1.17555880002615,0.0926374826201824,-0.658056434647209
-0.603005764794259,0.0462178272837366,-1.02102751463047,-1.58621540848653,-1.05711361112445,1.1776067492362,-0.234299811777112,-0.0632752706951864
0.0893504124146815,-0.0577733552767567,0.346607005280016,0.376229715383602,0.434882247361783,1.2999024919628,-1.61494173124132,0.54494969709443
0.737494637219904,0.0767390706997009,0.517299926175581,1.4725394519362,-0.56499665817274,2.39038283158516,0.72903980684024,-0.572591281022965
-1.54037944457177,-0.633641164106258,-0.639980910158429,-0.854610588049298,-0.230545136666405,-0.650154555398476,0.446353008250068,-0.597399409300778
-0.689632292648809,-0.423413462128983,-0.998203710977064,-1.12781984628102,0.265979412934468,-0.953405711072244,0.304246502548548,0.592124556894194
0.859793460209431,0.776691007043517,-1.32931604978871,1.16922085082241,1.69899745747921,2.07296020843138,-0.302687448630801,0.590941403340404
-0.376519740675772,1.31090723646561,-0.873582293537821,-1.47044930292031,-0.00871313524125347,0.186067377477045,1.2241992481228,1.09253941810376
-2.53508347030523,0.0583013062676336,1.07104687470886,0.348784130696809,-1.10937700500915,1.27493204613466,-0.274595337658245,0.546119556290884
-0.857809228617209,0.245398357259442,0.468129482172467,0.772044219926447,-0.4081618541878,0.233083651874369,-0.805764241877607,0.923549554506023
0.816026406926163,0.232324718377114,-0.927321793089823,2.05342541549653,-1.0177930075173,-1.35590587652704,0.269796183339644,-0.506464259769616
-0.426588909225775,0.188775899725465,-1.5818156716694,0.467850088807497,0.528298349168525,1.08696059670825,-0.673460148314502,1.66408768222796
-0.40463684004168,-0.241815887985519,-2.78399210945974,-0.829628994093922,-0.789317361639856,0.597820644193322,-2.63478663720825,0.658908656341322
-0.145769224262472,0.572136317124428,-0.936595221275909,1.34652635123948,-0.394101753314811,-1.19390157791241,0.275335388761845,-0.262016288159421
0.71946636806737,0.705791797687352,0.477875031833748,-1.61987924668819,0.0274897178439737,-0.452467982110459,-0.222539934706218,-0.456256940566973
-0.491090752219327,0.204899603994032,-1.19529144352291,0.546131309063667,-0.640195524739317,-0.325648996612789,0.653130311423071,-1.37198906039116
0.475958438418499,0.552103380111652,0.305301660949113,0.0910898180595581,-0.121638010949474,0.0285958447740426,0.53890225541828,0.780781758339161
0.573153668052675,-0.568871310357778,1.73266163127779,-2.31379991423968,-0.745016884517566,-0.550033308585066,0.245688605107853,-1.55653261677041
-1.01885957771565,0.192717755598882,-2.16316306849597,-0.067993731669957,0.216219119772147,-0.541233659925362,-0.362846716940164,1.37274519225926
-0.0618722344363663,0.621347221610975,-0.119819499989917,0.398153284449417,1.74056958239155,0.213664554548748,-0.769300451745141,-0.276414400917907
-0.538305101604451,-0.10721561163254,-0.975527419817999,0.0161878169215402,-0.339658248594924,0.0896115607405887,0.669578382342391,0.389394145464634
0.416954726110764,-0.124075919558077,0.957784463175755,1.54200638660174,0.578088874408603,-2.22657886242746,1.78784738653523,-0.946826313792043
-1.50827665613024,-0.465021846854624,0.00494753450098241,-0.451071157715636,-1.24090859231834,-0.835933260512375,-0.890074052059422,0.831188231134709
1.53916992776747,0.573407762486937,0.354204596046414,-1.38726881608173,-0.168497979941592,-0.3410168395334,1.23373039401582,1.42447340558695
1.346018088596,0.254936081717929,0.176206004043117,-0.283017179291184,-0.441493854619144,0.50787381134198,1.86540949929328,-0.23200694681292
-0.842855777501525,2.67214420120392,0.230682050535359,0.173344527724339,0.543781189755737,0.531258570313673,1.56647362868048,1.38083770267844
-0.669874227807658,-0.134495017662124,0.329397305970626,-2.36581988963368,0.0864827950313034,-0.40901169495662,-0.416864155095204,0.53010501751893
-0.908487448146122,0.111574061825906,-0.97239308578563,-0.382232151635101,0.0290850403911157,-0.810128911311157,0.118947148699718,0.479246639957998
-0.136540641797694,-1.01000268728493,1.28169363205409,0.638559987965075,1.76102067929702,-0.432058431678758,-1.56024268098129,0.607743004497382
-0.501037963291251,0.887879801316048,1.52914308593026,-0.0936782207606184,-0.253217117468775,-0.10219858745039,-0.259467023724555,-0.709897200577616
0.1126384468164,-0.307217559138982,-0.150879530345409,0.592440716447432,0.14187649743844,-0.254360597321428,-0.523972699751552,-0.365234089303035
-1.87521756309427,0.133164992636376,-0.181568669642687,1.53716198184159,0.0568055206926491,-0.154028509912877,0.886576707877338,-1.47470943149775
0.158546714458315,0.945326369680402,-1.84093919530514,-1.82478276565966,-0.335573421636584,-0.154412368645572,-0.764158179909522,-1.56056143045424
0.0155626712640043,1.52568672984904,0.16519261489522,1.42008632153812,0.893941577224777,-2.30203996365628,-0.651517012431412,0.185930597323099
-1.60060346126013,-0.247450568194144,-2.25342167258279,0.724392378630478,0.786038359083469,1.46595811311111,0.0892659999170372,-1.32285855119112
0.275973089169957,-0.35660370110431,-0.203377537798555,1.38594059782077,1.96710139124596,-1.28869300561031,-0.886533545883904,-0.15907214923406
0.0549526398709077,0.207968407569953,-1.48901267982703,0.672720297605342,0.112383140049551,-1.21053214855949,-1.70873839752072,-1.65742454476286
-0.230573354697258,1.20925334744545,-0.805923131593089,0.091300191866118,0.299318090468458,-0.268363291058948,0.436905961964511,1.16075381592718
-0.0132162906038914,0.116558887074206,-0.163240061919337,1.90299026964163,0.371109310644333,0.683392481853822,-1.71840676192948,0.492863743944886
0.384949196022327,0.192066193440929,0.525835784591219,-0.208665051854013,1.8487927730278,-0.319669130901838,-0.331065507168023,-0.882853056275303
0.346723717001246,0.786616109492444,1.40240703340828,-1.99543620716839,-0.500333087975567,0.645175024187205,1.13771561749264,0.381223213208745
-0.431612760578627,0.739840689710885,-0.426245303013057,0.0516877565638259,0.0606694101474335,-0.411699887457752,0.389869746438173,0.861577871692326
1.1501780393287,1.08669203144834,-0.212596795069938,-1.93992329801572,-0.0620780971922542,-0.191809472206714,0.581792252847537,-1.64342114533095
-0.0365321928878792,-1.95280729969486,-0.230817019099012,1.39701843408172,-0.893966984604095,-0.862892281569729,-1.00196748739492,-0.181845745738601
-0.135801421736564,-1.18242682652454,-0.492154208159477,-1.43684405474108,0.12804253675849,-0.496653266818923,-1.26953818951398,-0.114608584527192
0.944618045644523,-1.18067847791903,-0.307399420096093,1.19954250082279,-1.1650109626536,-1.82777471788403,0.82456713236202,0.409391441320627
0.992041361670064,0.376981101876066,0.713397005310362,-0.721900283342356,-0.907834699118437,-0.316512824335762,-1.21900689196755,-0.727517915977506
-0.700669754968901,-1.35679104068327,1.75659582364803,-0.355810613282479,0.0861012552044173,-1.92056252600781,1.32835972451876,0.675366586201336
-0.991058671834594,-0.22860827167565,1.56873629399177,1.48687251540377,1.46920381318953,0.162658786066582,0.35975015642356,-0.267722712006732
-0.705618052658819,0.423256564904682,-0.114376060875312,0.477549361395632,0.653786739597354,2.80586044363066,0.0482544603042813,-0.578796346431862
-1.17577589332822,1.94090825966462,0.585612246214135,-1.37022424167851,1.72391576260558,-1.90191012546795,0.310578494380547,-1.36170834749376
-1.78119695174032,-0.241019348067338,-0.583870739389275,-0.17711895752282,-0.857159689070053,-1.37325883300246,-1.25461398506475,-2.45775803860105
0.310607521838391,-0.0209705719304921,-1.50778289137984,-0.332559109144646,1.24698442774439,-0.293687705724852,0.481119496236423,-0.467099381623673
-0.145110360949431,0.235647056296984,0.518631721220592,-0.890218976149672,1.6679455024725,-0.891121986533703,1.02708547061686,1.78499980513671
0.642549753692457,-0.595344815613527,0.367644068718127,0.640716408089931,-0.991977148314813,0.236105127173931,-0.949458450144037,0.669360629310258
-0.00165936230130426,-3.19955843375579,1.59744004592723,2.63735148237367,-1.97486590858251,1.7496394242358,-0.175542123407846,-0.85367195397312
0.409162962077351,1.5112784716271,-0.173505779423678,-1.10069855892915,-0.27003859287773,1.30113476661601,-0.850897465710018,0.275772340984133
-0.496058147310148,-0.343587003482767,-1.71396796503711,-0.20807028501303,0.610167913070915,-0.681215096624127,0.0959751145563195,-1.86486345888461
-0.960107958901165,-0.716929115298069,0.284856517472213,2.67612561711623,0.34432182334973,1.19455442244611,-0.437296510119848,0.76461160384975
0.778132224570433,0.287909147297481,-1.51545966092347,0.209410480523767,0.703680784033075,0.850906768469736,0.980086499864723,-0.493227828139022
0.761120616327841,-0.617472756244325,-1.11722842504756,-0.34472507929852,-1.38212351854554,0.555565335896252,-1.18094233347954,-1.20089785942567
-1.73371218388323,0.920167406912455,-0.462236253258946,-0.00453403522339105,-0.645911155366768,-0.883430008481552,-0.101060647834759,-1.39301588555374
0.877294651826757,-0.454100665235518,-0.450398744367244,-1.66862721652328,1.25464642024808,0.824345772604795,0.0410600179619229,1.59048487770266
-1.77337143893369,0.855761324504685,-1.37722783470441,-0.144608090509227,0.0935549647990257,0.687913712610013,-1.81334462748118,-0.36884148182287
-0.0456873243111543,-0.233542837588828,1.04859151359238,-1.0847932081838,-0.0678033127150459,1.33576821950678,-0.253991183222538,-0.0242197307999062
-0.394872253984139,-0.978371478897954,0.30555621676614,-1.24631260834884,0.284565710030355,-0.808845875084407,-0.920079170431068,-1.22793745403279
-0.128056266421018,0.737215963533884,-0.918748616451352,0.22109416309523,1.035015631745,-0.0994675295096023,-0.665425473588886,-0.279013731093929
1.09623773188662,2.44160362468046,-0.845222587052554,-0.74315183848227,-2.13637718475329,-0.797674770999511,0.712096369344055,1.28957959293326
-1.2552178606199,-0.992492651489919,-1.22732567518176,0.506516386132896,-1.59668399934347,-1.7176681053504,0.801871415381809,-1.13178404069636
-0.265483694629895,-0.440736144505333,0.351529308690375,0.446721697848128,0.766276847603894,-0.312094291087325,-1.27752543968337,-0.188617960402129
2.55330249004026,-1.16938753229774,0.880826582309925,0.370860468029778,1.80430095944397,0.480884995744134,-0.0967433903328547,1.84420311942349
-1.47830630595052,1.59198798945038,-0.453966879586077,0.13178222166903,-0.112184128299368,0.3981995835995,-1.58258025866391,-0.569936381068933
-0.626587568230723,0.127274716720975,1.01804620900246,0.520402049232006,-0.513479043706253,-1.53285914020452,0.840055045816868,1.56593647179631
-0.0410520223413907,-2.32709865557149,-0.319211879877217,-1.11138116594466,-0.0337744863559434,1.29122978508191,-0.557926794082716,-0.233203728532309
0.199953219832439,-2.19677491732732,0.258135510658443,-1.28087562153579,-0.725624468196011,0.921606245351757,0.98725268885686,-0.678565864429623
-0.533305600527376,0.939165264428458,1.1163642663612,-0.789553914786685,-0.838062101736765,-0.724085415151949,-1.26353542515212,0.11983347840089
-0.266032317684011,0.299162155572667,-0.77210829956962,1.13584635187956,-1.2442229498742,0.573933753842347,1.27886674754743,-0.178115391043966
1.08414781411867,-1.98992669349438,0.11259430625395,-0.0409951427450241,0.460020673037061,-1.75990865905637,-0.609313636243281,0.501784783184972
-0.180745479625044,-1.20413480040692,0.531562239371635,-0.163235480098709,0.121317228481495,-0.913661932893341,-0.800381377135679,0.0187145976186322
0.251555319378233,0.398345738001552,-0.422902650617128,-0.222469432635603,-1.01106347659816,0.843278144910845,-0.445381698869826,-1.22492057794299
0.369542235154893,0.0447565860236231,0.148623992007772,0.102968149005858,-0.175013646157312,-0.427945566890583,-1.08583567011609,-0.905670558587593
0.407034259389767,-1.8661608131691,0.399286308762999,0.523807648790757,0.470131842823454,-0.785931108082936,-2.19548399963908,-0.30178409044946
0.492505019245782,0.752522837991073,1.18545205531744,0.0322389715446624,-0.821642968514524,0.18126807207226,0.0121023883807461,-0.672594464286482
0.0546325790523077,-0.425684374542395,0.919095331882198,0.980462765500885,-1.11789885607829,-0.98233866170379,1.81486601205415,-1.19404441969062
-0.708674076161911,1.24417031633511,-0.394769701294296,1.25945385047734,0.134706989481657,-1.69942556383645,0.0946465644703819,0.328374005722058
-0.0582707524435477,0.450349279282091,0.609240909110271,1.07523201350786,0.508580830144817,0.161515532679225,0.265254956283837,0.111659026624689
-0.963421822237506,1.18280748259793,1.552754323222,0.176426020394543,-0.938576790194131,-0.205045971136367,1.70340368785198,-0.0906696181631571
0.0933932966058741,-1.96397811110401,-0.628994863204225,1.41393746582515,-1.88906497674687,-0.197708729131696,-0.25358839120465,1.50313782549195
-0.347901133459108,0.746612868701424,1.41924953870264,0.160971661261065,0.482163825957928,0.761530789270692,-0.880697600212586,0.369617077578049
-0.118334438145549,1.05132374710196,-1.37066534309718,0.217567578115896,-0.528172677068759,-0.361650445168573,0.339472686701767,1.22491619068874
-1.09909095717492,0.524171085063729,-0.897031020178635,0.125278327236745,1.69855652379809,-0.284077129912569,-0.0552073286185039,-0.961000060653697
-0.283076412422231,-1.11558427972451,0.137112823194629,0.725674124786537,0.110494412891454,-1.4375454413273,-0.31176012150149,-1.71258750222823
-1.08973467284561,-0.04776622165316,-1.70437576028005,-0.630690047661993,1.06043734855821,-1.87641468387563,0.234988601367927,-0.428461232730074
-0.405665544099862,-1.91702894207942,0.320308058794637,-0.79950646655829,0.402048184506374,-0.466142684630522,-0.287350108570552,0.328131493861601
0.526907259597763,-0.571730237839681,-2.13104361809747,1.63302692898738,-0.081881955938754,-1.32675782016916,-0.785545949679426,1.73913074222333
0.240419981775496,-0.748196633636421,-0.742451433401934,-1.35683212286402,1.14226631396081,0.0766439433592152,-1.71136654688692,-0.0709125024954429
0.898362457249366,0.345178956409604,-0.951941765720054,1.2886304322699,0.650024265837611,-0.345061291806643,-0.967076151365992,0.187612545243691
0.487968126935476,2.16395110444013,0.9339879197246,-1.61385821561765,-0.0491467366600465,1.20492953816262,-0.707630362032266,-1.59411097117971
0.111991365197539,0.336646342204412,-1.09948288223523,1.81076383632079,1.17634276216231,-0.498983588300403,0.276820012394274,1.66017382152851
0.998313347136219,-0.41786398353582,1.29711010122401,-0.057623100096365,1.47762665792952,-0.39017069355203,-0.242101114849881,-2.47366865768368
1.19171680875342,0.923691020706285,-0.811869011460114,2.41506334323226,0.303357108696919,-0.585536568506376,-0.751968660837195,0.16980806550854
-1.39938756712371,0.766766592335207,-0.338192213747675,0.340240115639073,0.946664237158991,-0.268542109333508,-1.32662807450544,-1.32835421961857
0.892147736646772,0.248748147903931,-0.829080141784422,-0.608316711861147,-0.868514193651488,-0.304956745639016,0.0360709617873748,1.36388428247328
0.777958970340806,-0.657218034949707,1.0766521816494,0.876135179728083,0.795458592786389,0.6672974421784,1.13614693290806,0.339885770641249
0.941914516346951,0.583124169133963,-1.3278948055111,0.264185675172388,0.247662225184092,-1.33856731439226,-0.773993210652118,0.19573903102523
-0.908802712301102,0.690682867666824,0.739907498461063,0.707408266944144,1.35479640192585,0.260863470997641,1.18487926292878,0.484735060263488
2.40893084447621,0.291864679995948,0.976673150622898,0.251886041186151,0.10129250335544,-0.229908534712624,-0.642884330287539,0.03973310766644
-2.59425017430808,1.92307416746338,-0.37681524864787,1.38606042231879,0.0106392565032444,1.87494902300616,2.50987398917659,-0.736603113716656
0.00686303751409396,2.30612974849875,-1.30089125498605,0.955614297356931,-1.29507149674391,-1.58721820502111,-0.405878818153629,1.5707772728527
0.118106668928336,-0.98919526784311,0.725204344924953,-0.39737164171849,0.807104840261001,-1.27757830338367,0.958272247890353,1.32373652498092
-0.14969732641009,0.401427408509758,-0.970320176942339,0.23732729082501,0.523695574586976,-0.164744698727624,0.474715797385102,0.872744496266315
0.747873287863168,-1.23238817325492,-0.887412359318331,1.64124598928363,0.0849157577074405,0.822502689857642,-0.153085948146085,0.403401808569304
0.12403480689883,-0.544689343472721,-0.686216777211003,0.195147042365679,0.22765036097186,0.487841959844427,-1.07995195381773,1.20950428872068
-0.778054747212651,-0.434532959022116,-0.934156876357404,1.24492537080358,-0.184817976116395,-0.644277240904474,0.26896770332765,-0.193413519593046
1.41003330549222,-0.140845191963231,1.65832732814445,1.10659743934477,0.0027908059562317,0.0252163852645532,1.01871604052511,-1.90788852245731
-0.293911808229858,1.75814127006527,0.614131653946908,0.240714012842479,0.8901603660231,-1.98028441396859,-0.126024676261069,-0.498548591274709
0.610678645005375,-0.830141420577255,0.338641287474492,0.827899204392382,0.93879164101737,0.303527219762318,-0.228079861940508,-0.956086728694659
-0.666510079863262,0.514427756122244,-0.576008960512498,-0.547282307876656,-0.840442509453582,1.27316308828519,1.87941420547248,0.312810402171223
-1.0598828782705,0.787131076627757,1.05067558510226,-0.0485827028815021,-1.14918015945899,0.0240727927001065,-0.820610483936024,-1.37682600900861
-0.605838699162315,0.242015513717525,-1.01644723113006,1.93556832982399,0.541842105808345,-0.42804136638075,-0.295204286828757,0.462275261575772
-1.05684142085412,0.559916806561637,-0.210170203015396,0.253597550760227,-1.1594246958672,-1.20095767996442,-0.58981283524476,0.456191716174163
0.53310647267496,-0.650418509012264,1.10298560260448,1.25288968616158,-0.0492092562943862,-0.632935247840562,1.83449496027623,1.12104573677378
-1.55209261464742,-0.458392616404943,-0.933756564769499,-0.421722568901472,0.355100334622036,1.3552165382172,0.985023038630721,1.23836530170522
-0.978489465308578,-0.680486321714024,0.0373396617812627,-2.37799260082657,0.493990535909609,-0.343889633450751,0.346881796056847,-0.806468822198931
0.0272183551599775,-2.19243732797149,-0.76907614575847,-0.902488977267275,0.336309159632951,-0.62589000162234,-0.338348818885776,1.72240784337943
-1.71557231699709,0.625987094854832,-0.387566229908299,-0.237761686143295,0.0790986219416811,1.36744315735339,1.21159737246258,0.232456691922961
-0.504888026492709,-0.415461682891878,-0.0538397421329862,-1.21800598290158,0.516812641717863,-1.79969327521372,0.762971981749479,-0.736465124210459
-0.304922680917571,-0.17630383376965,-0.188542475976531,0.844125411434134,1.15508564511843,-0.31448607863348,0.383767458154255,-1.41759559590189
1.34607823542665,0.665259163558917,0.965698413257635,-0.00837302298601239,0.114284939812984,0.0738981401409877,-0.124258945832,2.08918396319344
-0.257536690796696,0.0498835161725022,0.625906596890689,-0.966078460014396,0.439803663914235,-0.699306260552063,0.222488169502522,0.789552006785496
-0.523287300658334,-0.111450292883659,0.817892823041214,1.08313924931077,0.224859482656072,-0.699259392290336,-1.79076855554196,1.29813205751503
-0.663217798972631,-0.529151371898205,0.846438126417034,-0.32548734328512,1.29957991113807,0.312939740584129,-2.54904161590357,-0.582104318058009
0.447221039692659,1.61586225377977,1.33169732315778,-1.1593944603436,1.40847748285495,0.61517017083612,0.610946635234322,0.838623394859709
-0.319450981926009,0.139510593333388,0.226968255002825,-0.11005649412933,-0.698742652880343,0.159816208307784,1.43177060531758,-1.72614712153423
-0.543778849936917,0.119583697425689,0.65350981979275,0.156327311375533,1.98163498506089,-0.0454478235356775,-0.61530373403249,-0.824797119716767
-0.279673442488512,0.979865755338673,-0.340644344731065,2.38313749491514,1.01525940814093,-0.84835290813545,1.53837881345622,-0.410382706895946
1.06523260036693,0.379384347932197,-0.115979062343394,0.26535607267507,-0.204864569425223,0.60453967324254,0.702268187296494,-3.45335669235758
1.56782874914562,-0.880212619427024,0.535850478938863,-0.366097554098001,-1.0933215064426,-0.933994665859771,1.44903642445459,-1.10344852112814
-0.643112078958536,-0.406452972046551,-0.337686762629956,-0.990215675717618,0.266114014654524,-0.122862888262648,1.43864117603819,0.61509237286253
0.0205217485106878,-0.777125159688669,-0.374418781703754,0.164341687007858,1.97054452329947,0.499170848210818,-0.290186083463062,-1.42248531506905
-0.324184458375485,-1.68350202776482,0.272783555184757,-0.333748729989041,0.299882733241672,-1.04662060255234,0.522104364523693,-0.41064779545284
1.85739602217537,-0.166982560101955,1.53591780168055,0.827944525860563,-0.606553385962444,0.24416562707757,0.16198014830066,-0.161038987129658
0.590763995069064,0.593948229116086,-1.39188968640531,0.269265104828772,0.417253349453851,-0.239847908251422,-0.879281637206809,-0.880425973120688
-1.7806267173964,-0.518159140749171,-0.471635008527422,1.45522990111788,-0.56940367940046,0.892507692301903,0.299118103764146,-0.0430319033763777
-0.434108699575314,0.44119836360764,0.381585018084879,0.222469470914911,-0.458414787027982,1.52229141743761,-0.414070363401175,0.338976133946333
-2.29274971170602,0.755600865049457,0.319341086263141,-1.39271480662469,-0.292835266332165,-1.34797780685531,0.878041760045371,-0.844168329752571
-0.0929652384515409,-0.112960860177346,-1.41476618244951,-0.878067839206127,1.33351965330527,0.720419062498517,0.434534425472011,-0.743752272250319
0.70396445332971,-0.47462538771123,-0.739714251249943,-0.0218541328511269,-0.826876514931606,0.0347853939462854,0.0991288338888999,0.412954191240936
-0.894489621256767,-0.702121930359935,-1.12173115267717,0.602144247645602,-0.705877740870251,0.0636886378960745,1.39640713175494,-1.39269455625712
-1.28250679207462,-0.279371035837961,-0.0455645969922295,2.44725882154866,2.05866444055217,1.09832215170708,0.490300252106262,1.65313832867773
1.25578417415048,1.56420974922256,1.31356314065774,0.666058855560793,0.235186496457193,0.526957518899046,1.61762327744314,1.52243561630433
-0.964629979588376,0.091093609568575,-0.00158204230492996,0.586361811863445,0.223858534920265,-0.0574283783582475,-2.32438268900539,0.285807799060241
0.907783881064091,-0.462187981024542,-0.212091233815896,-1.26805855335004,-0.600839515748053,-0.293913833682497,0.770723105045848,0.0199316309260017
0.214073613669174,-0.450438751827904,2.25347500925588,0.358552139956697,-0.482981159780411,-0.308886513025504,-1.5049760839965,-1.45293607636724
0.881023122748974,0.0730966154107931,-0.60624713210924,-1.31364043356076,-1.02875892209793,-0.0843275557037345,0.529400864149855,-2.32516967197187
1.00254499828277,0.131353009028611,0.113822755103304,-0.580614087875076,0.854498938251634,-0.761732958784744,-0.913110449483152,1.81597535252693
1.13991050456775,1.34563639889239,-0.334740454208365,0.864765519170321,1.13988709693684,1.20579213927605,-0.109537054271339,-1.84704205751548
1.23603585230776,-0.423361472072342,-0.907281697378612,0.95430786739449,0.161592408076471,0.53737587291791,0.255277144261771,2.02044096151681
0.295401510142675,0.976942283768022,0.605857718423736,-0.414801446005404,1.15137349107244,0.669172456819161,1.39141441044848,0.375154337030946
0.171761023605458,-0.6309804050454,-0.522815844166493,-0.558618241964977,0.349893775243102,0.1720175113333,0.00962830193095711,-0.824088953032804
-0.955389282695438,0.219751181001007,0.850439392709796,-0.270276149101444,-0.264185111918134,0.207695456368839,1.28879517380125,0.104239340951295
-1.21040912105673,-0.345672485091224,-0.408036071471018,1.89311942664189,-1.25119634425876,0.129107054181012,0.715019623072396,-1.46017524709169
-0.601382997836582,1.0059050442053,-0.141808656570536,-2.69698647751635,1.24697066950636,1.22029130711617,-0.922135021826906,-0.102513908209889
-0.135816136579885,1.39731579966728,-0.813898073869445,-0.132280082640688,-0.993760400229873,-0.388441420234782,-0.4958172708086,0.828205599075115
-0.987272784920511,1.53536108075324,-0.325540589312666,1.10578518331992,0.668355666648076,-1.08556449077231,-3.11046225787612,-0.174245318375158
0.831925014618268,0.684528247552368,0.378157397165477,-0.162973852273515,-0.126540964284855,0.612473701706874,-0.692760588154502,0.754012571716463
-0.795059516415481,-0.505352566351758,-1.994485362048,-1.18096941298358,-0.275562472515352,0.81564534791706,0.298901175659299,-0.441303510913884
0.340464612015827,-0.124233092127789,-0.999356693242897,0.650834549167319,-0.869590960285682,-1.32961150152966,-0.0686729661726017,0.424040197794794
0.870429820346914,0.301334745178827,0.283822423134089,0.877332548062815,-1.03594000634521,0.859407793312078,-0.868379893695248,0.400816992990332
-1.18216100524638,-2.08736714684124,-1.10119397684316,-1.22627895946418,-0.311627466058818,-0.412360608341253,-0.668142893953835,0.318123540603273
1.02289397573496,1.4203970626931,0.983346982359529,-0.31319308499966,-0.466188842375117,-0.188597814992205,0.169412562040907,-1.959580555917
-2.10843457624333,-1.06897934731921,-1.01662540554706,0.659091821623051,0.50624044812303,0.605501867368945,0.0725108749604327,0.98074778044263
0.229762637699325,-0.459351897002142,-0.863907495138643,-0.774219031421966,0.832941126823373,-0.0328829756552762,-2.19836612854694,0.0961140921323252
1.51171079155376,1.33166610954918,-0.226986669320353,-0.0415635378486401,-0.0775090629745637,1.53723441369358,-0.920895411938668,1.21470715999068
0.555437989150677,0.409776277697745,-0.272388059455222,-0.24045008273736,2.11249489910289,1.03400886464528,-0.0718157841268516,0.154008496395697
0.914878801249372,0.472336504221015,-0.253790438243238,-0.171975055718103,-0.642303979101117,-1.44218883383136,0.873053040435923,1.20393245642002
-0.553396624279516,-0.749698629326992,0.415776373443036,-0.171918069348525,-0.88506054380342,0.28023293446739,-2.05087681920882,0.529176728704763
0.298376089510017,-1.60169156402432,0.572441869624907,1.28608830547203,0.20287636327018,0.198357002095419,-0.0729177229225061,2.17219556863999
1.10637953965214,-0.791447325580303,-1.81823624118953,1.09940955513666,1.004768084267,-0.584094903857366,-1.29509455054047,0.756933016153542
-1.32914958483242,0.502010547640313,0.953336849161407,0.474163165963491,-0.860901169897133,2.07416285598275,0.793901997710395,0.571763962241999
1.00169412888602,0.717195270520938,1.34424787271312,-0.211986710972251,0.59737274675599,-2.46045877115838,-0.447814855363096,0.640149536987938
-1.40930387375741,0.0433551906169097,-0.754470215261657,-1.66149711780966,0.406204229566639,-0.900195149916785,-0.394078747630134,0.866185456125837
-0.498781024681268,-0.394144346444174,-1.88690223703747,-0.934289867724526,-0.730148187850691,0.864813432188801,-0.837167641419907,0.674328438534347
2.62275685248845,0.380004825407965,-1.63915999611165,1.11239828283186,0.962021361030707,-1.16490590037878,-1.55388550367857,-0.080024807271411
0.510665566028528,-0.622427952571525,-1.91281989340237,-0.89911777023736,-0.628649597644787,-1.28669991216159,-1.28302476117474,1.17446971754031
-0.0908431942191986,0.511387206007391,0.308721061757311,-0.311530896365914,-0.14723209034617,-0.942064433519538,-0.451811573698659,-0.452194962825378
0.978765679210879,-1.10137305663194,0.634157592046035,1.09191402139033,0.317945659034316,-0.411287485642298,0.534240559713539,1.53558019793561
-0.243808656888315,1.86141559956748,1.47396772275126,-1.30455317092394,1.93655343534968,-0.75130424575106,0.35420600825954,1.40933249793721
0.621808959213633,-2.70498912238434,0.32357209555769,1.74335639516799,-1.41825040481978,0.395032595101899,1.76282794415403,0.550129224700177
-0.344595219846322,1.41793781636752,0.923510125090382,-0.111368799741484,-1.13586218073342,-1.65248018574134,0.266007914506402,1.21945870583704
-2.35522454584149,-0.655309498116006,-0.556882439326111,-2.41498916387205,-1.56274666151052,2.01460640011437,-0.494919169716799,0.611933987815353
0.472387633353643,1.25228304742217,-0.992930853628641,-1.03359154893145,-0.979506166047071,0.395523635328278,0.54447093554414,-0.573897686040245
-0.511480194786914,-1.46028743217333,0.267362681279231,-0.281419164323327,-0.116111400508386,0.0426468683004332,-0.336321333420996,0.028277033270361
-0.573602199756116,-0.330734876793339,0.337202940545064,1.38597597125066,-0.863532520445838,-1.25023145436503,1.34172248393627,0.781189123279699
0.00379720372860315,0.210817790526989,-2.07330759695566,1.06853293850927,-0.75772560447469,0.737180719721138,0.0728904446238262,-2.21107882243512
1.34255092952781,-1.00949926422224,0.937936932333045,0.713569502697891,1.41423137560694,0.03309400061624,2.35444597453503,-1.32102918594538
0.295461511559413,-0.534776646171061,-0.613064599652876,0.405264937813647,-0.306911100791477,-0.423339850973753,-2.26993006016945,-0.729562097980173
0.841786943605435,0.495058274885941,-0.112092904178992,-0.0990521856843799,0.15648485228411,-0.123803976158941,-1.27266209747321,1.52561301599951
0.62906429822047,0.548494049782142,-1.01392542362372,-0.509338630091173,0.386456027400365,-0.638125459019261,0.746505890871275,-1.02809271776667
0.101598399463067,-1.22774261421895,0.636392746769097,-1.10237221609092,-1.60609475290103,-1.3015508229756,0.619935775143125,-0.661331186365576
0.671120874661013,-1.00661264436047,-0.370722808414899,1.01250510027656,-2.82610300465957,0.40369301263209,-0.00960758289113684,-1.21786725436423
-0.138316374561719,0.207167201609838,-1.42133301305244,0.109232752632888,0.743000378780799,1.73059081040922,-2.11726152340742,-1.99615078019357
-1.24931225315241,1.41740118033914,0.289090230395264,0.980063221698809,-1.7093705149473,0.48731898819679,-0.856159344177529,1.23976919603201
0.347635244215357,0.747089396555255,-1.64787067570603,2.30587906012749,0.597286626405001,-0.733540596007537,1.05939512719261,0.498176187501986
-2.27781365917161,-1.51943307234853,-0.190245222772756,0.43448121240683,0.220369998214869,-2.11563394009784,1.00310315973966,0.437054867482575
-0.986209181193632,-0.720070739324317,0.0194040309542796,-0.152731794414678,0.0580648975681312,0.902436203839007,-0.54034590280944,0.189133336508841
-0.0595413435522069,-1.83821203439613,2.7018310603995,1.00988032382087,-0.136941001482439,-1.22864541596638,-0.420311579499673,0.115264175159055
-0.160759490474124,0.784395864352993,0.510971555702922,-0.443828102937026,1.39489668206979,0.251337741021763,-1.5668306640169,0.706874682346504
-0.420361520340292,-0.871052149527092,-1.2733439430434,0.439103454188182,-0.270216129672538,0.421084095962268,-0.106591842761242,-0.997536707436401
0.988591016328615,-0.0108663130165317,0.376437913312468,1.89843518186735,0.41398727014131,0.393761243465215,0.403335272940134,-1.38670418978895
-1.06961379110863,0.609141558215759,-0.0987659900483044,-0.611121511540763,-0.0929191462980903,0.574070603668271,0.598405349801107,0.0891247770146796
-2.61364346701511,-0.133051648058773,0.220544495588186,-0.93798494854762,0.588175026663138,0.688529181045117,2.00088997273391,0.00453888079906569
0.780451897662153,-0.849531062880063,-1.61592686996966,-1.06718085911413,-0.351935687792743,-1.1159920574386,1.41435850563072,-0.584962977293073
0.0451050735540702,0.115138725174226,1.68090301749135,1.23965412665599,-0.676248140369777,-1.31199521445335,0.850262000158708,0.201977624806613
-0.108489158897566,-1.331337154012,0.558235768607064,0.597311622126473,1.58282990055473,-1.94427492377333,-1.23628714824612,0.134868383246089
-0.391224310070966,2.37445827173169,-0.376390838734751,1.27200905398403,0.668169764040505,-0.162476765919751,0.0437999424550283,-1.59884066790056
-1.6869995043286,-2.49583641731167,-2.02756608489503,0.751093203049517,-1.35245488020165,1.02722187796802,0.773966418881881,0.54999219815819
-0.952704455151679,2.20367615406188,0.397905309906828,0.223100777607129,-1.04566699318096,1.04556362262399,-0.860014692029583,-0.259413530583234
0.507414112103395,0.571396927069173,-1.39689726524874,0.240323523177152,0.0696853727580416,-0.728451122940766,-1.02065498406398,-1.06805171526994
0.0188160990067223,-0.583745237218935,-1.18227052196702,0.0823873375786159,-0.809174493352748,-0.293095390311934,-1.54364696659297,-0.184487290743834
-1.41891037358562,0.274860357622418,0.542324933740678,-0.682658562407733,-0.280586091284184,-1.64199006433046,-0.0230984662132283,-0.56868300696428
0.598171931352236,-0.0482891959610158,0.734721150305722,0.127400362543656,1.18395431773747,-1.73738116597049,-1.00280802488702,0.259185384326754
0.786379621743228,2.25246864177724,-0.378504196411471,-0.304106687955118,-0.434325979284428,-1.01227852982924,-0.887086393842553,-0.0721051202937089
-0.134633045902237,2.20798222218406,-1.64280557175606,0.702970424566676,-0.259943059340318,0.672453565532264,-0.514055174167831,0.0451798669944702
-0.016386517615323,0.766845014645972,-2.35363430203608,-1.06445864000384,0.184559258221765,-0.391914209461909,-0.0436202795335904,-0.511930940502996
1.40914040823509,-0.284191743792878,-1.40018450981963,-1.13889405370326,-1.40300631026896,1.20492009109863,0.314424876519178,0.260930551004143
0.394838698802266,0.151645292541353,-0.696793174595107,1.56513535325507,-0.639815629634027,0.354274987714942,-0.853335315640873,0.453277584496227
1.21987512807247,-0.781106086643039,-0.973673476625389,-0.166738192659001,0.42350305776664,2.09467690667718,-0.172100793387991,-0.644624235149646
-0.0450772128729762,-0.957398363247324,0.321376423697846,1.30625261390082,-0.455913968682192,-1.20643837032015,1.00058015354377,-2.31300109160292
1.47948784483878,-0.30434111795109,-0.819010373585505,1.0311126062796,-0.485551158030837,-1.56023597714609,0.59374636992106,-0.149029627346085
-0.0756837866923921,1.5308786534036,0.472704589780157,-0.804258941736748,-0.768648332124456,0.673402750906882,2.52984551587397,0.583570494281489
0.917748457199555,-0.478305936644692,1.1954171235144,-0.937488913682185,-1.02506503954399,-0.426747621486164,-0.827990490477815,2.39691994022912
-0.344778713742413,0.275964288525917,-0.445658345235482,-0.602029096549112,0.156503618363841,-1.16967743294643,0.106772958311398,0.939186872714122
-1.07700265605392,1.29277985593516,-1.35312998679368,-1.99778075577837,0.183010620319673,-1.56710593001018,-0.0636591161473881,-1.96399731906614
1.00160472735829,0.424010706580774,-1.18503067452279,0.322346971093487,0.37343094619018,-0.816689144585687,1.94692994461219,1.50137895502968
2.29600404077134,0.527765253770584,0.760606964346921,-0.527324032922146,0.883912956175434,-0.0585536142271913,-0.533716399254206,2.34171201207414
-0.325878115450014,-0.653829982143573,-1.55734809274195,-1.42186505187894,-0.449343492237116,0.847997246266221,-0.726090237585857,1.50730635397759
1.46885612852932,0.121675552673985,1.60220703903869,-0.853658261930529,-1.9527793315558,0.521341116728113,0.905347326382314,0.479356987750035
-0.236908933173859,-0.986863054729454,0.279216025367745,1.21397719450439,0.559962689871533,-0.0809801630146109,1.19901911872105,-1.07093669134906
0.923493117890428,-0.755594462248607,0.958156714510435,1.14590202106074,0.150742725793133,0.0677042214773625,0.971663362715507,-0.63848141543416
-0.989191806701409,-1.16098995844004,-0.737894964320054,1.18851890959043,-0.273677608981348,-0.387454409304862,-0.969660855347485,-0.281848714905009
0.275646278286709,-0.442801523619572,-0.641051896129936,-0.672187667147685,1.00546452867257,-0.0172287253227738,-0.342246723432739,0.951159454696249
-0.763661093561037,0.334947784039575,0.446461847481247,1.54701810591015,-1.38176225076418,0.886617106902143,2.43530666321973,-0.756849698104293
-1.35211198419997,-0.10065856814523,-0.189212251041565,-0.872310969113149,0.243892859253232,-0.916768308749821,-1.86192917206168,-0.571168643109264
0.655024410228004,-0.975536842960497,0.588090755966724,0.651961867008655,0.440829133978484,-1.25074508728109,1.82470750177354,-0.916293407134279
1.60964676035496,-0.973216625621073,-0.188046258983758,-0.177247468490765,1.39673209486667,-0.800483197979753,0.813346288324632,-0.537378327751712
-0.78850696587791,-1.34078652646553,-0.183047444540422,1.42003784273808,2.45516247554958,-0.26115253974514,-0.61917258850694,-1.09358635290604
-0.883876112525995,0.414102402054408,1.76037108613501,0.695296464522294,1.33286835139308,-0.0884859110618849,-0.287297760014819,1.94570705554285
-1.07251461179358,0.274162429825081,0.491819019266072,-1.54603559073115,0.033690921466361,0.510521289371285,-0.993585979269864,-0.286749801250081
-0.458140981447841,-1.41396295051925,-2.32690137102039,1.46024620640676,0.580803028242274,-1.11116367057238,-0.367496977909044,0.0527449644272849
0.665647015578227,-1.68193057318907,0.717234053379376,-0.340635749786751,1.76487640205636,-0.281581778556004,0.394696147660838,-0.285536567849009
0.712228212418725,-0.0700861139491127,-0.68233877507983,-0.698301350668971,-0.526514926164833,-0.820051916428201,0.65260957056697,1.76086523369342
0.442954227499162,-0.460309029288299,0.038614423126172,-0.337515007513086,-0.27943384986046,-1.04533143034428,-1.97207588241079,1.18999004859416
0.759587312059179,-1.20714570347743,1.35344327237485,-1.21538111845788,-1.28236758069498,1.94626990470371,-0.357659154233343,-0.764852445439542
-0.468877666019124,1.0404412181286,1.69138981336243,-0.490470726135248,-1.22184388438343,-0.589882706565385,-0.324772003553423,1.79766231683709
-0.172709977883837,-0.0662050121858745,-1.97724922370716,-1.25165537160718,-0.798472671546115,0.673625885689171,-0.717992119669652,-0.316472705355065
0.682049899385807,-0.0198577785368134,-1.52539749092167,1.45884034195605,-1.43329200607668,-1.5742081210425,0.809178541407196,1.60651591266239
-0.281577328241543,0.615556223378135,0.437746900882553,-0.0760075039204567,0.193087423138861,0.861068146463037,1.10757441418005,-0.269151771206383
-0.961622573931821,0.420382969919601,-0.643125319354182,-2.30035378028692,1.46234443126212,-1.7516208067771,0.607378430666512,-0.626282803612518
-1.37765014473256,-0.327954877427185,-0.4760779533788,-1.23452881197719,-1.14872230804112,2.0192773472899,-0.891671964921931,0.0504652869702844
2.69758663663836,-1.1344563021002,1.22940126860004,-0.31872851941623,-2.14086123546845,-0.341039065480226,0.0579432099711363,-0.868049191645989
-1.69971505556293,1.18226830511672,-0.461557933995871,-2.79696361084697,0.38117468229221,0.0565367538803136,0.572183186482309,0.618422009928659
0.0293166527942015,-1.7107858033122,-1.1671305153144,-2.11105550672967,-0.931614530451591,1.26890203004078,0.417573789015206,-0.226023531407588
1.93431433615124,1.3794490444046,-0.300352441454183,-1.7064909621965,-1.35801930631793,1.05668084466627,-1.25821220796635,-0.108150974981079
0.837510875177963,-0.541005329157528,0.769973982367045,0.986157987863759,-0.177532062321212,-1.0429544279269,-0.274126184282871,-0.216373237039981
-0.185346331084667,2.07546679173333,0.240262799278662,0.267936901572258,0.878059349890981,-0.766191607323573,-0.702450493588918,1.78814419246932
0.533329177764386,-0.20476050301274,0.754168797301627,-0.207240245735525,-1.20151479098375,0.850036233314564,0.0437626146318556,1.32407911579873
1.78495624201476,-0.551416985520336,-1.76908156428037,-1.41992209789167,-0.425751825853235,-0.635947026172505,-0.0294049445751913,0.0628645727937592
0.189627819830131,0.0411968667731968,0.116332320379715,-0.47819724851789,0.223435308014554,-0.527474605945208,-0.914299943372852,0.999053941843192
-0.5690875121866,1.3170476310258,0.692022539741815,-1.19884116140698,0.296700342470233,-0.37567122472959,2.32257377362496,0.654075517330602
1.45189294457212,-1.80965020341038,1.37798602518764,0.111478646735088,-0.74374941922745,-2.51114378040516,1.41315310848871,0.600516443883665
1.86899345256532,-0.307988794620669,-2.73597021069485,0.545317906116735,-0.33082327573673,0.811751500858157,1.27924843690639,-2.11998598909213
-0.984554893737541,0.294561194585387,-0.782565190445743,-0.195542895785818,0.510657085497892,0.274501267194508,-1.48203300019914,1.46500141039512
0.718756763904366,0.147770817116647,0.808043339986812,0.30515454784406,0.812124571742393,0.211282893543001,0.999776016579703,-0.362595565704867
0.129347296958262,0.115951531975112,0.524068585979805,1.06690684498886,-0.721494013662203,1.18396156011253,-0.455362534636932,0.932559205921585
0.701641308893363,-0.32333184856328,0.356117774366909,0.0331893496374399,-0.876965825230155,-1.59664860519114,0.0817273118290085,1.82923145333626
0.526697831887448,-1.14036672389761,-1.60495501333129,-1.03557757394024,-0.331475918825942,1.20446640641387,-2.56853705966124,-0.553021821399536
-0.0205130989546023,2.86131949086317,-0.322682059625519,1.88911642382044,-0.831986621431882,0.593266219545697,-0.304168523958889,-1.5282108591666
0.438251047306971,-1.45138694483397,-2.16145939152144,0.242851440976998,2.13750192939003,1.99111621683157,0.515203833597363,1.75742967689512
-1.21052856570154,0.983744020219985,0.0190967022825058,-0.483676004865573,3.05871963938317,0.599077040700129,-2.07127670447741,0.873891282051184
-1.4044199438289,-1.10784132708532,-0.992704380579596,-0.147357323323649,-0.0931095722934564,-1.05459709481246,-0.0295275605413578,-1.17745147254777
0.720749157209312,-1.99889265684803,-1.43976540953535,0.249339581737571,-1.35047595855568,-1.82260638490937,-0.486889314682292,-0.480772193045025
0.0860355032767252,0.15072249695782,0.169291552863872,-0.146848695810393,0.893797588733489,-0.730016907981011,1.84967803191646,-0.878235075136502
-0.13161704140846,2.10896809219341,1.8248258610762,-0.699880657267374,-0.451985131906459,-0.0140154818436539,-0.132546936232346,-0.422173041188882
-1.67605197893984,0.629190672836399,-1.58444178208245,0.654057357929755,-0.880226792027872,-1.10970963136968,-0.3852282028014,1.04091997824059
-0.569497990768113,-1.63764554215991,-0.873830017616974,-0.0924948869910758,-1.05461753254276,-1.23360379297808,0.306065486878834,1.56092577082961
0.192205150896545,-0.658475714017313,-0.195780946959777,-0.616413200997925,0.769672279358482,0.931841580252713,-0.966015346127613,0.732674011329164
-0.486322920752822,-0.750308265911284,-0.706652682485904,-1.86503380998173,-1.3288419510046,0.27921304296786,0.38988430253605,-2.00174310713418
0.0812840129938752,-1.14513189552459,-1.04368410538297,-0.556115715544162,-1.75289710245388,0.0623732944765199,0.298646354599844,-0.939563556026334
0.384897246784297,1.0276132769215,0.61000173520942,0.373400281422889,-0.454739529178224,-0.552446967249999,-1.98972667959642,-0.0425739182752662
-0.137501971038181,2.47804042183143,-1.00719181216564,0.647628128913734,0.0612715240288057,0.60765533450287,-0.274063409524466,-0.718037194051913
0.427593109239094,-1.4533163643196,-0.161783123191246,-1.27434031496122,0.770921048345517,2.61577676785294,-0.566980287044589,-1.19785946683712
-0.243064448539363,0.822264445361829,0.980051876335626,1.51131883838206,1.51924987897424,-3.08108816068721,-0.460602171403302,0.424595612934586
-0.318352827853891,-1.06644799364953,0.361942258956084,-1.06849565860092,0.167601850286811,-0.361387795769497,-0.658106884105482,0.331805002082811
-0.254106393508011,1.09430673251488,-1.60565791906829,-0.610118264284164,-1.37818622528636,0.66580666560508,1.32406703696294,0.439358412925424
0.638887430163066,0.220596182329357,1.31105640447589,0.177149351105105,0.379932774416538,-0.0512837651682879,-0.612654890102953,0.905169903503099
0.821065383166085,-0.283239590537479,0.539388173408711,0.41802705667465,1.05625385551992,0.372772581415882,0.615265129853014,1.52558834188034
2.33547908658196,0.710050753433561,0.218794224103804,-0.0207881738466982,-0.785620368768244,-1.32283210064977,1.12912444215361,-0.846957883986755
-0.983307557611062,2.21047686646211,-0.129966893255263,-0.592565387649173,-0.882357606131268,-0.294948475644998,-0.660929532701185,0.292972571972713
-0.707457440006258,1.41206657562142,-0.865052891545505,-1.7483376000663,-0.0183304969113765,-1.57672370515208,-0.186894274798415,1.34957997503795
0.644149101349918,-0.196598080152223,-0.825638182890832,-1.05716822983781,1.53963188767992,-0.166721676225873,-2.08873506885092,-0.203046395947294
1.63766532994621,0.75538456981956,-0.954139075093771,0.264590578973448,0.42942345380808,-0.217861409264459,0.312567715599883,-0.489362901480889
1.22664817466431,-1.09410087019746,-1.3922237409318,0.353174579731949,0.698855119617492,0.201242572512414,-0.996813771574016,0.138379774881003
-0.467705618330812,0.430180024146149,0.532505696903585,0.246270323332697,-1.36820870720529,0.96332792468455,0.872095251694317,-1.32544123313173
-0.678231063737989,0.960549711583255,-1.36001392024891,-0.0701941891560058,1.17357346428043,-0.829035999552197,0.304321745648175,-0.964142585297705
1.69640227133044,0.459059522904321,0.417999489071495,-0.0128478932016211,-0.906894071623872,1.54342065207596,0.557800769648507,-0.0367803790847752
1.54284685008907,-0.596455394517824,-0.850258156293663,0.102414269294536,-0.175439107379583,1.79324075718035,0.868554619928035,0.140216196567505
0.214527592060943,-0.0450862072387442,0.869526359692787,3.02575534039356,-0.656436232660336,-0.98469751496429,-0.102135133089199,-0.258707851729228
1.70068829575232,-0.581518594777576,1.03448043626442,0.00556631870096406,-0.414832688258698,-0.874646331069351,0.189725506773764,0.446789924603811
-0.00798682964789259,0.442863237126202,0.0207367874396349,-1.0241774630601,-0.815679285384699,-0.340395422490356,0.574765710284195,-0.837450869482684
-0.817900364802769,-0.310230689543812,0.395119304823088,1.05744000798066,0.870211368572815,-0.375803081065389,-0.281489298020373,0.400154937151765
-0.0506101702835437,-0.222829768082489,0.276352141875242,1.46003172071956,-0.378039653304847,1.38126572428564,-0.557006785538051,-1.41284075783779
0.0799210865490335,-0.632586792692066,-1.40690816653097,0.838564576413511,-1.05067375592879,1.63606424721677,0.840093236141521,0.139001036465859
-1.55957109789405,1.06719019915197,0.804685346315888,-0.12046766487391,2.84165369777394,0.866808154551853,0.027805286368898,-0.585018784322309
-0.171497956746292,0.337395921464703,0.775054010807102,-1.56878338035548,0.461801895611014,-1.26576090050864,0.74706370470419,0.139476183677958
-0.418607092832335,-0.953645663654521,-0.908145691062996,0.769866018954183,0.388636608093532,-0.113955302441538,0.378110531387135,0.35433937223395
0.491286818033161,0.251173574136911,-0.996020115936964,1.14069142349903,-1.5461557770683,-0.504347308287861,-0.45225329345067,-1.04887053381168
-0.53122843123103,-0.548148703547833,0.362546645148159,-1.19615824744463,0.679470773665014,2.45461055141196,-0.11464725115087,0.292941655615372
0.482220117734896,0.103236017603065,-1.08608236477082,-1.04790129648348,0.854827156628093,0.121832474146261,0.34926878062066,0.575989617567933
0.536291040049325,1.86601650513967,0.175262128847649,-0.683921638839615,0.0248197036065782,1.21327906281413,-0.0934947256616295,0.48223342756736
-0.279324207858902,-1.04099380528512,0.634523421021894,-0.90904887147585,-1.7923079420674,-0.978954766927906,-0.533794845155364,1.79985677399166
-0.0435072647005839,0.219983787127424,-0.268304978918258,-0.0283654634678944,1.12066137441834,1.53608992362435,-1.62296084646921,1.23063074386285
2.38151529195951,-1.42379490646875,-0.143418596403623,-1.94676179105663,2.06921933465807,1.01201022848373,0.864801075055402,0.335501336642219
1.54803111335561,0.616017410030352,-0.68532621612298,0.144356316120814,-0.0682106825247008,0.114247838338181,-0.868101812838393,0.947658954069493
1.55476199852898,-1.44156317991408,-0.310462136836296,-0.360075442830819,-0.438102975541906,0.454061998578441,-0.428049659380001,2.02765652717226
0.058111230113913,-1.70176482285391,-0.570169549397608,1.32243359811742,0.0340217858963462,-1.04313186069239,-0.33702526888443,-0.279142631985213
-0.839778915527164,0.557212957800765,2.53434623037214,-1.05823028197161,1.72039982958063,-0.580903300911337,0.420339459469657,-1.2215977203184
0.571123448655483,-0.750511117127875,0.601535968134076,1.86150549149892,-0.926272363396147,-0.14008352379864,-0.0934063193794598,-0.586113255918233
0.0660477825630555,-1.97093294572214,1.12756120883178,-0.172989826753293,0.840248330156045,0.884272985363563,-0.371130048868053,-0.639242224297423
3.58465949292999,-1.32446345093933,-0.470251565380531,0.10631297162772,-1.79011624535654,0.682501275528345,-0.76525642485366,2.01254824432959
-1.93189555365127,1.07553289349939,-0.207428502167303,-0.812325003072669,-0.93037246278026,0.320900212172626,0.733571133146366,1.10310855597371
-0.202832504245977,0.175835094185016,2.7456733627009,-1.83208747258382,-1.75429101420999,-1.17120670991704,0.0971940893495466,0.0849955839483161
1.48371520427311,0.207924799285704,-0.830290714875519,-1.55607579286399,0.220881388956663,-0.548115047673772,2.48683730165209,-0.963289954269824
-2.09851640016451,0.8932027658822,-0.642700128605558,0.114659264127363,-0.963564364611671,-1.06124691994793,-2.01067899429737,-0.0110027973505833
-0.25964866605676,0.198609916658263,-0.14161198106721,-0.0253818877633789,-1.04784295617925,-0.399969945806318,1.61107921554939,1.02440553954454
0.334067935887184,-3.18128256470893,1.10436615092869,1.28494280064323,-0.898291137632949,-1.34135036681771,-0.83899896752211,-1.0925095378642
-0.21963759163322,0.0196831947042364,-3.00102477350675,-0.117231376379925,-0.541670033349803,-1.12540235737596,-0.265128888533133,-2.02428166367921
-0.931771803289107,-1.39417140470677,2.05359382706753,1.28592279249105,-0.173615795431615,-0.284299524883614,0.722984198378776,0.869421956119107
-0.122240218296576,-0.933235885173988,-1.09379605229137,1.6994259664428,1.65297782452574,-2.28254744182337,0.637850335526616,-1.4436747679184
1.33852842346176,-1.62904088146867,-1.22656351514338,0.269903083954096,1.26051313246971,-0.291919176375668,0.281816677716033,1.23896298630592
-1.34833119004437,0.369097639109454,-0.342277227142286,0.984497860876444,-0.383947270257934,-0.534417935676812,-0.390190736157936,0.775764320483545
1.41483572450998,2.28565638502981,0.658532578195758,-0.396763383629101,0.717675007603376,-0.0859511152079493,-0.627262862992777,-1.60767465043146
0.914048945514682,0.486544869581778,-0.851445102760097,-1.56599028141851,0.111337118112902,-2.12799010123971,2.78848266709455,-0.0956456355515147
-1.23668791849331,1.93215222070259,-1.87598302993031,-0.203192670697922,-0.418836246631523,0.420863751496357,-3.00818799011296,-1.29808195510103
-1.50076035467463,-0.232129022732062,-0.48985664144872,-0.179789542025788,0.458180928403861,1.38049385942146,0.377754386823007,-1.85816948361528
0.0345386838965327,-0.537445056633885,0.328243402709361,-1.19111860883189,0.12297049282831,-1.70837839414403,0.420626411880111,-0.716740702220886
0.286299645402692,0.786101903375548,0.865162051806121,-0.114109005710895,0.698577890493634,-1.45722180952111,-0.0699729111316549,-0.55929730167933
1.18620809384561,-1.25237291022481,1.13971671684903,1.51507809445344,-0.3221140138866,1.60341931261004,0.161358075806706,1.21006368899332
-0.037549371842548,-1.32416495483461,-0.433955263226009,-0.425243699306236,-0.422560761181791,0.184918232366004,0.400755192279976,-0.00284636377061682
0.420371593973559,-2.96823317332063,1.46297579684964,1.82145450986568,-0.486827775289279,-0.417717835926754,0.322780106528089,0.202207014031077
1.28924648234277,-2.22571817714071,1.19780771096557,-0.997826313084943,0.657722372674646,1.18715642491592,0.453225322651244,-0.790302258589834
1.17068918509962,-0.441654172428568,-0.46228665944604,-1.33224614899173,0.436551912713502,-1.377887527855,1.88127700885045,-0.153454733999624
0.826093654084712,0.124644128489496,0.912847756741927,-1.4729229522591,0.788468061953909,1.16990432142082,-1.26287814846442,-0.247874095875723
0.323917065090484,-0.349997232679237,1.05656727466585,0.354079713240806,-0.611969294013078,-1.46654453874676,-0.086055807406114,-0.210749280592351
0.380950411454549,-1.90349930252085,-1.38155427610757,-0.268361663979202,-0.453837233930913,1.73661274380823,-0.330385223446804,0.346123818137644
1.20261958279329,-1.15404434196501,1.52242167132902,0.128533480407496,-1.22175149094804,-0.43574018773208,0.148001852560087,0.221707454237085
1.10220575073214,-0.78918347437427,-0.0780192840566323,0.966754543145611,-1.47201726411893,0.408006839966013,-0.0500350986882692,-3.13788575117027
-0.0615149399791465,0.899402278193938,0.502346304431283,1.36736120390076,0.609345365471566,1.90207966946132,-1.11703546014836,0.130859898766557
0.364589913995779,0.316039999076679,-0.0872131289547691,-0.479257778516421,-1.43789877518965,-0.272724034795968,-0.369791964811568,0.193165852892955
1.69255229998577,-0.826987275162978,-0.690953385894807,1.65236914290859,-0.408309635445808,0.100117550642792,0.254551887023012,-0.455279866348849
1.47136701247198,-1.61457054350712,1.52642292910877,-0.145785793888235,0.0336414453167187,-2.29452000660634,-0.0687657323430707,1.1886734313454
-0.977247661344119,-0.166432120087956,1.3140666822661,-0.333215849668537,-1.13109849979608,-0.230325951312171,0.604698503316244,-0.728975257511783
1.44820167458194,-1.77639192189298,-1.06975411357875,-1.35625668525741,1.99917115455508,0.675691772559092,0.723018635435788,0.280428842122039
-0.0858556605918652,-0.666884015219462,-0.0159038650102378,-1.04179627792803,0.155356437028016,0.600031336126579,-0.497252304252824,0.839385430838583
-1.57376980165346,-0.307965069586008,0.538930717398302,-0.0926472680960184,0.20653905462061,-0.668039737846348,-0.88253497425262,0.224110980520847
1.29247615946669,1.22252541528467,-1.7847166263677,0.219465094087839,0.385169777373281,-1.13095874875168,-0.429585544820927,-0.190890132161109
0.084467755567716,0.895862262639488,-0.450105347817872,-0.979680185214858,-0.192866391847778,-0.0374942074416229,-0.249044165044342,-1.18597826943052
0.967045996480089,0.203905063037902,0.478496474306168,1.10517870093166,-1.5784529224775,1.99759667982211,-1.31523643150727,1.07399256640418
1.93911299421702,-0.215998412229601,-0.346428572747648,1.27470111476904,0.201369089912469,0.417160205492167,-1.4049342948063,-0.75231091030772
1.07987263816564,-0.488006321935387,-2.04428657828086,-1.93784381243787,-1.45178611041797,-0.7942308864472,-1.11658630079043,0.977535125944261
-0.353593526833153,0.602052313710202,-1.48362599388729,-0.713294113124257,0.514702215866344,1.3456996334092,1.05185739564672,0.749645250819155
-0.134923124718565,-1.39410021352359,-0.922956472241783,0.719883589457149,-0.107177330077877,0.989050886622239,0.672267619994536,0.699971705949916
-0.987132433307501,-0.354163671111447,0.174244530667259,0.96668670040656,0.32923970923223,-0.16258245719902,0.903609972324437,-0.257338433911962
-0.821708146060393,1.23104957794247,-1.81732318496419,0.197019031554225,-0.91598201368627,-0.592149393172441,-0.41800936755633,-2.28480917324549
0.489530922514731,-0.813405828015018,0.500040679122927,-0.112374453786102,0.0787740144485199,-0.838431201916464,-1.01781417630942,0.637444119254891
-0.299277458909478,-1.526672181655,1.06354635357899,0.0620108135728541,-0.40762774406934,0.574594455342327,0.190020265045833,-0.45624483022264
0.658254898574355,0.000913154019056691,-0.565202660570903,0.449761348061499,0.463248340841214,1.18610200622392,1.20965475845216,-1.04710010706081
0.832409549670791,0.29515790450453,0.944092998938886,0.190973534541113,-0.229218701791163,-0.284796259232095,-0.241106643005381,-1.13874703077498
0.363463261222694,1.70653756587127,0.973098936350998,3.29888889549685,0.00124754805273735,-1.90468219736761,0.340890059053727,-0.554314084100162
-0.398645658616952,-0.907496040184693,-0.0171660701106577,-0.752618400606556,-0.477174537340063,0.366820693430449,0.26524673832897,-0.385424094288716
-1.4979299895057,-0.526613810298107,-0.359927350868906,-0.678391153547751,-1.30572741770233,0.32706882986923,0.881450755025997,0.984358932384142
0.114628175272466,1.24000855550231,-0.190184285527522,0.676022526936499,-0.00664989575914997,-1.81650616752867,-0.292945652884116,0.298218851718699
-1.03781661733663,-0.267901819188712,-1.87755309426937,1.11682361135876,-0.00999092121966947,1.9896931083482,0.286167848900493,-0.527478054340298
0.645978871261567,0.304236349386971,0.560349532587586,0.101402091549741,0.00769491074507129,-1.03744853512359,-0.536199441868468,0.140434316465269
0.772845400058577,0.470303455680992,0.33538474743254,0.0715114933534555,-1.14609241963093,-1.80421889767373,0.532876813392923,0.938359620856272
0.316014158120416,1.2861921743485,-0.153022777564646,-0.139152875722144,0.979041805055194,-1.71087306862341,-0.75034346742895,-0.635518075064655
-1.03811282479823,0.916977260029937,-2.71848745728651,1.24423778717106,0.615721032181545,-0.920277007332428,0.111358174688598,1.2842744911143
-0.755137290088854,-0.0409726646299108,0.292217786590762,-0.392598798195079,-0.240333769129862,-1.02635547195333,1.23185436403488,-0.584641623177948
-0.491504309692582,-1.28916280671522,0.565322207888516,-0.306525897091896,0.610029625917641,0.756686667748837,-0.132632777742017,-0.233653517866845
0.147225745107845,-0.0792973699461192,-0.874218964168323,1.16329729101984,-1.44201989090508,0.479703272452702,2.16453952083629,0.168391816695517
2.35650304328533,0.739894802319146,1.0090338680072,1.18819420896904,-2.29158389970451,-0.716140938302438,-0.311205877794125,0.972660159051217
-0.920668767105904,1.27676023028368,0.577055109325141,-0.318660092021927,0.305675148900314,-0.854018493766728,0.527643542846282,1.72117723867253
-2.15684778320885,0.665132817105951,-1.18799741203433,-0.357081925095707,1.58693142532793,-1.79285104154179,-1.294703715818,0.84539400085685
-0.120400049561303,-1.52269035459494,-0.958594137083384,1.52852243025605,-0.59107766515501,0.183158670597216,-0.125088366249509,-1.87176109309478
-0.839244329563709,0.126223111685365,-0.220745542875477,1.33688118743436,0.089667622375125,-1.05815937334438,-1.36544903764466,-0.910339745564511
-2.17243990871478,-1.13138211800086,-0.990504323908094,1.16499084049064,0.654315462642374,0.774442048107343,-0.750003841645826,-0.121681166012844
-0.874307976154287,-0.477425235416266,-1.04605522165573,-0.711826053947218,0.962202831761431,-0.694680651363696,-1.22851169349959,-0.626194152468482
-0.373579348902497,-1.09847279446978,1.35964791465518,-1.36312313419188,-1.45890917997475,0.827599988758032,-1.71317674860214,-0.479769175314727
-1.10219771209642,1.70744236642163,-1.15592399628206,0.954741798691498,0.00230542356017325,-1.20404788163399,-0.334633723960681,0.0661511827556004
0.715659860663444,-0.184102959599903,0.26084315779637,0.136232328627719,-1.02579589221188,-1.03601088258338,-1.83715527931479,-0.894431114190686
0.907640305684175,1.8614262207002,-1.55823647505566,1.26787651204224,-0.247427383680336,-0.249756906514421,-0.293881118656526,-0.552919294760813
-0.324805133785133,-1.74204706626444,-0.00714045431300919,-1.29358932241477,-0.717701696682423,0.610071257377165,1.02613133029706,0.64116218231858
-1.48158593228175,-0.783457421295062,0.567722227536647,1.85080687003751,-0.181867681739757,0.514999503325241,0.17668600452084,-3.23192807158601
0.594171138863542,0.795270542310834,1.11104418692594,-0.326547557981386,-0.304596601434488,-0.539669749638934,-0.973001493813763,0.135709917527749
-0.854874687119545,-0.532270009991016,-1.11934473018331,-0.145365302364324,-1.22541820112639,-0.97484421618524,-0.973485313628015,-0.894301474151437
-0.829917536632547,1.9858043427389,-0.745335689322328,0.260380536609482,-0.377808462966557,0.684730775074312,0.756223856304732,0.32420509148203
0.149106814964156,-0.651800415504399,0.89568526902501,-0.654075566702537,0.876593666117866,-0.0960223975655158,-1.91269148179283,-0.734177596503154
-0.976146041384047,-2.15696206847162,0.590244427344547,0.190482666522847,-0.234416596328072,0.60179062723012,-0.0682847273036446,-0.299307050357881
-0.294684407656388,-0.0920274969247368,-0.288462279506972,-0.641501729621062,-1.15751782708761,1.97246749505341,-1.52335400284083,0.676681723655811
-0.770974915815347,-0.397400116998658,0.048163466406871,0.222580533609704,0.0272442887504883,0.140159350023008,0.102916760379413,0.953552388387007
0.392283707078743,-0.138327302570867,-0.488926055790903,-0.884000812641744,-1.49026176326673,1.38545844773173,-1.64174838722516,0.47540355588085
-0.846305904884495,-0.825764999237853,0.712986584937058,-0.794044468005138,-0.831681717682811,-1.16174223398293,0.347442636357077,-1.47993458015593
-0.843759930930453,-0.685661664496834,0.348591154474638,0.804950945271633,-0.236156327415159,-0.0574525739820125,-1.11984384431313,0.919200726314042
-0.961888444288268,-0.79271446858291,-0.0935614532345968,2.19720075347109,-0.913826904061853,-0.249035404203024,0.404968641548984,-0.939050186303146
0.0110496533565447,-0.407004152261873,-0.845384979296857,-0.281725329076888,-0.305848531094965,-1.52416210985653,1.23254414820493,2.62789574470033
1.21494896542184,-1.14867061145898,0.277606233056156,-0.698607407779913,1.17110157630599,0.463591034324758,-1.56154404679005,1.13019380986826
-0.888878515738284,1.11576046554672,-0.28890129987681,0.955609592137946,-1.87163655509722,-1.18762072639152,-0.850034657209512,1.23666118735799
0.218101261446603,-0.879456778170003,-1.8513267476268,-0.267154800198506,-1.90184131184813,0.494064211884952,-1.16986778305307,1.82004037648566
-0.656116999607038,1.27932293753161,-0.955468599993092,0.685413390257219,0.0141227357584409,-0.793552283251921,0.179594824404287,-0.0712675742512625
-1.08851584728066,-1.45427725484716,-1.68713584936332,-1.62847794974773,-0.385764223899193,-0.55027364718983,0.972271590534373,-0.762380520314972
1.0911308981077,0.84222876919352,0.933252713848061,0.511908231354984,-0.169494872183002,-0.37831681225262,0.160316590282983,-0.347433165099925
-0.569227321657799,-0.603215007812732,1.5139508755078,2.11701402164909,0.476642704907773,-1.4632046382073,3.29967181257463,0.574437751939508
1.6208101305906,0.131555027342539,2.35428526164579,0.23539190101015,1.04668398364098,1.04649691228674,-0.101127766912967,0.701972177899213
-0.686988445583741,0.764444556679586,2.13661687737965,1.2650550784593,-0.328755697099839,-0.504850149267063,0.152167117250488,0.0316428957957801
0.656996703568632,-0.917135166591924,-0.752573791675776,0.103592309439835,0.963182516753316,0.89372154273924,-0.150381981186239,0.387762085146862
1.1106922152347,0.23739451514297,-1.25293572924985,0.979496559450709,1.66823817809122,-0.182630216149416,0.616545109241849,1.05956910406666
2.14072073006633,-0.0446890666120593,-0.624828084817834,-0.374559065485231,-1.08435312488816,-0.172634063562906,-0.144420592487145,-0.631799219945643
-0.830971809132396,-1.11855030356248,1.27206446910862,-0.417615709467261,1.10208230758307,-1.13965865984058,-0.249718786346663,0.40300925762892
0.0764058561981353,0.576705022824006,-0.993816376439543,0.420913676224897,1.72072971447552,0.551877381251775,-0.491355867362192,-1.89514331529826
0.935824446199053,-2.30174221004384,-0.708438488507119,0.488424198466786,0.821878226714132,0.0559712896632926,-0.784000326351175,0.29499745491088
-0.50166670286481,1.54401138418949,-0.74678043290112,1.25612556735355,0.89302713074546,-0.463074304243752,1.34120725295672,1.04519148538553
0.59485346385118,1.19632123896946,-0.277310210041919,0.947740724933438,-1.01211662667468,0.787290579188727,0.617472959672939,0.683436539526197
-0.430651169136371,-0.201676879864589,0.659896700957193,-0.73911082655062,0.182044464302917,0.377160738673073,1.36648810268111,-0.083876660994095
-1.13333905267279,-0.432271579852631,-1.5121388803747,-0.298754402594388,0.374207898811244,0.0628436826056514,-0.502900294054926,0.71580497401487
-2.23717155976963,0.346948643890299,-0.0216116895578993,-0.201944622582601,-0.217395883216268,0.0187290104356777,0.293681420144464,1.7650203579637
0.514639572443142,-0.485377933779251,-1.75457004400806,0.647676908480755,-0.809087214114492,1.13445544278846,0.374091709865785,-0.0761097431702325
-0.341907115162922,-0.195306080234756,1.03546625106255,-1.41724596557948,0.21165233116622,-0.108335133677141,-1.63631736434306,-2.36869334432409
1.71787742881929,0.229797411715838,0.862397608654754,0.992534060845391,-0.876903836853613,2.02421853620501,0.982570970688247,0.428672036380037
-1.11637790865796,-0.0946537580368488,0.265544767018382,0.038573083030407,1.28371846175244,0.463357277956002,0.0544444385041729,0.762555140719367
-0.488479619162847,1.71019954048516,-0.231326977263818,0.12735123051849,1.61789942560826,-0.218701449954758,0.494670910218871,0.462490671614814
0.807332293407758,-0.335749000921179,1.0243577681252,0.751536142246414,0.179524690297764,1.11359493176339,0.640552075305319,1.63643860874306
-0.261008741670786,-0.875324824335344,0.617370042573925,-0.0628121316608546,-1.54255829748192,-1.45362841179199,0.18163611152008,-0.598756849845939
0.488059917826579,-1.13255449171348,-1.17103081674999,-0.702631154686849,0.963553155072002,1.23984158611908,-1.44711099948833,0.190864601756464
1.35278382096951,-0.56602063273169,2.51918956720831,-0.719561072745263,-0.876929951941504,-1.99388539802293,0.673353395810536,1.69150018511925
2.17681559130925,-0.974384403128723,-0.633089812097794,-0.552787579113277,1.02260145535663,0.959551523401288,0.694142841670493,-0.758802034520331
0.051387111206838,0.945082340846264,-1.02353018715821,0.282621470727312,1.71873077102807,1.29358040886572,-0.186232601328571,-0.729091992597934
-0.838095445235414,0.247741105300021,0.435693940706874,-1.42272693572635,0.331990259939272,-1.67481606284074,0.75075003324625,-0.445160318201603
-1.08461500930842,-0.104674620432457,0.267296542526631,-1.26334835082122,0.591337178710612,-0.342881322881925,0.0450183612296428,-1.72480188350574
-0.546532769073342,0.0277616799037131,0.15153477759341,0.8778850017941,-0.0533031121640871,-1.02817160370063,-1.66825867916138,-0.0494718415218389
-0.426509704704706,-0.907276482340544,-1.42910809944283,-0.757797142679428,-0.494285807169664,0.0234080124468737,0.631777696180997,-1.24057380395443
-1.21099755539979,2.3509337520258,0.092244038071599,-0.430017660723621,-0.884023547056387,-0.727428859280234,0.326667223742252,-1.81116113082288
0.597792997779025,0.808769724481045,0.387349852747071,2.22214612940607,-0.1171462330743,-0.503613727741371,1.09227023926148,0.753132327518074
1.42389578908393,0.784140418846701,2.24373592299426,-0.405878908883031,1.38929753204166,-0.918547176245071,-1.20970253818577,-0.959098057862631
-0.443298625558346,0.170236490795333,-0.781466209509284,-0.38247715288835,0.701222490502962,1.00506793474129,-0.735423718001034,1.29862243085499
-1.04033346567429,0.159197651530768,0.739967670482954,0.530691316754546,-0.204843861750104,0.813861415399526,-1.32524652126911,-0.232772162522845
-1.27389707840725,0.678018100413371,-0.858421801859811,0.837823341265656,-1.03222404377418,0.514379804367557,-0.7368372102973,0.163903242683153
0.770151612011797,0.434371999584651,0.302018596365049,0.795731804906664,-0.327637830761435,0.202008708630716,0.643946638551748,1.72822425880958
0.031522621976529,0.780554430230763,-0.961095221822742,2.69394516998954,-0.873820911626955,0.36145061764489,0.851549370921522,0.456473161861311
-1.90485475143827,-0.444567758454349,-1.99760903604053,2.06034929519946,0.694018582479549,-0.311674155769456,-0.288250786731071,-0.414324296751254
-0.123755177145571,1.2715164118455,-2.30690186737447,1.24093163876494,-1.33877386097147,2.31481685960148,-0.639791037459225,-0.437502701841932
0.000328377213438334,-1.47339222749877,0.86723155891422,-1.27902501798416,0.168635603134098,0.102871894211173,-1.10495852339427,0.093093612464827
-0.843778344728857,1.82601047314349,0.076113269906901,-0.284928051417081,1.14488267187871,0.628204805122116,1.8338719678959,0.0584923443332772
-1.22133337042893,-0.0821605442182188,0.385224800550677,-2.07338991924506,0.567695820019009,0.718223519551548,0.978478958306861,-0.291243204407327
-0.452985993615507,0.207066157170724,-2.06023179151918,-1.39672151614006,-0.264434006642744,0.810988548071466,-1.10532576238293,-0.250127707272147
-0.702319931281128,-0.0581589957425658,-0.145354412049052,0.241486494135485,1.03382223737899,1.31733903977951,0.147935038155372,0.127979419796513
-0.674380385485126,-0.843052009454205,0.0979794170841947,0.464946871545162,2.13147241737822,-0.263136042819717,-0.231877123012822,0.491934770212913
-2.30302319048591,-0.466487279539017,1.65117286843722,-1.05701193732285,-0.00810269726505216,-1.87266935395912,0.0211608557471126,-0.978301607302998
-0.149332904782873,1.51644902909499,-0.697531585795611,-0.404804438450412,-0.854387452630806,2.23301877950009,0.365587076757705,-0.823846841253106
0.948689589970129,2.07396139462956,0.800353223332998,1.55199645082586,-0.355486629794372,-0.336176088630603,2.1869977006888,-0.306944514449426
1.15636246052357,-1.05674676492714,-0.0286260385443061,0.0196877345710972,1.14471954167312,-0.258293698455154,1.07356062400947,-0.446907633198352
2.07435248589762,0.355248794893353,0.929936110491093,1.2042167991459,1.64586133568304,1.5298467549062,0.396691077362151,-0.309706286934349
0.265289970321459,-0.537626676315252,0.165499606708942,0.501131414743199,-0.255078210020739,0.477351794915938,-0.931926888237227,0.0181881613190846
-1.05200382914047,0.0903163658583597,0.155884163257049,-0.312518059338838,-0.387988636648041,-1.21227089916135,1.57821181860765,1.67795017849126
0.50234223621863,0.348538284602587,-0.165086221014642,-0.778892629870415,-0.360245190449071,0.267862241794751,0.632584910458537,-0.503113261126614
1.09984502312187,-0.517518995099845,0.0879751385928528,0.48245978622199,-1.35554451945401,-1.52552070546985,0.308398021996748,-0.774099193373855
1.88650483041417,0.287301302415267,0.0858522002455114,-0.635841600558254,0.262700398423166,-0.227363953551701,-0.351662448103825,1.38551804643286
0.811253500689395,1.66807499684583,-0.171564167050283,-0.0822358704733593,0.793558678367924,-2.17237902198994,-1.48464470737995,-0.522863344555566
1.41824380879396,-1.08093672458647,-0.147076213012955,0.314367407481037,-0.0786418696206122,0.463819458493739,0.908873255579543,-1.49222576068361
0.439169901702954,-0.397851104622374,0.8500782782269,-0.0687907843037163,1.13283662143666,-1.59793558866549,-0.145868091752757,-1.7803829690749
-1.2775016086011,0.297208816443405,-0.186019562784106,-0.958444126350633,0.42801826206362,-1.20931707400286,1.13142221884428,-1.15793671193396
-0.861373205211443,0.37342905926644,-0.835441534293473,-1.08504482475601,0.348314174822334,-1.87781521823512,1.08263076138289,-1.19648558887082
1.88698587497109,0.0675844815430184,-0.0945247655139992,0.313344153920093,0.653867901701995,0.659234806618431,-0.0672462728227543,-0.125963413907957
0.704087313182904,0.346634030494695,-1.26813823932045,0.63870967424455,0.374234737794678,-1.18933724727651,-0.443946084072142,-1.50674016290047
-0.66772052533203,-0.164571372800586,1.71872324145718,0.310299931848419,-0.719646672905056,-1.57009766098485,1.42874128232284,0.391745208215143
-0.705714342057153,0.189982806585771,2.4968402752067,0.511060927552335,1.5401344880222,-2.52614116662748,0.609879030526133,-0.814996247800006
-0.920718579914376,-0.0686986351389328,-0.0252063011042785,-1.10666673810774,-0.748385677828449,1.30733230744479,0.220392029156835,-0.272593309130664
0.148473291996029,0.916450207694266,0.0070325800033662,-0.275742974917545,-1.38264879051312,-0.426214076136675,1.29858584047619,0.506014802439458
-0.250017361132774,0.710549614762121,-0.981715100072424,0.751496651196743,-0.530875901771869,-1.13126459483179,1.97553342317596,0.41871169429125
-0.941768954111299,-0.0190896861258043,0.307234493729012,1.41047778890111,0.19892773432868,-0.728429133343746,-1.4193915820711,-1.31252005710121
1.21419901863892,1.31312687307811,0.979590774747593,-0.923589537309501,-1.04224443124689,-1.74678324649828,0.368252459178852,-0.762405287114157
0.018566433000226,0.170386155804506,0.780711033538671,-1.65947636914765,1.0593910540299,1.45691065074834,1.06858602417827,-0.109139684305089
0.757831699457548,0.578816605533788,-0.00765646730584681,0.114304118513147,0.216977819665105,-0.487777142613517,-0.649115804737463,-0.0600200845911901
-0.380062699996006,0.227904874997665,1.25856749633181,0.36250938194965,-1.05369904787655,-0.577291886440193,-0.52105297015963,-2.01488405575709
0.174948713347219,-0.612459865597317,1.76683471162832,0.899695807900987,1.93690639519324,0.756770698997814,-1.32654569786639,-1.30427348188708
1.03352330902476,0.734030133030624,-0.311547126334333,1.45525090730586,0.0181871616500622,0.980902904513051,-0.0686191775608791,0.482893434623201
0.675723995432471,-1.85050186253115,0.426973900055736,-0.0556904045926722,-1.1717597456099,0.733433326558343,-0.642665193116394,-0.691503330661504
0.94128124291257,-0.968544839770566,1.15457522800862,-1.34280325297087,0.152497431245313,-0.859134004675854,-1.18316226876635,-1.65481005602318
-1.82663007251395,0.62762646905029,-0.287162114791727,-1.59571734260567,1.88439295996781,-1.56708457751992,1.73087035671712,-0.40094449403954
0.177204381296563,1.24027762938144,0.132768822126551,-1.65773642872848,-0.831921641212846,-0.776421797450615,-1.20872906674201,-1.51616143462163
-0.191807861947269,-1.5069030571303,-1.10623499986617,-0.0329584479990277,-1.47705948561712,-0.177618150827404,0.0533064553966099,0.922346849564737
-0.650198710009829,1.18259689371289,-0.880246859827876,0.401650376934887,-0.531004878163129,-0.356847087707863,0.0913400745867762,2.0015126102778
-0.560696341260001,-1.33418855936283,-2.38863342271827,-0.643860156031225,0.429228822748367,0.91903104631879,0.556424735660956,0.111453301387553
1.67576579329994,-0.596320294015713,-0.69004938323951,1.32310751651104,-0.299026366029761,0.651299957003356,-1.11086090992372,-0.214169989157139
0.430534600439241,-1.32949216503638,-0.527856748000707,0.566695675200474,0.387865109645863,-0.445173480554788,0.321912634020196,-0.185978903787897
-0.144606620357246,-0.182113418617215,1.0663108268773,-0.236093462596703,-0.699601821562387,0.422521748186331,2.32822331408112,0.164011677614252
0.939025712144101,0.0491385446373278,-1.09455421444261,0.687037416008076,0.431281320800556,-0.016118461857281,1.48847798663808,-0.292253747584602
-0.545496749523291,0.412076431613412,-0.0850599489390614,0.451887173019958,0.456741016862751,0.0193668597900274,-0.723736560705162,-1.32943402915518
0.138850363215646,-0.422353546385099,-0.415982250479874,-0.349086741820793,-0.123858463886871,0.254250458005041,-0.282806475772034,0.621655960877178
1.44686231335255,-0.0196536597344667,-0.383489419654003,0.470030648779255,0.261658832315603,1.68106341319322,0.299944279752728,-2.20803874319265
-0.332628086150536,0.303016425333838,0.138478429491991,1.29758454566976,0.265551169352145,-0.186173899477608,0.720380660854867,-0.600172129419911
-0.799156272263214,-0.972422343455087,1.5025095098193,0.814534865400059,0.418253344252453,-0.654866626642706,0.412644780813054,-0.286389666423597
-0.548292745132407,-0.701155053616588,-1.15592439159928,0.610509137671627,1.36901417850869,-1.44614882053718,-0.198706243332241,-0.28232308404029
-1.05079620451942,1.37843190060709,0.676586019302704,-0.506798894093549,1.11270087820949,-0.0281981794726477,0.785657280647398,0.847628435259956
0.252662491033329,-2.95313731358376,-0.693678141249576,0.170624766008751,2.07442591382427,1.88097341173707,-0.54898426461502,-1.61669429264528
0.327861853995298,0.955836563019408,-1.12948331148021,-1.05299093735555,2.12126445852842,0.383135974871398,0.123269510470813,-1.29473075903845
