"V1","V2","V3","V4","V5","V6","V7","V8"
0.790519605656434,-0.336387875912216,-0.160112377701082,0.640743577887408,0.0661249211279894,-0.898589480004806,-1.01172477260547,0.78756452674065
-0.0282826092437806,0.589567616711067,1.00543962172536,1.45502672607564,0.303781161159561,1.68153848876775,0.528403186938529,1.6581682738947
0.871487218793668,0.226441693155567,2.57341975650194,-0.114311392420271,-0.852306261131887,-1.65847155673744,-0.171412737576864,-0.899998455429281
0.18680213950247,2.25702880346909,-2.57244897406267,1.76877563221839,-0.739584527345548,0.721024843059472,-0.515072737776956,-0.584326974763995
-1.02424530942654,-1.03498787557331,0.650284949362954,-1.60935117810572,0.457348652337078,-0.186196563508731,0.20750718556817,0.812386454235778
-0.727295707520115,-2.22825507927405,-2.04537128602623,0.0928970668353413,-0.194819175058018,0.824096360901155,1.01815770836721,-0.679549309939423
0.185079265124774,-0.155059866091801,1.47971848886228,0.303487535625489,0.706922141630396,0.165459240343344,0.0255355860439235,1.22989820261971
1.35599436381543,1.62480369578922,-2.12994878761068,-1.0113063437471,-0.0595445784500159,-0.871788097678253,-0.370824536552163,2.2109103130997
-0.0572601953164176,-1.01470308795902,-1.3288106436565,0.472810666032894,-0.60823445475582,0.334517171113368,-0.361058110520472,0.467173826423049
-1.23341138476545,0.695864240299825,0.300296842409019,0.66729263007728,0.127955475397846,0.816457202716551,1.30453285936219,0.0959107825790709
2.11624342137561,-1.1591624237082,-0.275647955545286,-0.881791363873874,1.30782002425487,-1.19252479968461,-0.789867685072951,1.09852502939067
-0.385163157619676,0.734217992182701,0.640071713757849,0.736246862382144,0.64805859705881,0.714008797293701,-0.369728900210124,-0.916839984367208
-0.0908616063051163,-0.111090673667208,-0.57112208267929,-0.290619689581261,1.50119029393916,-0.661107324455466,-0.0378188655119366,-0.421437988968939
0.330412169275921,-1.40225263975727,-1.52303815406929,-0.779325161505977,1.23286377194341,-1.48113779913306,-3.03099287533883,0.741563562024788
-0.41950234613343,-0.0159383563241576,0.674867479287086,-1.47746667893079,0.122166045037177,-0.755812700580684,0.792013835233903,-0.307617479902656
-0.470434496934315,-1.11167335693459,-1.34748703294736,-0.394928712150819,-0.468791593121656,-1.49468358719425,0.788947199673207,0.791859450423808
-1.48122383179694,0.73368393963181,-0.863877217180731,-1.82997398665208,-1.05434764388484,0.914403932584182,0.604223663366774,0.255155866321976
0.124270019840669,0.12771833711636,0.432716287774561,0.340785182087658,0.244348264291993,0.0113426034727836,-1.2894333590397,2.05825477505693
-0.0320532983514163,-0.202296945968515,0.980677846773297,0.183905937678087,0.297150617540941,-0.166647130152114,0.0904209624302862,0.202277337846692
0.254542149201369,0.00959063649854518,1.41718023852741,-1.59056296481335,-0.347734231469998,-0.440515903620873,-0.909716380960231,-0.390025667895695
1.0903601117252,0.817578649558938,0.383824047221005,0.192776974192531,-0.543738974805828,1.07589219117522,-0.371603543917704,0.106463880097511
-0.82246972713209,0.676190953832723,-0.177947420262678,-1.56225908358807,-0.450676958914888,0.130144007245123,-0.208343743482884,-0.806206158650523
0.00410960984814195,-1.27206390804223,0.822262978719829,0.736927232973379,0.423787062494523,-1.42314556028019,-0.728685268273916,-0.00125347289321542
-0.429548832013456,0.426113927302774,1.18028740695628,-1.52897793982057,-0.96064727885762,0.841518956730568,-2.76360940927777,0.539973949966086
0.0113961518449627,-0.814957677047498,-0.951366605134827,1.0002083304322,-1.60105493504843,0.164196278871083,0.921934101963064,-0.788326917481065
-0.61726563336445,-0.540770393342087,-1.63699320823915,0.474727636236149,-0.0840778421126394,-0.224101148642141,-0.0882470842494136,0.762210077493023
0.112862638973097,1.92202107683266,-1.12951189288731,1.49325056569614,-1.18392935614534,-0.0857632154429933,-2.03474620487032,1.54965143377858
-0.182176888872489,-0.662715594123959,0.835659878344182,0.451434324849877,-1.15904448871568,0.231687754979434,-0.377035418936845,1.10620494052165
2.00791199186964,0.650919993886916,1.11251618858324,-0.601535181351313,0.540705759208247,-0.836390147597961,0.739912144423461,-0.899952789368445
-0.0786466838272584,1.21981356918721,2.3383857328339,-0.774186633311076,-0.564366234512724,1.21610371731488,1.17228907293343,-1.05985268002872
-1.78628496279933,0.72403543320649,-1.69627153967065,0.520452682715035,0.292776164841182,1.0091662757849,0.00154144290451526,1.81595484771615
-1.99289973682562,0.844998003796202,1.66956750517128,1.80412098848669,-0.809486136083766,-1.39691473669438,1.28606664612704,-1.03324946397665
1.56795467539599,-0.698434118251671,-1.17516768285303,-0.682200199304539,0.240426894949561,1.83067747523219,-1.58068757587677,0.758058642235199
0.425192341182885,0.656167810916992,-2.16018289850786,0.507533824660086,0.307359364326649,1.09747298021796,3.23582379552659,-0.367008524464767
-0.26748627010073,-0.651143088411824,-0.419547141451359,0.0404312440066529,-1.04016408500771,0.467529164613811,-0.727134039916022,0.44541355233787
-0.659999923951776,-3.64326966856982,0.477451063648537,0.384404507767176,-0.80363426362415,-0.53051145747137,-0.89873184429073,0.135720682905792
0.640059664447185,1.82544514368818,0.484118727671095,-0.0282790144693174,-1.83188617519722,1.33184302305312,0.787051234675089,1.53223953356395
-0.293441722220497,1.624918461641,1.1572363771702,-0.389996445270198,2.18483487113372,0.436251164503286,0.270256158484342,-2.26105601372195
1.12979123501662,-1.24846737502421,-0.491261963986406,1.69975284230037,-0.790119121292944,1.52984751197,2.20128924643189,-0.0725029938033098
-1.03871452460683,1.19021554507635,-0.488559161642641,0.663779104114562,-0.139019449665516,-1.13209292549281,-0.273710759664399,-0.161734559665276
-0.923139703445312,-0.831316849403744,0.48231064752579,0.6279869972731,1.0767240124071,-1.40822560139671,-0.0873382563560925,0.242383934693453
-0.248262751846163,-1.28115861436012,0.337725236323259,0.513964525246446,0.113595421775796,0.519622474850731,1.5168703797733,-0.826094139657342
0.626800133879992,-1.40560858297292,0.236898190253129,0.903889935424137,-1.12461987741875,-2.0692608099551,2.42727793939571,-0.603088055248812
0.799250203237867,-1.03678041353984,1.30741557736421,2.52638031419901,0.325904975536799,-0.755146834519893,1.61831336175576,0.157109046240861
0.979097728265086,1.55602946339398,0.691004388310669,-1.34754980488489,0.923408335558785,-0.0951368935893034,-0.0535563922913487,0.104488883323489
-0.523443550074089,-0.85742813272902,1.41255413136188,0.589873644246694,-1.66822442041556,-1.03218630480657,3.31404750722927,-1.13235150773551
1.36560676034986,-2.10774902398549,-0.56262354613925,1.21866093839961,0.650188542959261,-0.524816638892415,-0.577452299162573,-1.38482765475977
3.14419743561512,1.39303263287435,-1.35940680933217,0.930107532084038,1.43903499839796,0.990116905743539,0.663784528110407,-0.679373860210229
1.06899665462344,1.60649491996893,-0.248962986850302,0.801096856655853,0.869204770029771,0.269771385042806,-2.50780527400787,0.453305664432417
-2.30806472068313,-0.357740652002668,1.07258555191248,-0.161593209837448,0.307238749402368,1.13548231756358,0.728592360544572,1.63726169670278
-0.031286112416906,-0.0995615164735654,-1.15008115918881,-0.163613001163258,0.286160841185766,0.822028824839388,1.49530860731129,-2.04490854172687
0.150091347384049,-1.45373323027146,-0.184711192525651,-0.0843648714383286,0.270850282209643,0.630926251933641,1.5862677755289,0.758288173959218
-0.870129251150309,0.183154593130895,-0.713383165080175,0.257068089759238,-1.07781028481211,2.57338435074789,-0.328157583518764,2.06481722970595
1.44467775379151,0.446748043749647,-0.100391144941989,-0.960560442827644,-0.618550204030297,0.185820533864325,1.27465151803528,-0.899275765059744
-0.234168806010782,-0.293277827472302,0.962134400853975,-1.22769458812926,-0.503049417790368,2.50299400097678,1.98769355615324,0.515561499520359
0.294288753406511,1.19033576059077,-0.905506379483831,-0.434136305039608,1.25305286485068,-0.67096502826339,-2.01200837517211,1.04345824711232
0.212411998470719,2.91238717765996,-0.186090407602202,0.890071251347787,-0.564438861650115,-1.09848940217663,1.66582406918882,-0.520337636588727
1.41595937962207,2.03094849035594,-0.0804434925492981,-0.560338552647156,-0.223625319223467,1.17175769209047,0.339918551362722,-0.853059333132064
0.559405657681035,-0.215271876930463,-0.709017070752442,0.0290786037254019,-0.0440027352797619,-0.190203736748403,-0.10029227548825,1.70464345688774
0.674588278697873,1.0233676716227,-0.167311989286038,0.262803990886026,-0.61074957698759,-0.217930091997821,1.14926555311289,-1.63860701144954
-2.33664116986891,-1.13918125435672,0.429810098566749,1.58388731721315,-0.86539142915844,0.553358817874808,-0.176107342126362,-0.438651931189139
-1.1049512377104,-0.4007151282754,1.08602346389593,-0.0895245870273137,1.52411231060725,-0.101132146680501,0.277475793106061,-1.3390399928724
-0.950203625644886,-0.214384594564478,1.64149129130288,-1.79108778377014,0.460550599279206,-0.799840055249139,-1.00920807388035,0.962187443921899
-0.77615049832912,-0.00832908505218086,0.0877810237836693,0.176736216982908,-0.809887912686214,-1.55006841696774,0.755995700649092,-0.976997824872344
-0.128113279546588,-0.881484062063669,0.535549515555683,0.868674286807846,0.616680473084051,1.17037702009173,0.311735436603035,1.28914176585507
0.783654067692928,0.676006637652085,0.188187328073856,-2.19462268782982,-0.125589971644359,0.013604544967947,-0.914463680859315,0.0183357315308098
0.242889035282877,0.720948705226638,0.165904866283074,0.294014047275442,0.22635081407639,-0.195617096065646,1.86321740899053,-0.278170520281134
-0.967064348785098,-0.0751838654296017,0.505078407452736,0.661502681650484,-1.33144302527866,-0.530601942994865,0.397060738546694,-0.941070736371925
0.591232569703519,-0.594736028932451,-0.851107810993944,-0.787482199473083,1.3954216859096,0.575351812086421,-0.346117650902634,0.424005843582463
1.20088496800316,-0.254468664614324,-1.40035759305234,0.158374427157654,0.806986549243333,-0.996628663487115,1.24334152805877,0.358668285618942
0.781020593967124,1.01107445792023,-1.8053195199955,0.255972852977746,0.352095635408274,0.337402865133154,-3.29946825376962,0.0343023162130787
0.240625031188785,0.0398488140563607,0.998905610044676,0.441146429226195,0.699954761209354,0.0666444101581702,1.28833727411003,-1.73914839244265
-0.914631808806958,0.254823573591867,0.0851311274089092,-1.13553790383218,0.374024915413119,0.526638437427435,0.79096050643282,-0.651951025452677
-0.883284976670155,-2.20314770251375,-0.703050435590626,0.179366493622948,0.180390739109681,0.543067968080748,0.695755927127195,0.79408939647361
0.373048835776994,0.717179417438798,0.854302777839982,-0.943536480701958,1.16795566772331,1.06450013405643,-0.338154650599991,-0.399413269695647
0.0140534315461976,-1.05401655322413,1.58433340997745,-0.23133933906117,0.865800633436935,0.194516279084884,-2.00593058569877,0.743752981080539
1.62621040677041,-0.302079876102483,-1.31137822081674,-1.48048568873861,1.08360977757487,-0.269813201050377,-1.11675426282514,1.22387713743322
1.46626483183279,0.879871455258814,-0.327003508762912,0.748058338978558,0.916500321611401,0.161233173003247,0.00840140059328013,-0.7031530056629
0.484579867944371,0.62659744484861,0.29215519395885,0.302037938191356,-0.274699772407462,-0.0874917060921737,0.324043001070216,0.279487984514289
-1.0526567252194,0.846922511110445,0.0199154445606227,0.533235253181058,2.15158708191698,-0.0871303714851402,-0.575639190324107,0.78469403815806
-1.02941621339,-0.297724101550858,0.504176286802095,-0.0416646451287966,0.157198201373874,0.501696648402888,-0.358833005043114,-0.0313654133393346
-0.274523094619725,0.460287740790105,-0.366023332318375,0.96175387427675,0.612366246887597,-0.291994743860671,0.356898705920152,-0.740985445464653
0.165611300381389,-0.773503514272992,0.655159233575222,0.144808226707223,-0.353248845201813,0.114844380461622,-0.316471523477802,0.251733954162177
0.946634096044978,-1.0520772912836,-0.968721412317968,0.689807192223529,0.0462216027820525,2.00084985894477,0.555855800609811,-0.674183691971497
0.894783639922804,-0.204318241767204,0.320565152165495,0.000243638298236417,0.188678280459627,0.51199399402884,-1.11986663845212,-0.309952642977634
-0.313428377678519,1.13403144095889,-0.817110927725191,-0.587333961477518,0.194316683328265,-0.797417809459324,-0.269792211017169,0.374884253301391
0.409798197120063,0.37621317650053,1.32882905222237,-0.719447008268111,-1.06911048109911,-0.923533064904628,0.135383405433827,0.901271872930134
1.25843752417723,0.0867096705770033,-0.278233575390786,-0.840001286839636,0.0935074987658585,-1.44597299954802,-0.0817716896826401,0.885707987393559
0.369140379303651,-1.40751378660159,1.45214985706799,1.07766584695478,0.672647340749077,-0.237184567827427,-1.3916005828658,0.601759784921704
0.0190764176687739,1.28081993749993,0.333793928802055,-0.65399098660446,-0.621821021787023,-0.400778513966698,-2.29483703949001,-0.802672351919748
-2.52277424847185,-1.17318074232342,-0.518355356533344,-0.00797997002538481,2.30727574692568,-0.408128681663918,0.982302104959976,-0.288755838935716
-0.68508674972257,-1.01622478248543,1.15443847825189,1.5083414823992,-0.233350024534754,0.563590529854953,1.191630554594,-0.336849336556643
0.0268160913798046,-0.34222257872738,0.98215491527906,-0.44321370479528,0.447047212531791,1.00237820174897,-1.51775823339098,0.544693851903539
-0.0948247435490392,-1.03848247217022,-0.269464161679766,-0.545607098865489,-0.487094329288575,0.0525531092437285,0.347915182532354,0.44333558427132
0.0145714795889024,1.150639053209,-1.17285905121827,-1.55234599630283,0.00104790593370681,0.229877279119283,-0.611229522363374,-0.700670558573974
-0.015024380220139,-1.03315348601227,1.13974603912672,0.355744884254291,0.483419670316919,-0.0572115319797354,-0.515553349429089,0.403162769566909
1.66815939069105,-0.10768259963273,-0.105189850274102,1.20238705226959,-0.186325823385423,0.757420830391429,0.760136591476149,-0.0402925170212969
1.44903666365445,2.18689463782699,-0.252710962538613,0.559340137425288,0.223176888398907,0.821552007093456,0.991544222298323,2.50717065201054
0.0213688526042355,-0.711679685421225,0.208657441685076,-0.120247185516386,-1.43985168148642,0.0231370284114836,0.481013146617287,0.705722868176344
-0.528489729390111,0.120490174932181,0.630714289355944,-2.45728026146295,0.480543184672368,-0.136197666410607,0.413004626315933,-1.13648135133179
0.0350005765397091,0.86406993148524,-1.38126022142196,0.947279396861384,0.512959594978578,-2.25233315362752,1.68510405340361,-2.12139871609139
-0.191138270797575,-0.320079776750516,-0.853713459230619,-0.103229800187454,-0.0830718123406501,-0.529388388575376,0.258124017231613,-0.432105096963697
-0.963714116078803,-0.717337945289642,0.458957520314059,1.1344746133075,-1.16700374819816,-2.50259881740705,0.847087821088799,-0.0890455211104873
-1.08718046655763,-0.20729365134711,-0.644413084654369,-0.740371092874166,-1.91460213214504,0.871616894177898,-1.20607347148984,0.547071932863506
0.711295057094752,0.310330747458418,1.15638739857284,-0.451322333514895,-1.61503549499041,-0.395970779694708,-0.0927826926836379,1.24263704090989
-0.0686648621085107,-0.876217939545253,-0.852345880779383,-0.668872901976858,-0.128289630584613,-0.342171651190686,0.537154207746107,1.48575617369228
-0.480163602766956,-0.622583901168134,1.02974554703961,-0.194705618896999,-0.587451723718224,-2.10128561050192,-1.06336281678281,-0.47337162208358
-0.00107932170091765,1.00396723267146,0.861326778334782,0.498491256298399,-0.354879929305697,-0.396169422729021,0.144337736765177,1.32466525450878
0.64453190189425,-1.2083586911187,0.219391582325187,0.251528794210667,0.934479642361096,-0.165562228996143,-0.59535291176253,1.65166059080074
2.23829875732605,-0.792119047624524,0.0199748533007219,0.499292735561534,0.900381271392862,-0.469271867763123,0.295133492692161,-0.0752974904339713
-0.758495559011801,0.519210724619257,1.08886254858951,-0.641077861147083,0.510887869661382,-0.336799320867914,-0.171773626261455,0.143406600897643
-0.256543561136835,-2.02512782338612,-0.189584476577138,1.19299739756598,-1.20225591436449,0.32565914749956,-0.65922256138715,-0.607758013906942
1.19119565432626,0.7005554370755,-0.995049839528761,-0.485521035379123,-1.45918863683976,0.200015354520668,-2.49044204592429,-1.70885610480221
1.65446988293036,-0.328540786680479,-1.50904078085073,-1.32491853730014,1.09745368062573,0.803601662348142,0.989174620017147,1.86833075636595
0.793727213204733,-0.503661270854479,-0.161375643348418,-0.941942147080649,0.772708057659156,-0.252672461802976,0.204073570262974,-1.51025649736609
-0.352913654607441,-1.52784919413294,0.608288182638588,-0.722101570832986,-2.11813273516809,0.332922796395908,0.14037954062781,0.214292625831272
1.89569538270604,-0.412550287575013,0.0200692163476166,0.350896342992297,-0.907849050453392,-1.25927458165209,0.275643320639006,0.712975006354115
-0.941933474281021,2.06033881077927,-0.704729246807331,0.104332608536075,-1.14353435810917,-1.2994616028526,-1.47945568682506,-0.205517070160858
-0.573220832595151,1.00269445392117,0.430615749351717,0.497350384474277,2.4025042525728,-1.63976187536008,0.55376567657207,0.302720407520058
-0.111417757012048,-1.08535717633747,-2.49764917788576,-1.47979136415048,-0.299220093009621,-0.528117800594283,-0.183401239546576,-1.10515448709567
1.66902568944491,-0.316075051187306,-1.00775410357273,-0.655811335656777,-3.55329228730779,0.902622920916041,0.254260291877515,-0.900289130635461
0.800608654380441,-0.274327916807959,-1.03443397925109,-1.09052099921859,-0.577987610873533,2.96451944468314,-1.46895609397277,-0.158263792276417
-0.197147967246636,0.0760372738968371,1.81497343021687,-1.04193616597198,1.2777502336341,1.16675943804749,0.260876216160771,0.901608673855369
1.06453863403178,-0.824555304498848,1.16417422729255,-1.02900800520859,1.647974469657,2.13390652027862,-0.996536704280423,-1.21067126058763
-0.374963273464966,-0.00777479517624261,0.413622187090212,-0.985337282427714,-0.364820529824788,0.227804493469735,-0.758410860972869,1.49463721393347
0.0961983568459013,-0.0403772206430387,1.01809871383373,0.0382312251520805,0.869048017680802,-0.711975027114028,-1.69557804649346,-0.455474083008495
0.0233353783921178,-2.79736512438188,0.595740137601591,0.118168221212705,0.44164404763074,1.38347921049206,-0.726890181359347,-2.78259062061742
2.37626198094457,1.23395149173067,1.14971788800226,-0.0564595293229604,1.092433711763,0.480329786605248,-0.194155742128797,1.5653655978029
-1.43134127759096,0.249774589015186,-2.18025446853103,-1.77640576948149,-0.777483655727395,0.445613747035921,0.343637513077365,1.21280256922253
0.793237866083503,-1.84156683743781,1.11955225234468,0.0630158932205558,0.976023853011703,0.673605168161608,-0.411033453713773,-0.648657107022855
-0.475082182809177,0.223907494881984,2.08033131038316,2.24076642704297,-1.81540799406305,0.0486515907208836,-0.129101974626679,1.73774061140024
-0.730556618843988,1.1992775722174,0.952755871837056,2.09422607048597,-0.629207787912101,-0.506354392072123,-0.442638742400372,-1.34908971791402
-0.0401008049862656,0.737238119579495,-0.266291566779805,-1.51688760215252,-0.275276550619934,0.62707673043715,-0.0286767084401359,0.00371938245382804
0.487780085707068,0.176441485283149,-2.06162220193673,0.51171553988903,0.209099761863768,0.433357660937863,-1.03146528177496,-0.480737369084645
-0.148628160603213,-0.172751326615787,-0.0319363684291915,-0.978299207873212,-0.999514286547791,1.17014680657843,0.884817159193771,-0.496456813394848
-1.34003973988822,-0.727912092825042,-0.100726295426562,0.423977058680653,-0.199869431546478,-0.42865206194094,-1.06122172177102,-0.143737240979271
-0.13760200258262,-0.575215015577106,0.0487068176238166,-0.0302798096307667,0.136418780876868,0.554901430887267,-1.21768829301497,1.10662897714558
0.315556966160753,0.923851841232924,-0.211905774903039,0.262423082775221,0.753973309584234,0.813241488079194,-1.28891043038676,-0.590147362349657
-0.565861542332584,0.846625067530351,-1.8786346043782,0.904667533748509,0.820341173862949,-0.0187909637307486,0.309777727348001,0.355673489561639
1.65103179289542,-1.05663879107418,-0.144779810049805,-0.520998338125341,0.119253733438488,-1.24365584854441,1.35576649591413,0.187073432206443
-0.317816319685273,0.687048695694793,0.418658109395501,-1.32622882973065,-0.0402566362121529,-1.26278097715986,2.13192996588079,-0.440901838772921
-2.18055701176287,-1.45157458761553,0.390736290505933,0.156126459138671,0.797296552226939,-0.172354164230312,-1.08857942827789,0.913650384162356
-1.27729107251639,0.691647510413627,-0.481183131029991,1.21749347645319,-0.889427634434287,-0.940928693424978,1.02966538740059,-0.0622855267689438
-0.648265135566377,0.380972648082947,-1.21938815573653,0.491046160177684,-0.332267701720056,-1.0751697499593,-0.241293608068915,-0.151235067517009
-0.755175963736487,0.973644721645465,0.215464249090822,2.3020244159438,-1.4123224118092,-1.10093289637987,1.96604275273678,1.33260810810909
-0.718119556735549,-0.352578020704696,-0.684667958161205,-1.20927697252025,-2.087699837126,-1.13621465186639,0.990901274511088,0.593044657412703
-2.38650492810848,1.94814550520969,-0.0806840781232035,0.608893742015693,-0.962350193788495,-0.53225210824242,1.87122711144114,0.530838793005521
0.288848694514487,-0.635007601071221,1.08041179883703,0.480093186887299,-1.16280411381256,-1.99766927339959,-0.714326301899384,-0.545900933598259
0.16224574405517,-0.0321515607223002,-0.833325593334672,-0.959698342436189,-0.429590894029457,-1.52847959611511,0.190847377323107,-1.55553138305014
2.15897896950513,0.2434334734811,0.371925693237023,-1.34803435325404,-0.639738777318138,-0.727724428847524,-0.252058062043213,0.295907894229574
-0.0521097598173714,0.629219656156648,-0.823501655618236,-0.402119596674842,-0.919863220757967,-1.11532138683517,0.244464777450384,0.386769686615433
-0.186669234365149,-0.387893829319177,1.2710665288714,-0.665819646233934,0.909578647685387,-0.829711218030163,0.482022002117986,0.00822842292036547
-0.986162231195315,-1.07271839386204,0.0523873596681156,-1.93145088450486,-1.1003247913409,-1.26268482619518,-0.205522619933445,-0.594958165470192
2.97584830181985,-0.063205461614632,-0.221251756563847,-0.802845331124229,0.08470986525753,1.84231903318034,-0.822128113656315,0.800708422359992
0.934466414935342,0.548567730680512,-1.76737228419616,0.375779778409954,-1.38622552325407,1.72238194335829,-0.208449703188095,-0.830348430784477
-0.481744976454466,0.886796901004654,-0.209187286812968,0.0138084917328081,0.620688630865943,-1.91211553642779,-0.429193718356479,0.144361769899443
-0.212137835610215,-0.413205702564643,-0.725742501622838,-0.370377784703496,-0.354250305960975,-0.360885182628236,-0.771443322841913,-0.62862110398722
1.52055868572345,0.0718790849844749,0.716757980815989,0.648550584273326,-0.877500302132044,-0.933012872605719,1.37121216006633,0.570458845742354
-0.752517181647034,0.328869901346703,0.0379907442073046,-1.83688476804899,0.10983783648571,-1.0761298309009,0.954952270447427,0.238989809218011
-1.02971559141505,1.50601761198844,0.468475666295717,1.97907393722343,0.626802814552988,-1.68075590787383,0.0863044876612609,-0.198544951767757
0.530841630315585,-0.977078067022905,0.798306223065567,0.738785688031894,0.569201536747332,0.262171288258028,0.14568559621774,0.0285050383379428
0.54495013767338,1.35221872428975,-1.0135630906646,-0.365410613092941,-0.109742108816415,-0.032345187299154,1.28022343937631,-0.824551464095875
-0.882875072773297,-0.791714621809184,-1.23380398204865,-0.0927968739638486,0.248609584629069,0.212732451433874,0.037511488415182,0.443861254884219
-2.0398172620275,-0.176101855267424,0.973085098759769,1.05188975252965,0.784625170495125,-1.66620637968491,1.27736308750971,0.830112728996494
-1.47572677045326,-0.034460471484823,-0.54117012249983,1.00371413905533,-0.255928541092855,-0.417487405241925,0.0711602320508348,0.870051282761148
-0.0181984590579637,0.19053765643587,1.54664104640124,0.837551267454781,0.903085935304348,0.256663007239229,3.59137029148371,-0.491634959817182
-1.64974254286328,0.965583111548618,-1.29761767611058,0.243543387975545,1.37256593925696,-1.70726979377726,-1.07512758292902,-0.198896157720101
1.84483088065384,0.0632754707514643,1.38151751963378,-2.88466775479093,-0.745745438679164,-0.886068634267045,1.31126081046109,1.4273750834014
-0.491366381126008,-0.260345363388147,2.32158302803974,-0.884831538454744,1.2668746557367,0.303476125463563,1.7314611047252,0.70156397600193
0.403911647995347,-1.09219295941985,3.06996749227863,-0.52894862794797,-1.30994245473333,-0.545880650555393,3.16413766948027,-0.0563110873066286
-0.730270581913114,2.04940952799315,1.15100443034809,0.792681574347384,-1.12129113899404,-0.402043166543441,1.12226103603124,0.443866899710568
-0.142431811786903,0.230281196646163,1.17526131608889,0.00391979655547974,-0.982447998562522,0.0647841264218774,1.36840156304908,-1.32926616121601
0.798361410695992,-0.560313594261904,0.695307455306574,0.200328965808187,1.14786442764307,-2.00908080156577,-1.15846307779709,0.957023031655365
-1.34596369067854,-1.37113947444434,-0.0922165820114025,0.380012301816241,0.857524681406558,1.03976959711977,1.27159044967336,0.0265221983354633
-0.774778284186901,-1.18981343288886,-0.585918273543309,0.972047639000099,-0.597651255873733,-0.383440398334126,0.0641488541241091,0.878575668008052
-0.392225207975114,1.47505803106141,-0.992927254699263,-0.286019444294527,0.27912845401331,0.387877984719204,0.0790231392392415,0.627985320119444
0.261111734403358,-0.707342897733542,0.375195022919651,0.756928750865416,1.97000349711855,0.410375712181018,-0.428176152504441,-1.14104078706769
0.917473641051716,0.994906254677728,1.48728016254539,-0.763154981106263,1.67524911227029,0.235270274871059,-0.023787161305707,0.470415621630364
-1.67420140126978,0.60835658111898,-0.899651545217429,0.773984169719675,1.27312736349938,-0.472388878736574,0.0110716329491695,1.57738509429989
-0.937505221335881,0.949405220684954,0.0852938484728653,-0.872218273613397,-0.698477433089798,-1.16680973850047,0.318551741183905,0.801950558827321
0.067744193856455,0.277256903939903,0.261964751464101,-1.33414013890394,-0.0979100112657017,-0.0834010837270343,-0.275620498715496,-1.41688121755131
1.92213853834517,-0.0795652174093417,0.173718697111268,-0.498316780472997,0.929508056476029,0.414666420508285,1.34623513823647,-0.099375965768071
0.775892856670573,-1.031578071867,-0.246901630240151,-0.433896964457631,-0.775716309747276,-0.791011445970853,-0.952093775968609,-0.733619547616392
-0.245462421987035,0.602942209340466,-0.284967611617152,-0.419871130789126,0.432096152562065,0.250593825131792,-0.0371934776760572,-0.80165025766069
-0.609767607176719,0.363701976893983,-1.75322506826017,1.07101692860238,-0.552762830964744,0.201594778611658,-0.601797217249039,-0.123320553663914
-1.30746734271288,-0.329384791205615,0.864864218910021,-2.0961850535543,-1.46894117049876,0.193582202795177,-0.0815668213836156,0.582323668982747
-0.740042143815135,-2.08158333853508,1.37415629213119,0.260719847655326,0.312432862572898,-0.344165199675766,0.202415336473021,-0.525540215314732
0.287645061839084,-1.7099775784677,0.499843936241049,0.00795175388068176,0.664370175115253,-0.154688888304104,2.74878903275661,-0.801881643398739
-1.73410602643157,-1.8688797981125,0.369736120229055,0.759550026422939,-0.0583710672179931,0.635373747303775,1.95905633995621,0.247463780352947
-1.86319526750176,2.04769367079521,0.0191756290951274,-0.0954282514759362,0.49051988454564,0.417329587737183,0.516356178299648,-1.26071263348297
-0.391475488678361,1.16106852088941,-1.57486072069369,0.494250229131889,-1.74433053243743,-0.615978120734314,-0.26219211204649,1.03263696214336
-0.267686239035265,0.184726377196372,1.64790051329965,1.52111862686813,1.4261421384378,-1.29818868947105,0.511825413930786,1.25169549075617
1.1768315870703,-0.714799034047177,-0.697054160113277,0.193299339353457,-0.831398177936997,0.346458573026134,-0.876105074227781,-2.32990879845529
0.210896074058939,-1.20472376283397,0.102777733498556,0.85410895631682,-0.66543590370548,1.88202231964822,1.97711717695719,0.330675886109321
-0.0272730535864818,0.327077683909865,-0.427159003748971,0.26940176234402,-1.13896777356776,-0.477711024882638,-1.19652113697878,0.0585407393425273
-1.29571831498231,-0.695597417451224,0.979190010407912,-0.33322527994826,-1.08756295222447,-1.05394410002956,-0.490183369716699,0.988678193129079
0.118581991164237,-1.17463153929121,1.08844014851373,1.47464510362306,0.814902548665213,-0.693905858012283,-1.81138051406075,1.01147073919738
-0.76025207745813,0.399605304644918,0.125005394551721,-2.15004418715007,-1.05332386163153,-0.95958132013749,-0.476441172546268,-1.32108804169199
-0.45280788530031,-1.15572636560098,-0.854636795840981,0.658115141015024,-0.465481542504093,-0.830060741682499,0.516075744085409,-1.82748519484759
-0.413601782635483,-0.742111641032101,-0.316752200293588,-1.61149635329242,2.57917515772637,-0.373231575797101,-1.06730563675053,0.685445719328477
-0.110587594497114,1.79922452640251,-0.798763795417231,1.26221063181178,-0.951864467105737,1.63982337731643,-0.661656883833296,0.664154176964466
1.03948385257193,1.17515488758641,0.584009464474435,-0.0916090407756487,1.96302433546379,-1.11742964175893,1.05944310090244,-0.209228539272766
-0.804039703314295,0.353669888721593,-0.319597186221993,-1.65541691676628,-0.376517361819198,-0.651479828331772,0.0414186032651779,0.649486450864875
0.911203342725137,0.981711916569355,-0.421005833799885,-1.49710313057527,0.352087845766575,-0.698273745914848,0.267017293150005,0.541358313041677
1.1194331534393,1.08354895536542,0.726501179745188,-3.00263469863494,-0.12900846151765,-0.1384012773047,-1.14003600437834,-0.0533973083841372
-2.47961588450258,-1.5763277804309,-1.40436071619738,1.10247060368991,-1.46317640763794,1.84141061357516,-0.556629340160741,1.59736199369641
-0.821001236193269,-0.146045882814545,0.994125664411582,-2.11069956735646,-0.61987608402495,1.27872978776848,0.533062574794834,1.53632198537978
0.533994368321684,0.0535804686568493,0.89739302666488,1.27044622890433,1.39785964684746,0.477190747960029,-0.147657897854287,0.175845898102109
-0.441924187515093,0.980515691193628,-1.22081597197937,0.0143137102266381,0.44556951565658,1.2767739212667,-1.78594707192129,-1.17838603537859
-0.555944950935342,-1.12570171378279,-0.101565292189042,0.73669229162485,1.38895572602238,0.805064879238154,-0.926122654509598,0.532906033436489
0.297880694513115,-0.25668812947477,2.21321940442763,1.9241707776065,0.457535551517502,0.35614186617012,-0.400125642113831,1.84124674169301
-0.453657462518316,-0.0355725439060948,2.12457019572418,-0.452787710049584,1.90222045514945,1.33921636586058,-1.34782923603751,0.472024516317024
-1.04062793499914,0.231821414483841,0.555362147886542,1.7302446142939,-0.362528795181067,-0.721354479616661,-2.0971726021367,-0.47908323392835
-0.680057925253181,-0.135937658738258,0.188214320500452,0.639112982087676,1.48284597493657,0.155372626684673,-0.15441486383093,-0.595176663106811
-0.21294811744247,-1.55763065953254,-1.27738677631641,0.412756380680031,0.390499477465819,-0.0966944578744485,0.155692217559299,0.219029266959855
0.393377920812676,-2.8137820254271,-0.0706876890513558,-0.0870886851327173,-0.670553931651959,1.09280661761813,0.799296902704747,1.70624088700745
-1.44268195533838,0.954688180169616,0.760457655371599,-1.06466369745956,0.905901964251734,-2.0720843101752,0.0832816311196071,0.282370641265024
0.0644154115272128,0.662903501664615,0.377061401123485,1.28867499837192,0.780325621086763,0.666420854488073,-0.417626563245368,-0.917973918927578
-1.37071370188578,-0.96992049881218,-0.707005683545126,0.239243683970744,-1.65234468389004,1.70512884218115,0.465503610425168,-0.0796952492149611
-0.849178183854769,-0.639753223941284,0.169889636922862,-1.05482565426718,-0.107126475986033,2.11615804417673,0.393628652585075,0.199246302070162
1.40906484970902,-0.273550019403328,0.117760554276532,0.897397160433778,-1.0893932521603,-0.861564169534619,1.90147981345154,1.32365933026518
0.317816863455637,-1.00666426813966,2.369128833633,0.68869040275411,1.08964839873694,0.67293434313828,0.0591602440382472,-0.181598335114746
-0.510555725362249,-1.23133307329026,0.90981569935158,2.11676922255805,-0.794220903243248,-1.10838858145452,-0.790397579366308,1.20854942885141
0.229244859170863,-0.161109351339786,-1.03368051771171,0.514636931320766,0.773126048553962,0.744838180259511,0.37018039308507,0.404209762108762
0.172411457878642,-1.21774500850429,2.33875618486541,0.36587214274811,2.02530749794232,-0.234585315439858,-0.840929717874747,0.268141700569906
-0.040140910172519,-2.37353674229254,1.80037075899094,1.41822414983971,1.27081444990185,-1.69614878366439,-1.13455513540837,1.65553970170613
-1.29128067628803,-0.519856888256056,0.312837198210692,-1.1191073969312,-0.20731269653974,1.75668123279998,0.616516736799468,0.412013266155214
0.575219005791596,-0.0342111548246569,-0.900374763951751,-0.218200181469739,-0.484358224900091,-0.178101066537237,1.15879535156527,1.70301755798242
0.100888971456798,0.0834775555169739,-0.843504502356306,-0.361115659882381,1.43383036851036,1.46705628869665,2.21816484427476,-0.113068872989377
1.36141990748505,-0.810781903632826,-0.656975667629999,0.264190832478632,-1.0682622353531,-2.13918724629264,-0.914838231758115,-0.671861800376465
-1.26914162345533,0.189078885646163,0.439309010001423,-0.769902136870357,-1.6270393500661,0.0679289941676634,-0.877980034815917,-0.906657995652631
0.807218279061576,0.922933899600609,-0.58096647487903,-0.558646427978646,0.198282849207997,-1.42850479090998,-1.57865073856105,0.404594031269333
-0.63756655432703,0.703006256583195,-0.266659051595326,-0.0353609483916803,2.87035613048067,0.00917051709879232,0.140868119012308,-1.03530732247569
1.26362072262049,-0.828681052731238,-0.287452698938845,-1.88282625305568,1.00111117120382,0.899334456176998,-1.31958495773153,-0.369381178248646
1.1021521672036,0.819440394793049,0.00369338871368392,-0.609103965335247,-0.219949456711569,0.452820300105916,0.194264935329583,-0.0855299923303871
0.127479722804952,-1.64254824399025,-0.523527831616394,-2.67463818883899,-1.9126043703466,-1.72809084298729,0.289086630002456,-0.349373148047986
-0.0633885475548511,0.71326279129042,0.0664045016062938,-1.38348275175551,0.354045856632237,1.1710082742891,-0.961498412547266,2.41226351457949
0.789143169196559,0.323289595653167,-0.691712726944202,-1.75880474339462,-1.76999675247278,1.97596251267048,-0.524638079351605,0.293464342986345
-2.13373303881031,-1.08287043346252,-0.0792888020365737,0.387352144276219,0.33587402547314,0.331348350067611,1.42196643450559,0.192672196975321
-0.170321297566199,-0.245592671574097,-0.0965193836302511,-0.584720634701175,0.560354107788375,0.749427532718525,0.654022751694833,1.49479486881272
-2.59527273335278,0.375506134949364,-0.408043744478538,0.604908384243784,-0.537298058717271,-0.808246031847834,-0.0808479048490144,-1.84814066233222
1.74002203438067,-1.08367625010761,-0.974402936590679,-0.395439364954217,-1.68295309520461,2.16532663842686,0.775762794519652,0.926158191049655
-0.0400041878982079,-1.9187935682153,-0.679929906316128,-0.323508947955814,-0.382289646657286,0.920007158955462,0.795144069254336,0.678325241599158
0.625325887660285,1.70537814648173,0.62850801315827,0.197059613950921,0.757305683120162,0.552056526286183,-1.28329891653525,0.70134290690718
-1.470736802252,0.035629596643133,0.24001638811496,-1.66065392715555,1.18305902925978,0.706042880010032,0.421581719322244,-0.609282705494839
-0.0832334282222293,1.94604824917293,0.395093671710952,-0.187491971788329,0.699694431858572,-0.218640811420358,-0.335265192076597,-0.0906387817661176
0.0505308847603109,1.03076713994429,0.592233978256384,0.198744175994124,-1.0144813780484,-0.598081602957478,-0.674205492162553,-1.29649126585835
-0.828116337075806,0.0721896435356265,-0.638292021421224,-0.672789087101747,-0.455520206535322,-0.841585485534267,-0.526691434942618,-0.527006237472575
-0.697298684741181,1.59078261519923,-0.584907633558395,1.65946835796598,-0.761699612430238,0.131558966771471,-0.520256838758835,-0.0287432676345668
2.45105182778979,0.326578233185825,0.0470281958958387,0.857442538343693,0.590925624163059,0.927578328898858,-0.140227424556888,-0.175996627043447
-0.434045361133457,0.150714191401608,-1.25050213704018,0.259365599213373,1.59782471775262,1.61048503316759,-0.663648233745758,-0.272916888477981
-0.239742303867442,-0.667476045017301,-1.49719977374208,-0.611471383175893,1.7285580013863,0.133737922858214,1.2099187510954,0.684975940388637
1.03851654831477,0.76898017449291,-0.922340078488236,0.136820185313858,-0.935262324339657,0.843176415927113,0.243059409070569,-2.32075087177215
-0.654400095148674,0.266643343982429,-0.110357727199148,0.558842529234566,-0.0193593022002457,-0.415840646432364,0.197820803035673,-0.564318989889481
-0.517476377348486,-0.601588136266901,1.46170627515659,-1.39704753486983,0.370683305637224,2.40847744580527,0.290344833828609,-0.133949332253661
-0.197333944718267,-0.350159589177561,1.35001304881977,-0.920462534916526,-0.458077457662302,-0.710680322360504,-3.04156919382481,0.639837956375541
1.34273855655691,0.594859686560448,-0.59148151249813,1.04835145135681,0.110688945540171,-0.726399348001179,0.300066850249857,0.18340744098865
0.402153794545812,1.99966711254927,-0.989548792111184,-0.565017597552811,2.08912720613457,-0.959608722959471,1.18215526051107,0.217567721906712
0.592502500100848,-0.796881866829337,-0.310399306201474,1.47328093470374,-0.174128822579679,-0.167135654539979,-0.0281097541801517,-0.434636613888873
-0.00833047333456853,1.23115895173736,0.567776466016062,0.502802379884358,1.0078176552445,0.41944928599047,-1.5961621874826,-0.313708199463576
0.491720439303212,-0.838233433108118,0.282788648555511,0.46755221827285,1.62084862453748,-0.297091028176706,-0.533895632403894,-0.549730834532048
1.7420169428173,-0.878219801579179,-0.0453449127002373,0.165404737377614,-0.794179943082421,-1.63650215925633,0.244438904055982,1.69383400065945
0.150471593479896,-0.978378556705662,-0.26790162102931,-1.20769961274886,0.159226965085185,-0.905711763446951,-1.35779512761228,1.09592069637532
0.840401929512594,-0.883170632632271,0.983041527418135,0.750610859009487,1.5944147350793,1.22966380491573,-0.474670050058811,1.23475123293939
0.204779338523318,1.47100493076151,0.184965750766503,0.0918571367896603,1.92223837422175,-1.04460882955912,1.18244033035755,0.224618367570057
-0.781060373095398,-1.04062915736522,0.52399387979054,-1.7248655958357,0.392225911888968,0.722294377019204,-1.20424116507715,-1.80444452493255
-0.419039127221728,-0.504834383579479,1.07285987726773,0.706872928047414,-1.26719569217956,0.00181506524477509,-1.06262894866004,1.6092893002402
0.0223012858437207,0.0500889173431794,-1.49277364430293,0.500937348030145,0.253238812635602,-1.79531942972404,-0.672519922727736,0.846578763615226
0.511290481034589,0.451637065121247,0.798865580597065,-2.13491271152345,0.222049188665922,-0.105200658099498,-1.41216930028237,-0.628620234059152
-0.112479384725224,1.06538015966518,0.85796206132654,0.247028571997405,0.354570513143528,-1.32659908392063,0.568750414033829,-1.77386978774146
-0.830749482134663,1.04011767647414,-0.440703100616422,0.220543091762697,1.28886881521987,0.0495496799402953,-0.349937431864369,1.21373020224738
-0.129753510089302,0.551296784114923,-0.417071645302611,-0.572566431164568,1.06309933366319,0.171582308940462,0.611541894273371,-0.19766877004237
-1.15432296843341,-0.668153599002993,0.101543170691109,0.551330537985599,1.69645610964932,0.0976735215306084,-1.03886655788023,0.718453372525926
1.52931408295502,-0.753252231948796,1.03470444971524,-1.71541874642124,0.477749086939404,-0.64850206218897,1.75940216025563,0.140142406534975
-0.917653971346838,-1.67445562046495,-1.70492120109744,-1.48514570118768,0.451827456783978,-0.861887426610752,-0.221645675915867,-0.901142348368963
-0.319138762946585,-0.50345152127398,0.311463089969792,0.327027118621378,-0.163228012842319,-0.296936228729732,0.540357561237926,-0.193145248146279
1.38147459593948,0.47213300997924,0.837019085280097,-0.0521893028157226,-1.32997693961571,0.638283156642732,0.312282054225526,-0.909279948237238
-0.277014159281972,1.03544095199334,0.475627096340975,0.00331220258636821,-3.06016155874052,0.987079804526385,0.103921060739878,1.67147647941664
0.933434791762698,0.279227868547555,-0.2603629808738,0.129932162585302,-0.966816904435482,-0.647426617863726,0.148184779791263,-1.59330600558202
-1.36220744843946,-0.946057137386958,0.520239718133632,-0.111037287845638,-1.0693525522094,-1.24059161333238,0.877926617415957,1.13253348092513
-0.750449193700647,-0.255487171858473,1.56032405882356,-0.127465173548283,-0.241669798335051,-0.905532790709225,1.16535070940436,-0.771983789826032
-0.149521414014122,-1.11144484065093,0.548492210258195,-0.24787741359115,0.351081138019183,-0.279843973305759,-1.03724996748749,0.0194396178743312
0.092352289560813,0.95920556729447,1.89655275650916,-0.589310126115413,1.97244135725415,0.800154944031892,-0.260718659621536,-0.467303089117582
-1.00902482997297,1.90974402120879,-1.42346091143868,-0.162038973653617,-0.352557916835775,0.785224731150099,1.97166041070708,1.06781365739114
0.581738502742518,-0.133047313707161,-0.550235970739047,-0.357814750038347,-1.79637919823778,-0.381938331886383,0.375373238448965,0.666848644945634
-0.901778242005163,2.46365429734017,-0.781159987900381,-0.902425397344416,-0.118678245129745,-1.4838793449314,-0.352610229864996,0.412077126126583
-1.05923929329147,-0.296857412848697,-0.661441397844217,-0.000336663896548002,2.62066566537516,1.53565977973182,-1.09216164946046,-0.0766496489073618
0.933735071985934,-0.401381790707022,0.688448810508019,-0.106376966705656,1.29043023116585,0.786563668676337,0.380991713434794,-0.153406746623078
-1.2263977219281,-1.24022957171008,1.14374440226314,1.65389084960961,0.272900513388344,2.01416380487154,1.2260557887372,1.52477597414745
-0.371729669807158,0.507201046176676,1.85610910395167,-0.274388561357249,-0.557015426661112,1.08083695013023,-0.614322050853447,-0.492310958488256
0.806304167964269,-0.707443578081377,0.914534444524207,-0.648058112106152,0.304752831591137,-0.761313052862207,-0.227149737987527,-0.168799237580082
-0.376234316788618,-1.91241173551903,1.25853630749578,-0.216840994184139,0.561857533926744,1.22354373573044,0.562351757614224,0.103588779339938
-0.978425877338571,-1.02091186047825,-1.17784688842948,0.984462209330104,-1.47035469922266,0.322329326388016,0.415571938642895,-0.869500853408054
0.828182385103239,-0.239665198740066,1.02064611299738,-0.00246342887622464,-0.436741715455498,-1.88537232200993,0.949732615411591,1.31240232134444
-0.217510030572095,4.06640867454058,-0.612687515766153,-0.864542074218573,-0.671741555844185,0.461088888544694,1.43409881678642,0.392625632110659
1.44027855495886,0.170135106265449,-0.405027755373245,0.100997686011211,-0.250840456636106,0.880269132856725,-0.108587155631094,-0.206014644263477
0.125370626439357,-0.919287620370967,0.279416895965235,2.13648705577159,-1.26721063034101,-0.884052458784238,-0.566880291909419,0.611221259817915
0.759035045246345,0.795856449661092,-0.179461156740257,-0.785289579167582,1.17158458350105,0.0344117775818469,-0.717211891115295,-1.58456524493274
-1.94846831012733,1.02940178329119,-1.6521926041055,0.224267128917364,1.65614927249345,1.67785318105332,1.42650563764103,2.02739299325737
1.17483017110049,0.653186285625737,0.930461977130898,0.406244435613732,-0.87381797221508,0.0389839004708406,0.226805360829604,-0.500524718649529
1.20012183849956,0.20823703293236,0.109131980576458,-1.07336728935167,0.594555967100357,-1.34876926780788,0.995421117139846,0.577032657276165
0.113325161319863,-0.966380949704363,-0.478033005178421,-0.238832802002305,0.0628245030068254,-0.900268111200204,0.479267064771614,1.38652396041715
0.277602678798391,0.112293468223021,0.705236779445831,-0.582359655707239,1.77148943029297,-0.0951320025710401,-0.322252979997412,-0.411790279564493
2.09087414146654,0.553290388990848,-0.63933913278998,0.128022579984504,-1.84159579089638,0.559007437663797,-0.219841765480094,0.664900852656525
-0.239891645997376,1.48712155026537,-0.487465196848024,0.936789079593859,-0.400014218430125,0.371522403700414,-1.68144793103834,-0.372767279309633
-0.827078267573223,0.784702305088044,0.228699909722023,-0.134702283672277,-1.11626230236984,-0.408634579461957,0.0934634928993033,1.12391608953898
0.911997151894844,0.429986784030127,1.60526081295977,-0.577769199163518,0.355764966676326,-0.561978550093593,-0.543406240884957,-0.388940292015394
-0.515800707139698,0.894359093741669,0.0143863874406705,0.939232582315841,-0.240909909118864,2.23979423039502,-0.213063249777958,-3.30422502827508
-0.371436514843068,-1.35728198268962,-1.16634106034412,0.0123381040494399,-0.0878628264233515,1.08577860311408,0.0820580585147163,0.95875803179598
0.854242593226543,-2.54607620178562,-1.78432001731753,-0.0811463916821968,0.235007099540894,0.0966687165755686,-0.770623554194489,0.949912342258258
-0.288378750039122,-0.247461832713484,0.0152701052681436,-0.226513548721923,-0.285904066212323,-1.40000857478887,-0.393306239210328,1.33216929674144
-0.0387289386067692,0.4744451967025,0.148118561494053,1.14459503868278,0.0672853975228046,-2.71704338357016,1.00842054056864,0.131315340871849
0.0924369817335151,0.72442626282433,1.64232594367655,0.2221604947652,0.335963224883489,1.06669506565495,0.877039693674633,0.337825040281226
-0.213519207700697,0.101973722304635,-1.28426843936421,0.742756819215235,-0.587238103383186,0.615038887149873,1.06211806507845,1.03730330579915
-0.992451554193691,0.903651500332002,0.0548789068539009,0.644685983697561,0.0462762917750606,0.127852708349623,0.619002288104727,-0.469992701562671
0.559832999978143,-0.675895916835795,-0.517975246263948,-1.20048326033691,-0.498205040202366,0.337900623327577,0.932017999704741,0.06066279000427
-0.263418771676078,0.0695582275739579,-0.628443169498972,0.946572589709772,-0.061217360972305,-0.652083484407492,0.616560625346598,0.220181594075067
-0.802873848459065,-0.919064184816634,1.12971023984355,-0.433664185497597,1.21811991737628,-0.848243520065872,-0.0157484316606065,-0.123898352821422
0.846691935638426,-1.02591881818856,1.23845599297631,-0.243200455218304,0.0759140319341139,0.124858185834552,1.62455402343386,-0.0520101332862862
0.200208780582758,0.711027177509919,-1.30114823642566,0.0349686477664007,2.0246692999177,-0.394426515513455,0.541475917055934,-0.586043406925568
-2.21712592785714,0.455088038472735,0.884132065539508,0.613346288008011,0.160727880615432,-0.668307926008555,1.10638479223919,1.58612392688153
0.342495741927102,1.16151628663656,-1.0076903634068,-1.10565141946093,1.94892715400581,0.213752704490242,0.216400177520991,-0.132136191318065
-1.40957235503212,0.121612726387823,-0.339621350370141,1.63605135163036,-1.19424191617199,-0.260236180291848,1.09926381282237,-0.399832653744516
1.38750723517012,1.31884332440287,0.445051916064233,-2.10925362832972,0.619343266660332,0.376339668827532,1.44117026002024,0.531197337851345
-0.567652244924671,-1.15931914316872,-1.11660508688893,-0.423786672915687,-1.50154876086356,0.162567454392604,0.561179293129128,-0.457325288713766
-0.179736240650273,0.0947753525868969,-0.146407449822084,-0.00513711771508835,0.195614794539358,-1.57323413211163,-2.04372916266915,-1.088618890128
-0.326360599669977,-0.649264205574176,-0.461968073159229,2.42052769884937,0.16390367907322,-0.328833114977224,0.0652889435102062,0.316370165764659
0.314656202815734,-1.43259902926063,0.545864173459325,-0.500288412120736,1.41205656440553,0.0938768539982004,-0.625348788952682,0.112961578761304
-1.52678474384841,-0.317023376688673,-0.240286281331886,1.30291360672152,-0.0379127758921789,-1.85821585563269,0.319532302334568,-0.669200537689964
0.267880320045448,0.29436506106301,-1.1214385898937,-0.71237631218599,0.0817273666471065,1.547509791659,0.426562055905844,0.0801209879632889
0.855856234210645,-1.14536241990681,-1.08551451869747,0.0370568761410095,-0.850176601687646,-0.278843898593042,-0.608879880408229,-0.316949830535977
0.873197555612307,-0.272612628288704,-0.297389916309953,-1.31924888910562,1.09822470878999,6.74780860349975e-05,0.789028833673168,-0.950138415701053
0.422764675440197,0.483901753149251,-0.580580712545668,-1.05287563738857,1.85698347396692,0.255653464834799,-0.546766708884882,-1.79654276030612
0.643081826070868,0.718993731043477,-0.508153792369862,2.05218310637757,-0.435844586803979,-1.56970749419925,-1.07762985610008,-1.55572156664321
1.26877034500056,-2.00144693875759,1.18931006019562,-1.29670729539751,-1.83892918471801,-0.306892085709703,-0.50048783562985,-1.12614023417417
0.76967262457925,0.39057066336759,-0.236068930947009,1.26339382158278,0.272250146567254,-0.260255446556405,0.548066126005175,-0.371809180316376
0.446426564874218,-0.292749214668979,-0.633723144357771,0.940838705176167,0.426022908092401,-2.52532632733914,-2.97724032358761,-1.01275404519385
-0.254303983252591,0.994627702305596,1.33272926007204,0.460531640730941,-0.774682577603988,0.18316704715866,0.821125290878537,-0.368031730978352
0.0936119311325049,-0.835957255438439,-1.80183939303533,0.0532301435042,-0.0772749375561967,0.042395581309559,-0.198052782021223,-0.0391582129390337
-2.30321230669189,0.664244558751751,-0.794126498690077,-1.12653842863095,-1.16449463434125,0.926312468254839,-1.28941191324158,-0.832175403291393
-0.401412322213688,1.13650079760228,-0.259378840885465,1.30875180444835,-0.949020845046485,-1.6080070841055,-1.50662118802275,2.41989040366325
-1.29652751905135,0.544424688907251,-1.6278415446644,0.172377856683806,-1.01589972758339,-1.28957902315768,-1.34308456414139,2.04756993652778
1.63097838242983,-0.782858313253531,-0.0340606793343266,-3.29046424919733,-0.454085127045972,0.75421352347364,-0.519434257104395,0.243240222714595
-1.01575896858972,-1.07352353210501,-0.543075960415632,0.277753903067156,-0.438545503483019,-0.974059358560969,1.73890341784656,-1.2665991230636
0.397947272482475,0.126814898861206,-1.99311178436181,-0.938778359041411,1.30562209201513,2.45546880175531,-0.0957324360123431,0.243361809967909
-1.02009173873387,0.0700221213337754,-1.00318830030828,0.0494700358906744,1.31259702484919,0.690619126730525,-0.147318850180608,-0.979183494073332
0.101216181017429,-0.719651462861685,-2.13240468589733,1.54848159005501,0.147327700499891,0.443465672714837,1.04551361362736,1.26732082726807
1.46465416408614,1.06207294606331,0.807050530124103,-0.857581902722849,1.27913093713615,0.155585249905097,0.738939759674546,0.646609087170647
-1.09310356866513,0.307666804033296,-0.751244095100915,-0.473545595990902,-1.3874710557827,-0.76288494694274,0.0770681027882167,0.472944722328521
-1.15565327986216,1.42305865130289,1.31008181550305,0.192555170772493,0.457655554639881,0.789693667252044,-1.15770186926751,1.71398932909106
0.474425846296046,-1.12620387487571,1.20867838489526,-0.887320142876435,-2.24851936512044,-0.655949195286862,0.660734704910074,0.756902933200889
1.18897268060355,-1.59593800809997,2.2483629790343,-1.12922765580004,-1.16107150628343,0.153326667310981,-0.714823015312363,1.07767279582088
-0.985889462482904,-0.0316269166913255,0.793110427921012,-0.693662636518164,-0.497401964914245,1.0644928650209,2.44954501657271,-0.426703955552161
-0.285140015730199,-0.997407653538702,1.79265994320318,1.6359556691587,0.710281045668895,-0.681782041907695,0.223416961447257,1.42835669431524
-0.976528230749617,-0.279866255880726,-0.476412626128785,-0.193425319749546,0.975746002776903,-1.09854384046456,0.0519789486162822,-0.541361186846933
-0.0900610185530416,0.121159201305043,-0.390752995062653,0.320830756948381,0.387317457035497,1.03981941415015,0.193294051605249,-0.287148718829003
-0.0789209279548053,-0.578505912883772,-0.481461851845763,0.897691344882819,1.30895211646755,-0.417967182945958,0.363343277744089,1.60759144085293
0.46438145214144,0.988402838950045,-1.05594637831219,0.861990664286198,1.85572920355532,0.68779039650427,0.333144006776466,-1.38164510484942
-0.147005942042536,-0.18312777808693,0.38687733468755,2.14331120570775,-0.255310210637275,0.547010503290555,-1.3111299967674,0.856009203266734
0.194340812787635,1.52242127251154,0.838086036679903,1.15943930009106,1.76677461394975,0.810817429265816,0.337947622102571,0.133117265462055
-0.330593398026453,0.181277836984265,0.614042742317057,1.08455582823429,-1.24782021244014,-1.18798427160635,-0.523179150650879,-1.30714415724246
0.0221309027963459,0.0117811135527463,-0.182050805359805,0.761245790487723,2.03312973573912,-1.25700116987555,-1.31171281905907,0.583895793527218
-0.91947896547793,-1.57007048653607,-1.62052452119335,0.0862603668999232,0.952550125660735,-0.815988839569997,1.11667473512461,-1.23717252840469
1.52120254408579,0.673509592869938,0.20612582152729,-0.428869230823042,-1.13254463639412,1.79166579852122,-0.137278629799657,0.00412915360989419
-1.55854057477273,-0.118506632499588,0.529710090006518,0.177680185600923,0.203059753694321,1.48657165393539,-0.276311885320633,1.95590843989554
-0.426210346611756,-1.00972817895355,-1.07693811753628,-1.58105229744449,2.04607286783171,-0.482493196136174,2.09150137517465,0.520601370550577
-0.120364913789191,-0.967238880271292,-0.880838491105221,-0.807587443028338,-1.32447654595294,-0.238147490112794,-1.79539459496823,1.15114963142737
-0.271092904274152,-0.0862715725333286,-0.806297956319586,1.25575185498965,0.555520008810229,0.825000745665817,0.0820804019527243,-0.595453232033247
0.0508412202222286,-1.36360763392147,0.123375216042392,0.343082787470384,-0.529490681277408,0.22433920589545,1.39743364198414,-0.839460646950962
1.34183858392203,0.744332196488585,0.701882648427391,-0.469681247322201,-1.65129741210663,-1.8537717284221,0.475752231147651,-0.0235109045291486
0.53785729598573,0.911203739450571,1.35486561279363,0.591002127214784,0.881959353253712,-0.965870529910837,0.67978018128268,-0.278105738726259
-0.991373345601192,1.86029212945991,1.26281843996829,0.959830822048342,-1.30066940730887,0.701578179009188,1.23189284686666,-0.273126269897512
1.20114501758375,-0.190353518823068,-1.67908235191367,-2.30260551831793,1.70861977365782,-0.0789412176631603,0.66244797186394,1.51143503767393
-1.72917679617987,-1.69850096008506,-0.106785761760164,-1.07080163215207,-1.61284321564208,-0.962986785846896,-0.367053154105892,0.587520550700677
1.77024208708059,-0.251098399574466,0.531567380414118,-1.20964082942931,-2.4613343500661,-0.373440069410311,0.378270222235706,0.450577712244649
0.547833953320324,0.467541104508958,0.330677188064423,1.43309808056939,0.560764341090879,-1.76322599113266,-1.75141620528583,0.979176380516941
1.27999706232921,0.142901336104512,1.55525530536596,0.0176087238308223,-0.133316124481085,-1.08840607548979,-1.70245106030625,-0.185137848535693
-1.07598461154691,-0.276104163398461,-1.09931674332973,-0.0943944769498133,0.608093303936153,0.424312571830327,0.698554368088221,-1.98240585610755
-0.0744015087283979,0.167714828857473,1.85396378001377,-0.393367710030274,1.02327103261519,0.712730601014589,-1.47771780138607,-0.0393843132157021
0.199278277408831,0.94546861177065,0.341036707134966,-1.31400388032589,0.00729782166137437,-2.265602349268,1.00910370028252,-0.674424143236652
-1.45896018712369,-1.97335509194831,1.66128426302002,0.59605772153544,0.617537943207338,0.524725152485635,0.871654222598575,0.579939513632351
-0.660771789623029,-0.681228056120374,-1.50789477278964,-1.49662396180921,0.415037681849784,-0.874658640861646,-1.34122304423216,0.0475519694073213
0.00457093752543946,-0.498003869825147,0.25847856806066,-0.532100422579064,-0.177804444748977,-0.434089411179946,0.290197108972261,0.774869159725316
-0.132941949823239,-0.728238851044001,0.0114319568383003,0.14455803034184,-1.15838408692282,-0.0224311100303025,-1.44600045917807,-1.16294360389618
0.228990145879259,0.136747920834466,-0.204730598703773,0.437022651348382,-0.855158330798653,0.0418649015685145,-0.525385989088696,0.258589515658784
0.722463902253697,1.01755661285545,-0.292827763815191,-0.101422812203192,-0.110401207780792,-0.520596897256084,1.90440682988752,-0.295485398444267
1.04855802807288,0.110013340550805,-0.500546042125322,-0.757611047525699,-1.16608754789019,-0.207307650357131,-0.274285278157054,-0.443485690507042
-1.60889851873741,1.50266975747511,0.728309158163469,-2.07708138941626,-0.529493957095775,0.290381320832132,2.3841251047063,0.202246679064413
1.61174687232941,-1.19444679327576,-0.32835943800347,-0.239950947464163,0.392260281625559,0.913864758454754,0.704880521283906,0.249516315721685
-0.0969208203540447,-0.572632423786523,-2.01455971969317,1.02557070158531,-0.699891214934451,1.22222156381692,-1.0619131526229,0.874124918476372
1.52952021674551,0.723639838686646,-0.413985687941484,0.984598879077096,0.472018425734758,1.91865036499966,-1.5923748418282,2.90218092419932
-0.583249267998926,1.08863294252476,0.722056999474903,-0.279152989415014,-0.266268958771267,-1.77236526314901,0.117907105559822,-0.0276575957746742
0.0308182478166155,-0.239530859267755,1.49468730717669,2.01926335393677,0.621311922242865,-0.425073292960659,-1.20687538374312,-0.705235067548245
-0.902313018435604,0.862782869189145,1.33295262828322,-0.301759472397518,2.19267244200329,0.110676833993289,1.68543199878072,-0.330143285142787
-0.964500446691877,0.488791732414413,0.663035172040293,-1.56319641913641,1.78754492027056,0.405105399308893,-0.45063725414627,-0.203458792121266
0.400626225822641,0.749858963495695,0.116676424083182,0.304834242890721,-0.568600054570731,-1.88302104666844,-0.223393216926575,1.70677993380811
-0.444749189535829,0.81224234977023,0.379503249590106,-1.05970383283659,0.901827889495843,-0.874384478674879,0.0966966296882979,0.152997343882655
-0.81333228470551,0.388069333913595,-0.868945711628208,0.552460874510282,0.198683032280671,-1.6349141321041,0.949765023895471,-0.432900999924537
0.055877032666914,-0.539760793575172,0.0114182728281079,0.201305345198237,-1.34301209354919,-1.85658004149741,0.911999544899839,0.529831072003214
0.40791227645312,-2.20104486981022,0.763544195376175,-1.14501213611417,0.0278857105752472,0.536692322387266,0.381163764591876,0.898300217695278
1.14320781949139,0.935275089806162,-1.12616105776815,-0.782577572704375,-0.266456356206252,1.68451473962404,0.0375508464919318,-1.82516310299834
0.929287500393124,1.73284267268908,0.105430098950253,-1.59256389392923,-0.347014734501982,0.465167243515564,-0.49780371694577,-0.225223142293952
-0.294211331419387,0.894466678556968,-1.32531933989218,0.523017876374351,-1.10861610026945,-0.150924720584434,0.100164630255524,-1.01993959834195
-0.445056617392421,0.0676228747048392,-0.383274947726734,-1.41671727883598,-0.496148474226782,0.0295090557436458,0.808690290365326,1.26740432384629
-1.90297874807326,-2.10212148555275,0.878423571456378,0.421319129535429,-0.559206834926941,-1.42405932105609,0.37597843774621,-0.953398100216956
-0.257916219186969,0.279647602631454,0.338695095413663,1.46947175681065,-0.886818373158271,-0.286149374652222,-1.4270995565906,1.44525686155315
-0.25939248317141,0.664238039062473,0.293017883754624,0.714568550153265,0.512991051983986,1.88085459434238,-1.0343496173492,0.75564766449136
0.367848297101227,0.493267220940374,1.3599649703444,1.42357247009379,1.20859200499327,-0.934793251672581,-1.28663558681379,0.446663148848022
0.276661430515173,-0.831180464530754,-0.27752501225686,1.2205423244026,0.662580868860944,-1.42785368681033,0.6704506998623,0.468804492523131
-0.601988402413419,-0.219965173006762,1.61441863053811,0.32090633944744,-0.503237339789269,-1.48231534881882,0.966281692057741,0.943363707608031
1.72953905609141,-1.02890045299704,1.75779823202052,0.780038374186594,1.20630069744954,-0.354537881707043,-1.34466866249462,1.99150478984707
0.383317593922464,-0.615420295525602,-0.127364485184071,0.122673707475204,-0.171685624092559,-0.172838274917101,0.278940647491939,0.30403839261135
3.1489685266628,-0.99235363552864,-1.248845811967,1.29906889187138,0.587986539928034,1.11067302575274,0.934441849895441,-1.04982250684116
0.375728863928625,-0.157299302675888,-1.9378287822406,-0.00427003298366234,-0.902600732034582,-0.386636652091281,-0.15886433400262,0.0245692644125582
-0.8519005831911,0.804291578072497,-0.122832394423643,-0.797454081738277,-0.318250577034084,-0.591722236330365,0.329134818263073,2.04288870754015
1.01145405507215,-0.136522680543422,-0.276770238796559,0.0601836680175128,0.00267394851526233,1.96516518401487,0.283677263137259,-0.285313521578842
0.309824988522586,-0.625428206761212,0.320618261270476,-1.13381859461829,-0.400916759844904,1.05747908742842,3.28341509702138,-0.392714870564533
-0.635742572531659,-1.26010255716648,0.567471015365362,-2.23126444590676,-1.46334873835602,-2.18951866696731,-0.53483167693832,-2.51822680328335
0.848186463385697,-0.00641064797190139,0.722810407030015,0.364479308736551,0.283071133786937,0.849002116517551,0.381715364426829,0.0561748460178815
-0.0515493778816093,-0.447327252640248,-0.00869232020094746,-0.870614069598057,0.553008980610279,-0.28758980165821,0.751132413916507,0.0454570229517227
0.0839105489292583,0.425129911565418,0.742322311383211,-2.09262027759038,-1.16774797091338,1.60316234058461,0.597915074377803,-1.52051575748481
0.431948306704506,1.59281732482153,-0.419948493002242,-0.977660594542725,0.211162992634439,0.209456807524795,0.914190283470795,0.237285340340323
-0.129299234367391,-1.72386767727651,2.03055679526829,-0.0897553212116479,-1.99156478355437,1.01763232853208,0.472582012185472,2.08493996782485
-0.570409790500868,0.548429910086545,-1.81660413811935,-0.0203211148867482,-0.550394640970273,-0.83095316158204,0.690459575486191,1.25599409039486
-0.375103056798591,1.41650112370778,0.363249745785665,1.0324930004911,-0.10981695400517,-0.316669584900298,0.885256124893736,-0.0245662733205926
0.0737778552692683,1.24160390511578,0.511194384847147,-3.04468051506574,0.297435531314194,0.751123517749946,-0.995056978348822,-1.27678279155285
0.476652519652988,-0.441544755227828,-0.45816522743489,0.280434193836367,-0.137838685491097,-1.2763759444664,-0.693310152965141,1.2454764995236
-0.935335103971828,-0.485480679455663,1.22510966467969,1.13370386476305,-0.048958462833557,1.27823751179778,0.936142693125199,1.73955720073122
0.460394069755394,-0.237142747193458,-0.467214589835889,-0.482874948457157,0.0789988028905996,0.431059288732207,0.749669525688893,1.39374358326422
0.313737683078366,0.55468379328872,0.634758065200021,1.13250872090815,0.447924999732254,-0.34633880765614,-0.361101794705661,-0.196425714198287
1.55927740706219,1.85111795090092,0.616939536278774,1.18016954951211,0.0781884151671195,-0.211949807040068,-0.289512104905007,-0.912191904786046
0.154800752013118,0.693404268407698,0.073557849347838,-0.381445401811909,0.305430329769638,-0.17783469344373,-0.929190485346005,0.0206998898699333
0.0507455877394744,0.916085160392662,0.275155409958482,1.18117506153681,-0.37050501636639,0.753930632765544,0.752639450311463,-0.246521680481366
-0.276358190404223,1.55847648655761,0.13414655243513,1.26957890234453,1.86076958153997,-1.62489503538169,-0.105186019728837,1.5474884882703
-0.379959560386715,1.49972343455084,-0.959805567098759,0.291143228448991,0.661500265268537,0.783919140855723,1.16480249305388,-0.0348993158525191
-0.985147836333483,2.60867627363123,-1.63329512343347,0.515374378230575,1.57319392362954,1.30383170500101,-0.87881290068316,-0.73480330878462
1.33359519113191,-1.12141756553926,0.659673182400783,-2.75311055487163,0.314793248206587,2.12891594162657,-0.546206629779283,0.778756334308558
-0.822516541293345,2.0244414971254,-0.569735592089806,1.53884992988365,-0.707394506382824,0.390487570254326,-0.503909296518596,-0.378630090908444
1.08494299917327,0.959069085144113,-1.41775987407801,-0.569119294341261,0.423997461873364,1.78930170056264,1.6905692195299,0.368733806416032
-0.517428453505357,0.204255005391076,-0.423707568077199,-0.940593144103769,1.53691959083402,0.671897244973548,-0.362793709116905,0.275568428235114
-0.0359172525999363,0.410764939920014,-0.181119298551808,-0.156139869917451,0.501195761812171,-0.539698822171648,-0.0165959552914061,-1.02646163784405
1.20235886235008,0.547013084338659,-0.603399815113367,-1.23852079169283,0.573606644898111,-0.257616264319545,-0.245707252571732,-0.889770427834942
-1.5294561373898,-1.77255468228019,-0.857908253597427,0.733257977897559,1.17707114817131,-0.830178274379508,-0.0728228161865709,0.0989630467881854
-1.13871778678557,0.486630926891792,0.157216524372088,2.12789595113016,-0.137499361213673,-0.183377355779923,-0.0211629850403977,-1.10679352394248
-1.40926673360367,0.0919876582324592,0.133765174761846,0.100419763092243,-0.123362735450807,0.488509654477367,-0.454280127127809,-1.63650049227048
-0.204600170462347,0.28615251648444,0.667144744091949,0.673193976821455,-1.67525853115371,0.352980865432028,-0.373311446195116,-0.586567960746551
-1.02038714758618,0.00424100239105811,0.180178005468541,-0.852435363995896,0.457076895984226,0.0902586539937979,0.40494567161766,1.12585936587841
-0.865106295861586,0.0992575473908018,-0.442424113244398,2.01368650696983,1.42107520283407,-0.553241207473641,-0.337343787310258,1.49213652277051
0.622065872126084,0.472841385910345,-0.00146307201526649,0.0805366562397648,-0.589436773726858,-0.549472931889206,-0.0606510931585737,-0.215164465305654
0.938407056562117,0.744841417543985,0.185911234680727,-0.907264964240054,-0.957009513212843,-0.227470281366663,0.362487101202904,1.48331202783433
-0.358152612816442,-1.1272472800589,0.210834731298499,-0.26011689784322,1.55726446515212,-0.2532570708884,-0.080815747894392,0.973685936175396
-0.0463557856721333,1.50705753867532,0.2690698107889,-0.178363906006706,1.72750505810313,0.0093431717649508,-1.25504563603304,-0.850566035916498
-0.61885016727727,1.46175883700746,-3.19152692580742,-0.0935706029300952,-0.300017943393555,-1.13504537483662,0.677130352836648,0.0480387456801077
1.42231419075029,-0.917616027706864,0.685404317544925,1.4329095031232,0.302385029561278,0.767494266182411,0.558000134251809,0.91060288477293
1.65495989782133,0.770067881276092,-0.178775655599196,-0.815838133640137,1.288055374582,0.944026125207133,0.392013264318831,0.819862315844706
0.564089834158544,-1.53882769480792,-0.176604049318615,1.40077444073702,0.976213783514748,-0.222006330396267,-0.31628837953069,-1.88350062729924
-1.20604111622246,1.00902452810754,0.801000203264806,0.505995631505603,-1.18634951934138,-0.0178365257530754,-0.712197098140322,-2.19581916460798
1.57025003137144,-1.61927211531873,1.16144247191364,0.200791527550309,-1.07587118931837,1.96702823217661,-1.00621776601261,0.777435798129011
-0.489640230027413,-1.9539540826558,-0.169680873310809,1.68280256678682,-1.34070143077128,-0.755053735110972,1.02109251706315,-0.953457858201281
-1.30067160463672,0.481946967391145,-1.30144285575129,0.40608221299767,1.09417786539465,-1.48344474870807,0.671898106916563,0.317617976737953
-0.322949889076684,1.13230514833466,-1.27565105524809,0.335307825188265,0.598878973069408,1.05832023470304,-0.857710580629625,-0.859567588741719
-1.53214912393545,1.12040157249029,-0.365741923997642,0.286630168421965,1.46207549776059,-0.00486093963997722,0.0749029665206291,1.86733870464348
1.39194796392704,0.275672211037659,-0.0531886628476888,-0.844474428221248,1.08201424327842,1.21835866143283,-0.252761403627583,0.638521129559705
1.95745222739494,-0.291314279079129,-0.289964244856874,-1.05217818743986,-1.61367729525684,0.2503436907617,-0.615537138969781,-0.268852065954172
-0.31911858103949,-0.692673043596242,2.17897322826505,-0.106552777746131,-1.88311769550403,-0.932636478256106,-0.44348751609295,-0.112433531914625
-0.549739194351158,-0.0898429621914728,0.73181860487052,2.20144809228583,0.159592652898306,1.59976473534153,0.571222890653846,1.06939647964063
1.35345502192626,-0.144559347441401,-1.05714863305261,0.514507145088969,-2.01223624624741,-0.458050492848502,-1.80254762772921,-0.706209407407526
0.140437166285437,-0.180377062655817,2.28116391322774,-0.858282236873198,0.111787446708427,-1.00874491489303,-0.230225120308129,0.0866952277673961
1.42133815677841,-0.846689789373428,-1.22913166616503,0.177885118621804,-1.8394079682424,0.67182278726202,0.217183993634792,1.19389413360734
-0.765910072858023,-1.07740567871779,-0.537456737659701,0.82425569849549,0.443213769381691,-1.88052606165106,1.2913519494625,-0.023750062378838
-1.87899392078823,-0.347297554503861,-1.28446492773349,0.296699679844224,-1.9137667088009,-0.487830361469576,1.40136463052587,2.10166198620101
0.437635796248685,-1.8563911733143,0.380845716862506,0.752742708580718,0.367600765899889,-0.115930451447759,0.506799842571019,1.19658890722322
0.450994779140412,1.59331825716167,-0.278065286268101,1.21977342095246,1.05989360559265,-1.21492218446512,1.39981163006393,0.0622946181689863
-0.314057334598552,-1.82548088950616,0.441574273334067,0.633565165521208,0.553699026580303,-0.269384879416837,-0.643429778158578,1.63971291883527
0.294521529468696,0.0210036600315735,-0.380803894561379,-0.0135837512132101,0.622571100193912,-0.943382815927501,-1.52936883110201,-0.24457309071769
-0.00293061663316725,-0.253539875386756,-0.0197268335905271,0.197764949542004,-1.07199086574209,1.16154815898897,0.962477272733266,-0.0703900047139631
-0.410030032303011,-0.893222956805836,0.33788171485055,-0.0100247722215559,0.468027168588629,-0.557599299082181,-0.818976366360012,0.662837350462641
0.0636360752772658,-0.902606398470722,-1.61151696565625,0.370324376559033,-0.248160968926847,-0.974637449870527,0.837965867137913,0.741355168184615
-1.55413395909653,-0.395265907268442,0.169951031204142,0.0821197905998543,-0.299589491881716,-1.20784335363949,0.538820830957489,0.0167875187291031
-0.389442945102141,-1.12966186280046,0.236943962288358,-0.995366246826505,-0.412800345025606,-0.242010446995642,0.0762145917031412,1.40754146534396
1.41713774258428,-0.0734842452356642,0.866552175555635,-0.517868420977701,1.13104006158004,0.0840348776040571,-0.891470826377845,-0.904329340590871
0.322531781124396,0.691435068684898,0.409640949615708,-0.284278190061034,0.272895312921581,0.535739554708848,-0.633956505371805,0.568928206396852
0.381977594555417,1.54199088286943,0.582020447728921,-0.0477725181796447,0.984143535960722,0.862156697464549,0.853983375274517,-1.7681803818419
0.0982685390814789,2.2273624632178,0.318614478007912,-0.275251955621866,-0.919518020678333,0.619306072899571,-0.616349258638499,0.788056397864375
0.617285647086413,0.233839433666844,1.00082212258085,1.17713626302238,0.920041595287431,-0.48714095423297,-0.918574082714835,0.208666725721996
0.592800402821117,-0.802561410001922,0.681924074412783,-0.561710262550795,-0.273965884889297,0.727534255135175,1.80888272394249,-2.54258048811925
0.476130908961635,-1.55583170112764,0.680802737067675,1.01326998282961,-0.0127624701081794,0.181655948127629,-0.167821975287032,0.236123799945126
0.320150890845452,-1.22239835022346,-0.475504666751017,1.29538162631912,-0.404700816619243,-1.40454678914698,0.301764913229796,-0.055089517756217
-0.293309740375991,-1.19676193953948,1.75409529186075,1.31561105127635,-1.35073314358825,-1.57089183846603,-0.979537146603637,-1.08825536650639
-0.753784478130544,-0.903538541297812,0.366204012878055,1.31655126813008,-0.0827694992180868,0.300356405598511,1.44367616936548,-0.668922434207444
-1.44666905905702,1.36804580697071,1.34708946418987,2.05698097186311,0.0371222436120315,-1.0080301900773,0.473977378182928,0.773157418017543
0.173927465077012,-0.547634868651014,-0.970552460201103,0.845304903464938,0.198299074681131,-0.898916549129918,-0.740630499339769,0.557707327047449
2.60252281031953,-1.17751118844584,0.557230000404167,0.601232784828863,0.901849629750756,1.38235177059079,-0.671474525161949,-0.298698047258441
1.0641181179858,0.470326720566682,-0.80319314307095,-1.73944350919164,0.536450345435822,-1.56973579134064,-1.17789405785542,0.645137436328193
-0.539207413221189,-0.0976517258881899,2.3819693882354,-0.642522592166563,1.83626879031758,-0.799944328235245,1.20964577340688,0.0784973556099186
0.542676698560509,1.83030864738001,0.259886815473221,-0.273852330799049,0.734432247436766,0.0106387011370197,-0.0334000053201777,0.433807913744933
1.79509702909851,0.0784018068750719,0.353073155702234,-0.284083754723435,-1.52284567412316,-1.16808907929257,0.394768367066201,0.00250343434600138
-1.10534097101005,1.68135626157916,-2.21214945107425,-0.555601435343406,-0.973214873218126,0.746252133093676,1.17957988767476,0.466872395968757
0.808119805705746,-0.286593958232164,-2.02266572293387,0.00951285742895197,-0.270367661530313,0.734515200576798,0.713889128478658,0.0238291053614904
1.19510821058786,-1.00476986030123,0.087755908448373,-1.73912377214171,1.81336176035034,-1.03541913699164,0.215209030711798,1.1885777309583
0.0511592458729061,-0.982158047684341,-0.324746787128838,0.613309302674211,-0.619119003368185,-0.0744477679503828,0.395520381327908,-0.624339945560911
-0.836865440406352,-1.35292713138291,0.461298504581296,-0.42611108604358,2.13783724532131,0.775088623576107,0.248532964871744,0.578736978567235
1.21181349303441,-1.33947061600456,0.567650969614978,0.463327068818095,2.14825463994525,0.317908536103062,-0.682587029062366,-2.38155528892024
-1.92770166843732,-2.11976648416181,0.673290257011332,-1.7807949829097,0.198078037929255,0.155799172257894,-0.410707174024349,0.288428750665237
-0.707410012670509,0.508173140570321,0.92681828469822,-0.301990134543536,-1.13520655674105,-0.566652627832054,0.00176235026296654,0.485267124974121
1.89167084182715,-0.506987816504854,0.574625548339714,0.836222936668802,0.809892843727516,0.242563431264487,-0.403152438313353,0.759852338995904
-0.333191691016875,0.168867556268538,0.288826256283016,-0.0416697115414211,-0.19188957518527,0.970980131803062,0.60171763359419,-1.4994373310544
-0.786946293105594,-1.15912306833458,0.838265262681721,-2.6227932940309,0.211493589373114,0.209473332499169,-0.229787562833622,-0.18187650106246
-1.93422046880885,-0.677355860010688,-0.251492402788455,0.207720694119416,-0.684416037340842,-0.787283356369815,-0.557920575458048,1.75192179945554
0.593035661460478,0.680822416411313,0.655005605723736,0.342606394605188,-0.500783280067682,-1.7317471190369,-0.813334420999897,0.577300416403844
1.52693415646599,-0.0655788013796816,0.558259897835339,-1.0680707704559,-1.45981403542643,1.42728553733128,-0.620048387815463,-1.20701728721197
0.169822907641402,-0.187806880212918,-1.88748589653355,-0.578554749118272,1.05132928152896,1.96785361255131,-0.65010228465972,0.65580985600224
1.67293161211297,-0.299725007575973,0.213909501048362,1.14077534087582,-0.332832364203943,-0.37572440287211,0.293617090507272,-2.0549896337672
-0.0712170844454154,-1.48257404548233,-0.214341876349882,1.11052446225116,-1.87231235927544,0.16451205397198,-1.28098045342341,-0.266460746457323
0.0557703234316248,0.926855445093039,-1.63239181374498,0.503007607985833,-0.0936575836763887,-0.339465708716289,0.438876863372968,0.265485123582318
-1.26678709524104,-1.50433117946089,0.835817385703096,-1.26926412162507,-0.797062537414438,1.83357939771105,1.53774274132435,-0.481514421775035
0.099549157708614,-0.0366795643089096,-0.173745971570915,1.12998653234006,2.04435076016562,-1.29221693856765,-1.87069702167555,-1.79974782905809
0.465637390630399,0.254283876692714,-0.297471452993582,1.67225367131825,0.637456467709891,-0.634161423664927,-0.102172356965385,-0.365852123036708
-0.919542051088387,-0.649095601657255,-0.609716551270742,0.999591487354854,-1.13805904833463,-0.807417007535392,0.594077818631893,0.0269528898969233
-3.13080816981596,0.234228265947687,-1.200872584201,1.80082903934867,-2.71645263814848,0.921413832811263,-0.4892879065249,0.0230541798052042
-1.65784466648038,-1.34402385515659,0.502675821842752,0.869084615494181,0.318809199743623,0.834978698591071,0.365161688965205,0.619423076771197
-0.361958532286035,-1.58359657287617,0.937597790056458,-1.15053955788335,0.355083567844684,0.754758619075534,-0.188789813981286,-0.768828392446013
-1.29209363386143,2.00297847155226,1.12373593155031,-1.03128524423633,-0.357183912389841,0.14807608856134,1.08699436679029,-0.854017857012549
-2.00456754494085,0.184490477205313,0.654542126349117,0.754064658967295,0.50768805638193,0.631526396670077,-0.860825804603754,0.504233516089704
-2.11917038189126,0.175144096966353,0.165044682119828,-1.02968003433349,-1.32009317194319,0.129215721823917,-1.0544332481594,0.967024677226712
-1.42625792005229,-0.758548582554987,0.536965366492812,-1.32272870952293,0.026126621515726,0.152146252323275,0.656156852351477,1.26657773175166
1.25969204846595,0.125198478794154,0.553388391400444,0.129461943670934,-1.12869698303315,0.437805548591258,0.528003619366996,-0.131862174703054
-1.43363420994195,2.03473512502149,1.24343992964751,-1.15741873831865,-1.05516337633199,0.0325205635941583,-0.684525427670838,-1.76484468922769
-1.20764728994333,-0.201898101429716,-0.86771187852519,0.14609911228614,-0.847786474216876,0.475436769365105,-1.15639539253155,0.553554010596213
-0.566106558714572,-0.227403869428011,-0.884040289571209,-0.109399042661672,1.84611214313598,-0.588423320433174,0.818745271642628,-0.118284626019219
-0.0713313194242371,1.20028518250808,0.144423245585147,-0.154302592118489,-1.42505463713713,-1.39569921937526,0.350302450616708,-1.12664800732662
-1.48752896997568,1.2801100527401,-1.85931781219761,0.758151083458037,-0.438675112399414,-1.57200597439692,-1.30843894385167,-2.55273575437335
-0.849937356475349,2.54946602362401,0.523871875898565,-0.756030671102399,-1.48348781484433,-0.0471842740173357,2.11841124050392,0.188403294324003
0.969579371183201,1.33589968449066,-0.223684578940652,0.879822832356469,0.0355000697525065,0.491939979448966,0.130045231019112,1.90248239901715
-0.246902390878294,-0.716388809947006,2.49239313454675,-1.6196873154278,-0.317130718762438,0.655744743745919,-0.000227177141743944,0.799416597838162
1.01568390050872,0.747881863224496,-1.58619056204881,0.600336208140061,0.41377348876037,-0.463688273287529,0.217766285196304,-0.122483577153612
-0.345466572032948,0.369596339342894,0.808492267503126,0.371730178807215,-0.847607688688654,-0.686071853169635,0.857361613536009,0.393536534381351
-0.02574204751278,0.627537705457631,1.19252861182228,0.53820206396662,-0.819661006096155,0.0528590694061984,-0.993541886030633,0.347800382117714
0.460701598558474,0.797911666943976,1.17151397890862,1.24878002838037,-0.464473644675149,-1.60318038811291,0.0166547204964672,0.688591154563125
-0.489834926095925,0.0872244142163881,-0.0938178100499387,0.749082212212096,0.476007431141941,-1.28140211625243,-1.33997969473491,-1.33062108346898
0.647468776336577,1.29651279548425,0.395530801244913,-0.0662314370366173,0.140979510112146,-0.312568108291701,-0.729139203867285,-0.173792539517621
0.180361696721673,-1.12930534995677,-0.799038749275427,0.510536030527432,-1.34453951735917,-0.108972985329938,-0.818203345286774,0.610931058744353
0.127869415896579,-1.6381226455654,-0.531442505540468,0.739420426802428,-1.40886652145055,-0.210666402707187,-0.82092919573083,0.89528590920292
-0.772191896987938,0.261784352099627,-0.65809974722436,0.418405363970953,-1.77649330601961,-0.678956719069749,0.060603125650724,1.56779532001452
-1.92735688390413,-0.728032528251538,0.716776914734142,1.78591418655646,0.690543386917581,-0.305191120590276,1.47828151804216,-0.909733516661957
-0.953311819310979,1.42188192433594,2.71821030088293,-1.03916567296155,-2.04657396512124,-0.62977965070666,-1.67546183387877,-1.91353483815927
-0.722404024385264,0.296293500056558,0.349645871830121,0.765237101255516,0.724205410244109,0.825223924604076,-0.180892390733374,-0.477436073865739
-0.541798023807391,-0.455913592723509,0.621317067843721,0.386883791603776,-0.335402575363953,0.271098227544215,1.93046914859107,-0.803548266449517
-1.79923208752721,1.41496971815807,-0.748416755805865,2.27114719905052,0.324662589793166,0.612513661943604,0.44883851390994,1.22459203725763
0.0537032925935248,-0.141575362615911,0.2921067772924,-0.196635643570129,-1.80367463555495,-1.23961503675449,2.14761625169864,-0.54074863868242
0.140248066194974,0.507319955640351,0.267882435561475,-0.666634674522558,1.45087607811115,0.769939999713149,1.04140919725799,-1.02126154924823
1.91046366754679,0.451373053982866,1.66018706364626,-1.96740830008049,1.9704342785995,1.08947821366638,-0.763417860759349,0.282989766586812
-0.340303457386,-1.33902759574063,-1.46935827096106,1.64720429368648,-0.448822712656649,0.477941736781395,0.118298728491041,0.0656041252001715
-0.985467530339142,1.90470006134014,-0.727288552384287,-1.54530289225937,1.47137905291517,2.14152457424503,-0.796146545097868,-0.271883553733311
0.0402431310538768,-1.00051844758343,-1.02367055379041,-0.962034418813085,-0.0789282352933467,-0.278956348812613,-1.02138896985152,0.63807108583387
0.020057883137511,-1.14000043594065,0.195447795559852,0.0213875425696734,-1.02524285111709,0.925918581000329,0.817249796039037,1.14525237836264
-2.44581779722441,0.870639362927449,-1.67832187112759,-0.403184272830954,-0.213173572628093,-0.306362185711708,1.18242073223561,-0.900325759401709
-0.0477785460630876,0.570542301961291,1.69331358235121,-1.43428215472706,1.26057575730384,0.240412396402693,-1.33513242723502,-0.600376900620376
0.0390305712502287,-0.289912469052596,0.306025638302435,1.09572279120521,-0.307120336597728,0.978515716026651,-2.17677758672292,1.03006114835202
-0.636098209633778,-2.31700007258372,-0.818749789473044,1.17884749510309,1.23219206395175,-1.21977066809483,-2.41721088751054,0.382797689764924
1.77436984321669,1.20643953574296,1.04381787719258,0.501660507349714,-1.97007566323875,-0.183119563612957,-0.195745463001792,-0.128058752879542
-0.0510107375143498,-0.574389299074004,-0.593080377818329,-1.13336486838421,0.308574505044779,0.0153010089812265,-0.000598165460072444,-0.0675707011590194
0.491899823368963,1.31274367335028,0.607546271637494,-1.27210362743065,1.84066098742969,-0.954564696580375,0.216123196971821,1.07376758804997
-0.900226835508246,-0.0276321717991688,-0.392946621867758,0.5839624645574,0.572436018295655,0.48915032658041,0.0965052038042544,-0.209480520861126
0.0825015670738878,0.909651899002277,0.670047571984121,-0.641483971738496,0.437063866018015,-0.875345479214028,-0.273907071905123,0.62623534647775
-0.622679048005006,2.09155035518312,-1.31130646336067,-1.73420604783232,0.94934293533307,-0.685370204335746,0.929029589466325,-0.95159594438999
0.212794237620572,0.822553287396642,-0.441441017867534,1.41466170902186,0.117046577666058,-1.61333929408421,-0.293590187140761,-0.466651423689906
-0.33051465548188,0.0220707916980536,0.14503878587877,-0.685664248514008,-1.71777433643915,-0.0520364028855266,-0.0363466438482825,-1.25706276073257
-1.18269078199801,0.403549783490123,-0.0786578318688679,-0.0554363103953778,-0.277170537545545,0.596404432768378,0.0345971841638161,-1.20877378622527
-1.23471159603632,0.205419709926283,0.527050088799806,0.542315624516476,1.11319479268148,0.0887110244427345,0.642069010913795,-0.488461076728806
0.236838777520493,0.793496156329282,1.54398719453466,1.41073108427369,0.689410801408087,-1.93695579908814,0.914976433227382,-1.60675302957328
0.440590858754715,0.404388636443419,-1.15787162063669,1.33433813656139,-1.09642161812315,-0.668072234178937,-0.707354476115841,-0.329982995743668
1.53858607728872,0.0957292945371019,-1.86317965720219,0.343378547472093,-0.481125597904774,-0.409812779374527,-0.0826397952894794,-0.927635895656729
-1.41675880608899,-0.0524602010307759,-0.482678973101174,-1.13919386549828,0.506025201082834,-0.0837249894452162,0.398804309560099,0.269992066351771
-1.0623908238776,-0.645078933365234,1.12247104264635,-0.0335337838810042,-1.5458174974913,0.00756282671772697,-0.205210402114533,-0.30580636139445
-0.159284651369127,1.05310344877878,1.38771687396171,0.124075548412052,-1.3484274452955,0.0412530283071403,-0.132278460420637,-0.319376330278587
-0.620995355176472,1.04265251753112,0.255089969660728,-1.71094288003108,-0.289092742981673,0.263646099031222,-0.217539869109758,0.641942293028769
-1.15008624317676,1.4909523089319,-0.144431763256891,-2.04687431958015,-0.0255974392978256,1.74668712413838,-0.36313136901999,-0.481261993263193
0.6493328473933,-2.68981993744366,-0.580424724656211,0.851751613645681,0.29702545643702,-1.13845696016729,-0.579198692294621,0.0669467918969586
0.0902762719689858,0.977028151004613,0.766445773527388,-0.0717723136780668,0.158882418113094,-0.496062412622324,-1.07099196226225,0.263904223018215
0.136658015414868,-0.0770206894944405,0.319579174683284,0.692073831103923,-1.91816975417095,-1.22447680596762,-1.21950191860828,1.64473951691987
0.494276775535748,-1.63673934209615,-0.845613994496366,-0.122986434337129,0.734287408397984,-0.576634454380639,-0.855208303606438,-1.23961142755166
-0.8614525215302,-1.25477826903281,0.628140692979456,-0.712181747420133,0.0327999097961187,-0.393361550241917,-0.873119774405399,-0.049362088618112
0.497109433632698,0.760877561270158,1.74053575488375,-0.906263183793978,0.320778005498228,1.10006012106967,0.0775729436891668,-0.670292847331013
0.432447153827325,0.467697285819104,2.11221627431726,2.75459278362549,-1.3780298494436,-0.00625395350364834,0.343969120296602,-0.384376797086945
1.69020733402161,1.00151945208767,-0.219014818077537,-0.152689508108329,2.05715277792516,-1.01522681218947,0.0297698249226796,1.85000589945657
-0.290308489204561,-0.277064010681185,0.469384978607383,-0.553538751000823,-0.430779279044358,0.944202798400905,1.63813211738001,0.508793538239082
0.990732130794278,0.526589899774965,0.394090534281283,-2.03786098620059,0.730669289628094,-0.784948066761062,-0.0133222965090186,-2.03818632725395
-0.172998075482082,0.0157524861623738,-0.784415374093845,-0.0971920324823307,-0.434124416056624,-0.971068243052875,0.890290990032178,-0.710053477179233
1.24804673645597,-0.576281691227911,-1.58408269288323,-2.404172533945,-1.29116368778958,0.106864077434528,1.99982374345893,-1.16837475262378
-0.0306590105623232,0.369197151651447,-1.38943272490157,0.979619217191516,-1.44822946726867,-0.439578097200173,0.830871098486014,-2.88724220634994
-0.582138229005893,0.46847675344225,0.0541567227134639,0.87668247827394,0.146309747615568,0.178038800579975,-0.575831377950658,1.30125887956683
0.172905072010759,-1.72350037644059,-0.3121364909537,-0.60152774457862,0.866413312863227,-0.3288489520453,0.547582169007753,-2.00904653041511
-1.04904625783265,1.3752039679665,1.23505347130226,1.03488984966181,-1.30098763335786,-2.00795741570172,-0.369248068271401,0.604856696322505
-1.58413103691762,0.313318341475529,1.20431979474528,-0.055787173465779,-0.104972253263471,-0.230926106416663,0.582188210055372,-0.808356838054404
0.448209051875848,-0.775820043162896,-2.34826785430647,-1.40260928892276,-1.12733013208907,1.87108832006562,-1.24069009833174,1.89004567668064
1.34664340144153,0.56035971528647,1.24006509448719,0.756218756875805,0.905670971049217,1.3215046872669,0.0176039323679689,-0.125720238476641
-1.18602741321596,-0.21436249678958,-0.145080906387919,1.23036422740079,0.462223751224212,-0.57964950156869,0.19312664156455,1.75422071450519
-0.456290918235002,-0.406886659091132,0.454717838534027,0.957303073469477,-0.419368829784747,-0.168937322106842,0.0564108783138403,0.601850117004687
-0.687000816854117,-0.372378724131311,0.207077776523721,-0.093880240786527,1.86974923045413,0.271929167260613,0.0683648042361865,-0.40308036073104
-0.326633135822926,0.107118112071245,-2.30840513593014,1.54893079347607,-1.56742917655641,-0.345430077083959,-0.212049679761739,0.583744941129856
0.787118112701303,-0.768992295862806,0.817636327581879,1.00468340284677,0.0457205633195998,-1.2133937620771,0.965829360140121,0.807511620783361
0.126620631497342,0.0350194316038503,-0.555112912460079,1.56062520665626,1.48507180029246,-0.660226686723357,0.760986400530455,0.653869030612675
0.941271097657611,0.196353684080237,-0.499644371931325,-1.6241729592545,0.690158587180742,1.02471765321799,0.624368067332384,-0.835544828727752
1.58110241868583,0.627112169514016,0.973363610331973,-1.02868146116212,-0.62880033163234,-0.112905055688858,0.71363628881557,0.923429119191319
-0.29469860200413,0.544310235484141,-0.727564595282979,-2.04219653809807,-0.403608685129918,-1.67054442174857,1.02636197307171,1.54394520609884
-0.554452721109882,0.0151146014226231,0.547837810263533,1.31445619713324,0.346182873509541,-0.496044075065729,0.202192846245798,-1.72032584946974
0.25960470003347,0.629998048559456,-0.000870612195587747,0.0921676591844802,1.44681448796005,0.43046975266401,0.162493305000707,-0.969500168749575
1.9550545923669,-1.05975781872636,3.19632601677193,0.206072409162525,1.91413996737094,-1.32758739013046,-0.548060471421229,0.87042389310758
-2.74104157806032,0.979162289277714,1.54509620849857,-1.88066822597074,0.400451960595081,0.312724086841271,1.58048135032033,1.84603276734789
-1.30466548760089,-0.561467645076947,-1.54614602447569,0.833066650215199,-0.0997562706033035,-1.23889522646701,2.03191337904178,-0.600077504167905
1.85365387743348,0.433843236706533,1.70852534606806,-1.2215120015818,-0.672088373639134,0.40734441460077,1.14354079648333,1.22465169482317
0.94863823884094,-2.41198827991192,1.06351099098155,0.7458212822651,1.57561939665636,-0.144387331119151,0.126479605741684,0.0644907152574136
0.226514435911431,0.884608729775796,-0.0879278893727664,1.81480982827173,-0.443817119881065,1.44626500547789,0.0230062120838119,0.804439506393649
-0.324250691239422,0.347918456274762,-0.212585875837264,-1.31786405035909,-0.0945415791790385,1.12642196337751,0.564969704651607,0.606888377293131
-1.38247569974158,0.613324055626275,-1.73281821619157,-0.910725185515883,-0.644908218909388,-0.822258253960925,0.170006777983827,0.519310190839072
0.52094514722407,1.01515862493952,0.75958255632588,0.0495289579932965,-1.61435265024295,1.17471552259784,0.288201443528383,0.153228248499737
-0.91449827314286,-0.661579179776475,0.496431819079552,-1.16877545345605,1.07141338743116,0.372013801923482,0.790753377785958,0.386055942704084
-0.257419527862513,-0.964890751255748,-0.482370460372659,0.230642011894905,-0.0732697177695835,-0.0916881448588606,1.00843128266432,1.23551814238376
-1.64031911779005,0.343667182479203,0.0565272772429383,-0.222923997167503,-0.715942331269637,0.446221075717852,0.856988843160571,-0.721477581126473
-0.0490455275540462,0.241749948550141,-1.25930770207478,0.916454482466968,-0.180001031951038,-1.00901346700571,-1.0995594431707,-2.20105200640431
-0.681867761946189,0.821118301624504,-0.491011558613679,-0.90295523540433,-0.964780891154157,-0.780249590119225,0.674185027296334,-0.852970344881401
-0.0815750956572757,-0.0312444278484365,0.605973852593212,1.44574765256496,1.45608726006407,-1.49451273849272,-2.01020829085028,0.909279154702497
0.203395682176453,0.293083699060726,0.121187468784997,-0.11058779339991,2.74415264892777,-0.487862109896596,-0.0708670882521548,0.286273568569755
-1.37350074073094,-0.0488662849284899,-0.014749663054832,-1.01304899088485,-1.46866498667101,0.266756354197678,-2.27927188506233,-1.90091190251158
0.375651575715925,-0.631695621733435,1.67510019321206,0.208301537263359,0.0553347022010037,-0.0741103045315226,0.620053557674538,-0.758127373799768
2.4718418367569,0.643235137440868,2.16074586444843,-1.57918503868164,1.0407249094876,-0.280894706829864,0.156841120283801,0.310283478337
-2.91499034214674,0.412315140272398,0.683245376179851,1.22570755541401,0.286123711182676,-0.505690110045982,1.23404058121023,-0.221039909093397
1.5090391832747,-0.716464207696838,-0.512604361082802,-1.1085412220667,-0.223610712623751,0.64504387997637,-2.34309175986125,-0.0575249689294181
-0.141065444656687,0.467108582698253,-1.21806269443142,-0.0758359519236795,0.445066804004283,-0.570672555262792,0.118550193531321,-0.461591991350532
1.51876877010001,0.033999460585127,-0.613294272401716,-1.17099257259871,2.23805226852961,-1.37990797101241,0.488005442266884,-0.0293723557010742
-0.23423869404114,0.735103161669175,-0.51084983440865,-1.35312363777622,-0.294072860750206,-0.989804258335585,-1.10561494941109,0.867390266414341
0.766352554146313,-0.557658647288642,-0.738541251887691,1.19877845338495,0.205186552134591,-1.05964942684229,0.0474074619057717,0.00224826715638663
-0.377973009465568,0.449522486618347,2.37147143024057,-0.970090583472117,-0.386125536165407,0.587751104328898,-1.00914295395985,0.181477801252892
0.481937427137399,0.267125790698351,1.04409431994635,-0.729520251345634,-0.952740902420944,0.175761790721709,0.906238572235607,0.423294758060887
0.760476799021011,-1.23012027670436,0.861400119596671,0.969823775466384,0.263104733914399,0.0807504964113937,1.15120474517782,-0.92959837603645
1.02305213893095,-0.538166452498703,0.36567939915369,-0.0626291834869606,0.153706008061055,1.64109094144602,0.388170778585643,-0.225039245438416
-0.873798769484571,-2.34546705801383,-0.556374371435458,0.559855593022552,0.161734285881554,-0.290124109845821,0.417819544613585,-0.956564815747155
0.711374637292491,1.74257128157388,0.179875269719545,0.976630562968764,-0.169449990860549,0.769218699938565,0.173679264807532,-0.0992613947700367
0.04253329625378,-1.5760965327475,0.594291894461724,-0.712603476725844,-1.59439934975592,2.00313306006994,-0.186088338748178,-0.404066529039993
1.18551634513977,0.0246982580831164,-0.407383921449177,1.33301098647073,0.646965056289573,0.188542016647391,-0.785805056140188,0.475436124948262
-1.12814536821094,1.52323551369067,-0.124529507818553,-0.0603421624431571,0.331677160392074,-0.191497306580297,0.58164479025036,-1.2900044793804
-1.02750363682699,-0.711114299671078,-0.40708924707611,0.494629941232785,2.10260855662836,-0.583721819460135,-0.717760842743702,-1.03386707544105
0.135420494765554,-0.254424487315513,0.909736726559585,-0.354018892983115,-0.936790105916934,-0.38171007743577,-0.854537529484498,-1.37328144956316
-0.269597749039678,-0.0652996204609621,-0.278353288373061,-1.14063955284131,1.92387682324321,-0.120222512465107,0.304950469079146,-0.695437062591631
-0.267703880730325,0.582939854429062,-0.65356044930406,-1.25646745556524,1.3266613911358,-0.0806884711627611,-0.86627041763405,-0.352333917556514
-0.478907855717948,0.709599148590204,-0.0766247146472843,-1.34148530472539,-1.16718078878754,-0.22003520380018,-0.21419087447004,-1.14206773747006
-0.642795510203285,0.381126616721503,-1.0712453187948,-0.954803301861457,-0.34468673651952,-1.19256270060862,2.87393450781042,-0.486042325565338
0.310061351511362,-1.51274941230545,-1.2399398142132,-0.00410378529652769,0.226636947539876,-0.412487405279371,0.397564250734885,0.785109975538855
0.548512130583844,-0.239964267831361,-1.4223827983749,0.57403390015234,-0.412141487464286,1.66088253388805,-2.35534400215018,-1.78782975885114
0.481512477017304,-0.146740970672694,-2.15122774147128,-0.799361634059322,-2.99635484305249,-1.57864904729716,-1.11752370365327,-0.390233020222085
-0.113007127850669,0.0635560725692902,-0.551873637032645,1.79959632594124,1.41878435451988,-0.474581826492615,-1.43096287679347,0.342676188267236
0.740444989138246,-1.67849785509814,-0.508067073060578,-0.392946295468961,0.627762656815803,-0.428289946615601,0.52509855986582,-0.357216198164732
-0.0438494936203887,1.71162417075986,-0.34853007455761,1.08550421968668,-0.132702530402963,-1.25659277156649,0.49202781415909,-0.342126953542729
0.427934315931393,-1.52527897304515,1.74757973007862,0.423958361483777,0.346115592741722,0.219971284169441,-1.18076407556008,1.57084801367605
0.915524614747225,-0.752330358557748,-0.743609383595665,0.337379723830133,-2.00767038829076,-1.39251102794866,0.379676820474966,-0.250502984559162
-1.63925839500717,-1.56749637153578,0.463892307979424,1.43742813099894,0.0704788521744525,0.205944821731431,-1.43323270213836,-1.15753424652847
-0.476837702966543,0.364648187893354,0.490560383010636,-0.728351594095416,1.62996688700632,1.15800039664746,-0.138341015887828,-1.27301880817449
0.42828418871704,-1.71832871487324,-0.399509131284433,-0.0870411038831214,0.588445307287263,-1.29978136943934,1.11945133507519,-1.80765040331453
-0.201939509481924,-0.357929594802536,0.960905410148501,-1.04699843178284,-1.18376845031137,-0.354370130040799,0.928550103421281,-0.0404590941368166
0.850470629583401,2.49748718291742,-1.04449286702198,-0.181703486256706,-0.974156971580564,0.605575812192743,-0.760730868429915,-0.0455007211809935
-0.0855312604266205,0.401627820575399,-0.602746319513746,-0.869603984170362,-0.392919035865706,0.544459480892419,2.42431976349943,-0.432790750025259
1.1942795326402,0.500924104572197,-1.93338837496457,-1.09544316004441,-1.07050136886472,-0.982856034573541,-0.258251755244875,0.824411340667817
0.0311632658719507,-0.735245612588671,1.33521543812599,0.675360394792802,0.279524114518122,-0.758502102162372,0.394113388544235,0.78219638609469
-1.2713006506285,1.30270566148379,-2.77672098437996,-0.350618802055165,1.59837957324306,-0.226521480808106,0.0148162606221329,0.531311972063466
0.101233394790163,1.12861916204478,-0.128705285809662,0.0677175632463551,-0.395937361274577,-0.224033321241249,0.568091990607849,-2.2111404909911
0.954080956879146,-0.586321648973223,0.264688634192557,-0.71830108113877,-0.718672568867574,0.644058998847663,0.499378924911297,0.714983556972682
-0.0750086473562236,0.253288612020371,0.475769515889663,-0.514787952053866,1.06499034229628,0.103115699193728,-0.915197997433506,0.989737995652784
-0.523762560687236,-0.0650622088070643,0.722368164300656,-0.555646361277272,-0.0580309836202195,0.928364264760753,0.122721609123438,0.215775241987359
2.36324722696197,1.33277061527459,-0.453153029035284,0.92123484360853,0.307413344050049,0.218518614844757,1.67657784354335,-0.782538233925047
-1.58391884290388,-0.196466101348725,-0.05059975364779,1.15099898268521,0.545862724696245,1.06267088670172,0.0682923918532302,0.0431573267926609
0.134182469890185,0.996254813236264,0.334998703769147,1.17955981820981,0.0857522765730818,-1.58060197774857,0.745499531185513,-1.85661356850236
0.132525638621563,-0.82872719147211,-0.942124753036668,0.702536079035899,1.91420918193407,-0.179506930390289,0.223733251510192,-0.0613393010171009
0.221067429161955,0.985528389151844,-1.54527023031918,0.880116734378848,-0.715250031342013,1.32958964436281,0.0627318564140643,1.22279593731561
0.462593473852839,1.44414851827107,0.393396763094072,-0.566902172784988,0.663221561926705,0.679732891228354,-2.19283566595572,-0.0252428699745843
0.0540774208563842,0.60839883054562,1.26890088737352,-0.517247776705854,0.419188704860096,0.355618111485747,0.150169600134636,-0.778539285167669
-0.726606817718411,0.707792279546707,-0.314958137254651,-2.29595778269236,-0.956458255163805,0.371072787728001,-0.994085503893204,0.884165710633382
0.89590026073185,-1.41317386341479,-0.0240742905849096,-0.800134175163164,0.605485896513976,1.43269997641212,0.247544718592541,0.126056320609864
0.927203427469574,0.497733561400356,0.494531567331854,0.400725052196671,1.4041881832702,-0.0339847777911447,0.1376558421127,0.80286253355776
-0.680400801497428,0.280493246194391,1.10014414392072,-1.72657529969229,-1.33406069364509,-2.37167712122728,0.0991225245901024,-1.03660281010662
0.310305441502321,0.165094499879906,1.52340840639047,-1.1481751465654,2.10441343440699,0.0273788124098959,0.509508688254622,-1.16011445064833
2.64174054396816,0.578540788129268,0.92929768512548,-1.11324131586827,-1.21810896242629,-0.274981059331164,-0.762663112983435,-0.705122459983534
-1.8274690207889,-0.213730114440583,-0.579929426347779,-0.941752154118014,0.361842287148202,-0.173458400476893,-0.0695352434685065,-0.337152025981171
1.75499865444202,-0.106094838009484,0.132664996754212,-0.179388242473211,0.156928547272275,-0.353749383238097,0.403831996207205,-1.15704355483305
-1.61636634171708,1.2486166827878,-0.138074310349227,-0.646868814689816,-0.510195370750656,-1.02126204499473,0.112669162535682,-1.84416981662347
-0.389104933090562,0.816461304834278,1.44442966458651,-1.80408720547568,-0.437655160098555,2.68251268708677,1.14951644413153,-1.25410701693313
-0.351413587958898,1.06229899984038,-1.49134614565058,0.150875353022883,0.717500861636896,-0.41531233586989,-0.490018964760989,0.336040071955208
1.03566960312565,0.988135225172488,0.659477102870319,-1.16443868298191,-0.229416796388184,1.00409714880068,0.0666944725780256,-1.2208684962305
0.756913751909295,1.32703468709753,0.272471555178581,-2.67674567444048,-0.473951818103325,-0.280660975293296,-0.568353124692163,-1.54405171732199
-1.11862075486504,0.136699512175364,0.407097494171525,1.00144095331027,0.44273716589346,-0.143153416497911,-1.4440746320586,0.343226004509732
-1.2250919393313,1.89267507912992,0.33651011545229,0.221108250982234,0.226758469730912,-1.23734806939613,-0.687679848207868,0.488531402430736
-0.927395360383083,0.743225072139435,-0.507673072756763,-0.306246229672498,1.41262776994666,0.681356841045509,-2.29529855374285,-0.771389447693787
0.273786088787011,2.33166125879967,-0.13267018147083,-0.256809667585529,-0.120552678390861,0.218749686149654,-0.970058625624381,-1.38496985497173
0.60180601369183,0.55473097934013,0.0470428995148333,-2.76152521153584,0.87000802907465,1.23242668695725,0.774256893794599,0.372013065912735
0.359988762826817,-0.0157287787724055,-0.972585295896692,-1.28800344993952,0.540064767741855,-0.784324698916196,-1.51076290427148,-1.23333576878541
0.00548347051736295,-0.487672749865613,0.33664281965627,-0.557625557806143,2.48807583969354,-0.463945385502735,-0.875633064170267,0.961912988600571
-0.311736869625267,0.926532220299787,0.254235076203703,2.24030883084977,0.0726422592943946,0.413353387963934,0.237294289069047,0.351541706905699
1.12879550175008,0.335731157294208,0.244342952893651,-0.315075412539872,-0.777453589743648,0.720940542505956,-0.963500404006052,0.947715215158599
-0.137726411765941,-0.713043760231913,0.0173712520443187,-0.200036270988743,-0.555517439996059,0.159918885483864,0.161215548379543,-0.0485782661210362
-0.427489218008935,0.105576805626653,-0.057494694752162,-0.743878490120947,-0.406135762050836,0.177983877945605,-0.329755075684262,-1.22271196156629
0.323916376602746,-0.154730899287572,-1.03304734257624,-1.47000022143707,2.79181556751852,2.62345767594634,-1.01757370135675,0.771603521670208
-1.18768105467187,0.212933599464355,0.19690083837586,1.19708776775832,1.2775282491939,0.786825533577433,-0.282882651006041,-0.656933891583082
-1.14392179227154,0.682907195237934,-0.69215892349863,0.00642870710225601,-1.18785830493792,0.0701152450747574,1.23367512268048,1.06016479606833
-0.273211631784464,-1.1458519990599,0.304240341174252,-0.675688328654911,-0.553812536588922,0.170628165195338,0.111963018823204,0.580239700829023
-2.96177968208772,-1.23131462416691,0.297537231542487,0.26299673581997,-0.614825637542381,-0.281932993869695,1.15615208956911,0.500424326605459
1.45338163578139,1.95292527222424,0.0907969430715926,-0.624700151081817,1.78254270553034,-1.54655162565905,-0.318122693931655,0.517770837335372
0.254540654242398,2.31178124363179,0.519981116417769,-1.04137780761401,0.558169712373252,0.703448916307613,0.758316558030641,0.348966182100122
-0.552129936079681,-0.484089140239952,-1.47466549481387,-0.0410716373581739,0.786308116283098,-1.13862084825719,1.53657204570047,-0.351678412874595
-1.74878889569787,-0.586640842144035,-1.09836275257929,0.348395375592304,0.490927798084722,0.688522727872279,0.680689479227286,1.51381213322579
-0.0482790052191708,0.672840883645087,-0.596691711341817,1.19562773218722,1.69505963690893,0.678283544200624,0.891776596754711,-0.0842057749226494
-1.09468784103832,-1.08243874821667,-1.68579491356002,-0.964873245805114,0.0547138430962845,-0.744781421045221,0.192530726111356,-0.850147047468799
-0.529295781555521,-0.483232966641523,-0.989194892672268,-0.956790499299174,-0.0176617425625548,-0.903409976595065,1.23564963771819,0.683201842076177
-1.20659353456622,2.18486451962966,-2.86313385914537,0.554255118065661,-0.425365513734695,2.4187970996144,-0.842972792660454,-0.738694562981667
0.300465803036623,-0.236219057346317,1.23343860314764,1.21353369274419,0.520078464015483,0.636879096667095,0.390828940018091,-0.634135368833073
0.159782728782713,-0.601535701620034,2.05842547420743,0.386121631465074,0.346603013582161,-0.736111290878835,0.403888712914946,0.886150231315045
0.6342187219152,0.757178755447393,1.98955740689636,-0.218704781161176,0.977616372326006,1.75659479461941,-0.261671490176828,0.0796962728666556
-1.91371476770771,-1.11238162976375,-0.0491361237904889,0.557988498918055,-0.204936194297303,-0.385315784872568,-0.214363760950399,-1.85745014448609
0.542629122679842,0.283073272887945,-1.52118513646053,0.957590747948304,-0.75222333394157,0.323927424814315,0.495009702436979,0.431831790499782
0.194565330469189,-0.752688026383645,-0.467875339229176,-1.28885442759367,-1.11546779331225,0.273907570571207,0.749054903414294,-0.165639751972637
1.00961899763528,-0.538947832037023,1.2710088461226,1.51781732136483,0.151285399025124,-0.521598908159295,-1.15243951955513,0.541954133171297
0.716486463498471,-0.635676412857674,0.947475899724976,-0.0378479511720624,0.171396272115214,0.0326359252834955,0.383997043907802,-0.668581167845561
0.142329957068652,0.222047453757156,0.0204057206830289,-0.160644852596809,0.967073512895827,-0.246307745976436,-0.257926592807192,0.541510356197405
1.95534012611518,-0.165220973588403,0.114402219453566,-0.273352993479343,0.483764804005528,-1.49150403407914,1.70466495303315,1.10868584081106
-0.37565698498809,0.748584807547209,1.30297278105818,0.407697677460295,2.34481402598835,0.334604328481041,1.80788285149633,1.59688845475768
-0.85748965006157,0.0028619239711343,-0.488753658128882,0.338581158939363,0.990598564606773,-0.279418823009031,-0.485584851328968,-1.47422515966054
0.276682143161105,-0.418229761344488,-0.706367029723195,0.942887101280121,-0.72400587015141,-0.576650000847316,1.34653028958175,1.58722577003284
-0.418792303908338,-1.1591216991795,1.46461046823685,1.44165515220704,-1.26429959649695,-1.6079828777116,0.377705560311435,1.52061754756054
1.18339420381799,-0.162665308639833,-2.10311611255006,0.265534209942006,-1.06753908701511,0.313977304571113,2.27476342618998,-0.169164001176988
0.766367971313367,-0.820698830213914,-1.375711057093,0.957029201953863,-0.00568178763212109,0.0466100836362368,-0.202747878102304,-0.922638834746553
-0.373611694833316,-0.0596039259971909,-0.0409681518754748,-0.154667894401732,0.386870816682434,1.9724959032946,-0.453350211842668,-0.0108046690409009
-0.153894097661706,0.267964683162076,-0.0887978265995436,0.130193203256003,-0.584103360023077,1.53232462239294,0.641363805589432,0.366764330562125
0.700165282284685,0.560403722641366,-0.59219177046481,-0.551714208231293,1.61015451041927,-0.54567658299109,-0.707355749007607,-0.610949481209495
-0.848910853001806,-0.58563422436049,-0.280661069659501,-0.136927319292641,1.44753756000905,-0.987244313128695,0.0126272193027806,-0.386498317041831
-1.71628384426309,0.0838520128943637,-1.21812264935664,0.148180662056915,0.731482895914851,-0.566709226429601,-0.342634973602879,-2.72040916080668
-0.605219185706101,-0.813358850722267,0.764037725104404,0.164892185352314,-0.919571935290859,-0.834996242045284,1.20463584687036,-0.999462693629828
1.61412497275194,-0.93074668648731,-1.20929400272011,1.74375809251884,0.96673539449512,-0.368356873211352,-0.576293648985211,1.85601205614444
0.629164110050188,0.298876743272553,1.53175155240032,-1.69957436961893,-0.836206691231769,1.77760847157865,-0.0396562691210994,-1.45182443432913
0.0722604709132169,-0.653578450771237,1.17891123598215,-0.345388879755227,1.38208084645039,-1.26110927668727,-0.061744313777854,-2.36664824315916
-0.443264433419336,1.18621341462541,-0.48809850825655,2.69740846066806,0.941658998550145,0.839400090751336,0.676277745517055,-0.0250373370755264
-0.253804499453212,-0.475406327313926,-2.17486236965414,0.574780241950986,-0.132408602347797,0.0863785239534475,0.354813264835153,-0.241289919637099
-1.33378378836469,1.39056764938167,0.0980330231574289,-1.82374092356142,-0.427429926530503,-0.433165783272982,1.05639796739005,-1.41352929130909
0.839440139697294,-1.69526878165385,0.368583590104317,0.805241517130746,2.80838432821853,0.51572315165968,0.587441098160719,1.11359722228243
0.343530995727521,-1.23804609875295,-0.109598213013593,-1.20566432919502,-0.962998713977938,-0.633798586751642,-0.794749916184244,0.772439572235319
0.0409260130909593,0.185965648496549,1.32451923094021,2.07830867070712,-1.37300875263704,-1.12623463767529,2.14198401244035,-0.429172231143828
-0.679055873017675,1.20365645626577,0.104473721736906,-0.458684848035128,0.511235746901666,1.61156674907455,0.95598358927795,-1.9556622272471
-0.619471751739011,-0.703537683516386,-2.04793826003083,1.36898159174361,-1.1663951581328,-1.34612466622157,-1.90634911367826,-0.550757038488732
-1.01672019309094,-0.799485028169817,-1.95054331912308,-1.94237854446038,-0.193640014367222,-0.320356158838191,-0.750022529147323,-0.593917581481346
0.310436352530654,-0.963972708382135,0.547044878598269,0.836298733635515,-2.13968099614749,1.13322394074591,1.29899989487405,-1.26163354614133
0.176218263320796,-1.30678905821652,-0.139774563393001,-0.760355198401612,-1.458228705478,0.686053374845806,-1.23068514602899,-0.824953752926206
0.967938523822303,-0.809192306253548,-1.39243634555485,1.32429956819981,-1.14746928789165,0.267834402714112,0.715010867955807,-0.0193220689341492
0.800368075970077,-0.395687596472534,0.500201897316525,-0.844439937137937,0.374340904448197,-0.61764251556166,-2.07092513070207,0.656352611508217
-0.592601174360528,-0.321641943749307,-0.671384405907259,-0.393331462458156,-0.698933852231187,-0.0615386176777875,0.351638934061335,0.120237563393943
-1.75131895813536,0.982614769102958,0.426647160216598,-0.784555235931381,-1.52502162887372,1.10213627879904,1.59401933274369,1.42575653674406
-0.604859753095605,0.529048132579567,1.87080513881785,0.156751058639484,-0.887939596057515,0.628513240355949,-0.611501940001164,-0.626025322975496
-1.67873291011059,0.395684987206296,0.484325444548449,-0.591707031530063,0.255716894832591,0.745153770270115,1.47022333195366,0.10332142341216
-1.15966481427603,-0.237469699279286,-0.471688679210686,0.838641807308524,0.698756312927194,0.476392540662752,0.0273449494315598,-0.755806759430633
0.00636269829460022,0.768342546021447,0.496733472056064,-0.240904826872312,-0.36894777676189,1.34420048751992,-1.09948645373659,-1.30284468609967
-1.31833001847096,0.378013381415198,-1.41586880275907,1.08882921915213,-0.950713890136829,1.3260068274853,0.757451903369274,0.304005136196914
0.54957070959839,-0.330652509668993,1.75650697118167,0.2993801236882,-0.909654847827481,-0.864832161909473,-0.208551814173524,0.476044090079764
0.573508978528852,-0.765639020278323,-0.625937732796315,0.51252318858209,0.0881898598792411,-0.551012378543841,1.12080354214255,0.819520410746105
1.41485047582163,0.122991819071988,1.17175354564017,1.25102419755262,0.250320957289506,0.71406936509828,-0.253597972441082,-0.504674036082103
-0.325233963495647,-0.3731006239257,-0.31737414326981,-0.508308092156749,-1.24317562642837,-0.2840780249267,-1.83866557770374,0.0584820678030943
-0.387056913203176,0.699810319165504,0.665180238654053,0.247096370468248,-0.881016548614761,0.00537363913473639,-0.116053016729223,0.524226336638663
-0.904089837059459,-1.58037742340833,0.891541374066919,-0.409472450163246,-0.579680847349152,-0.0513069622794793,0.294153614319252,-0.177183432290115
-0.232560284567985,-1.01565448703726,-0.193356474997139,-0.318549634958215,0.753600424215074,-1.78977728030439,-0.555072047198108,0.434455227139699
-0.710566219515696,0.0579066565095183,-1.06754234112334,0.35311060874108,0.833290162121596,0.751580768440393,0.251559745538446,1.28312035758341
0.73215614372683,-0.957113574886969,0.37333350218693,0.280245878243637,-0.689990348756777,0.958064810456147,-0.720174625524463,0.483108771973721
0.84553411700446,-0.428263200763458,-0.598705413919869,-1.14132824110576,-0.220069275685619,-0.134454722152757,0.891401672178859,-1.02031294894571
0.600342986865066,0.142917657424936,0.400351540375431,0.0768328749551277,0.600813675819154,-0.0597585770065447,-1.61564605528489,-1.23498137117906
-0.820604837946401,-1.57895377781183,1.49182582289063,-1.82610947761252,1.85233053633781,0.601657425617729,-1.24622936158503,1.01003331333747
-0.575272625471767,-0.360862628233588,1.4466320233815,1.47976070050994,-0.572714096723209,-0.210286711637109,-0.97310625101294,-0.0234623114258126
-1.34985299282045,0.531671864123613,1.33413957754394,-0.280305867874943,-0.655681367282227,1.83643498737808,-2.15591992601072,0.214669668872711
0.312494942155206,0.0732231130423063,-1.66626933618834,0.818800063442025,0.323415617927558,-0.698098885528342,0.129609147552418,-0.508459431225039
0.359347924469029,-0.392759387369693,-0.913564729364694,-0.362023924394784,-0.481258720928336,-0.895538453554857,0.383484409169755,0.295715814656918
2.34601558846473,0.845564312121363,0.452124891396609,-0.560442097790085,0.576129396638852,-0.776764957108654,-0.0160847060123767,2.01477084159407
0.747918090665016,-0.0172777691410634,-0.0692935649349636,-1.20820473465898,-1.48772822078178,1.02188150450082,-0.503538736479309,1.07599607201774
1.47261422239777,-0.549068291664292,0.400218180950796,-1.40965039748122,0.774981767429681,0.9413485630185,-1.47658581211906,-1.01970576061609
1.85323386535259,1.64564422422781,-1.38847810981848,-0.115486227104386,1.48397632016266,0.831047681899089,-0.652841034647647,2.12407034755844
-1.33179691104433,-0.334262736967172,-0.139977912293347,-0.314284653064545,-0.831926853536429,-0.437040646223962,2.04896760682107,0.140541343681521
-0.181427826338343,-1.39926037274479,0.46470544097947,-1.55447795272048,-1.47975309012575,-0.0398999090924252,1.66314370446916,-0.650852499462964
1.20706466371607,0.419035313942984,0.819011622922581,-0.352551902960935,0.310678802254544,0.934432899449922,-0.323585403340276,-1.03166062331184
-0.455679605721868,-0.987318867883918,0.118486572194547,-0.749809290239003,-0.76750017921407,0.58655890583472,-0.517998960186441,-0.925311503199194
1.55347163864643,-0.160937533365714,0.65137302761902,-1.24831904991941,-0.409757769636625,0.712445867589766,2.23909610468306,-0.644113638639484
-0.318974232552179,-1.72627646665223,-0.966774131354577,0.194853659676955,-0.122112717237079,2.06424608728751,-0.532134479577567,-0.696709500337261
0.492739008502671,-0.0178626758420102,0.724350137239634,-0.850979621280886,-2.39191157448669,0.999412301596216,0.492332041128805,-2.18014611578537
0.777427685883791,-2.02663847154619,-0.0986331897114061,0.5451228266633,1.54517511284843,-0.747421610272009,-1.00393120112739,0.899416208807222
0.21516310342244,1.6425676685439,0.657707114487369,1.5007697214283,-1.80233852560892,0.614108127265806,0.516379898777469,-1.33253521332865
1.80383660261335,1.56404153734144,0.517932561537549,-1.40761946488275,1.11654025413955,0.299588432134665,0.431926202792776,0.325059347893835
0.732898978803734,0.449210852868759,0.866204195056035,1.15134539245575,-0.311544729726205,0.275760585102603,-0.471329362406034,-0.696172182222586
0.565046675958057,-1.24147487899457,-0.587089133742339,1.61703612595235,0.816462317650664,-1.28110607041923,0.696065585259685,0.57817877690043
0.872751421638683,0.269372272475353,0.260598399702093,1.26680528555914,-0.435779976088465,0.359648004466947,0.770751486667176,0.00372110971863117
0.718992157124974,-1.00699298102313,0.420346411752733,-0.928026190595159,-0.0308888544783272,0.670503971821733,-0.419493740419156,-0.501011963352918
-0.0550353587274036,1.6686713485615,1.81708601221143,2.29666210077248,-0.198386234699212,-0.124851105711617,1.33137638349749,-0.893087555108585
-0.469334903903036,-0.955194311858553,-0.411409377650281,0.888232939240065,0.859704464212154,0.0415000152884969,-0.948411114185463,-1.20384312662475
-1.31802545886388,0.694701065691737,-0.432875400547956,0.545378812682263,-1.06681333255552,0.609333682767348,-1.11299768778001,1.61962104785892
1.09275178592187,-1.16507973384918,-0.405420661206575,-1.15014845687163,-0.563358388001076,-0.119964271537509,-2.20629314716782,1.47492187257567
-0.251238710021862,-0.586654832343202,-0.865823872946481,-0.91413667629709,-0.109366378394796,0.795414080366924,0.786725830049209,1.76992430543698
-1.9509877526414,1.10272927294167,-0.945118621436015,-0.51107007118482,1.62200599368786,0.296798392104762,0.458273308831083,-1.18685768680684
-0.834891933273793,-0.709654719887885,0.0095468854970662,-1.60002198849703,0.597908286697004,1.02925488434454,-1.07087215967276,-0.537652066499824
-1.73902255360502,-0.305639580110904,-1.37511325333288,0.0820410291299041,-0.587776000506123,-1.30248471064182,-0.336263603085751,-1.30392663335471
-0.474426476624183,1.2715308459276,-1.10669482681096,0.779327017044265,0.154088057701501,-2.66712460856466,-2.62647811392237,1.53138651656591
-2.14185461474223,-0.421124509822033,0.582002859491316,-0.951116538517213,0.625731124810755,-1.92788642043036,-0.909683016825851,-0.842048221501917
-0.592976779207064,0.240484175624033,1.24958282926059,0.747620350137046,-0.596261964147232,-0.487937086807393,0.548035492214828,0.234074099503636
1.09699609906726,1.55457698428018,-1.20908370518383,-1.20558108510088,-0.348285766414808,-1.70473339778229,0.389942970276346,0.217376513933223
1.08080161630058,0.244941634853411,1.21464260879655,-0.363674702994223,0.357008669435806,-0.237639362385151,0.209473932876735,0.650544678977232
-0.0870523232694915,0.708033652099972,0.417367713997685,-0.479625142634955,-0.299229963108925,-1.14602057660785,-0.391760319944145,-0.960370849915486
1.20629053616826,1.27399602314679,-0.40323742659544,-1.3298966259612,-0.108468327910892,-0.639009883405766,-0.70269981397812,1.31591098612712
-1.36345876822076,-1.88074464149972,0.869640968111022,1.1122350106011,-0.283877511814852,-0.0351349124158511,0.228736365826765,1.19761024764642
1.46729191634191,-0.692715922413106,-1.42622603530168,-1.21149373193003,-0.438214208553891,-0.753679000359437,-0.671148723908419,0.169858217746088
0.971023420155328,-0.469282818629319,1.39982832085202,1.52505681180301,1.14102520639266,0.341034691891991,0.274346492997905,-0.407270340080145
-0.253006332798923,1.13688486031239,-0.929189408321136,-2.43585562859609,-0.537705290804139,0.322946531538937,-1.17367235692696,1.01570164170111
-0.208428790610361,0.642119769418046,-0.560212707256547,-0.571135588090508,0.152450844589806,-0.115849905175458,0.593354032524673,0.678064522060419
0.571452804704111,-0.939904038982533,-0.776238215151195,-2.35336855216453,1.08393018975093,-0.894347073364917,0.0946535119115135,-0.751840155271819
-0.546545411081896,1.97196434443942,-0.814367655313471,0.0692555442638212,-0.0669021201061919,-0.596905312568322,-2.7198298969221,-0.157928915214636
1.58770749323053,-0.725200874562188,-0.962347289952937,0.5101060286557,-0.173631612872382,1.71657503378773,0.13492472559126,2.03879839727726
-0.364427125264336,-0.146815466250771,-0.594260960840426,-1.0654780531093,-0.447098996676293,-0.152244651945918,1.70808878548039,-0.623297048310759
1.5239252148326,1.55565042192431,-0.62686692363649,0.209493282902212,-0.135238510670675,-0.46224213397078,0.939184026984851,1.07225448593511
-0.434589796181991,-0.0409385239125952,1.51876415424235,-0.724260628946052,-2.56484763466647,0.613833808304592,-0.332708523298186,0.64742984558946
-0.961565504985528,-0.288562808213689,-0.469111931839706,1.89895810999405,-0.30284643627043,1.12850166980752,-1.04140988491505,0.879590737984397
0.352976614107029,-0.945433209792803,0.239546631570709,0.970361747136541,-0.364924672782789,-0.724915761402704,-0.450200489473982,-1.55785170807798
0.616307137267512,-1.34921025912125,0.774247942644543,-0.521947760032653,-0.409344418192517,-0.227420212250807,-0.341675325953346,-0.4801205151558
0.288598590753545,-0.13570981822446,-0.232986172621126,0.238131087273084,-0.850911532654713,-0.864652158067575,-0.609382109444277,-0.392638508006771
0.0672189417450589,0.935422831733045,0.62213758388456,-0.0375562263529639,0.958721541318625,-1.81405676931757,0.487667047420815,0.958695954465909
-1.23727194924133,1.15616190788531,1.20212633483935,-0.824847923898941,-0.257492897999785,0.970424907132311,-1.72326336865194,0.200995441133968
0.0447364178375202,-0.859802397398859,-0.452671717652092,-0.110521810784546,0.126700963339427,1.29810338876982,1.27505096343046,0.227417391521768
0.666543715219123,-1.48438409237057,-1.47728421421655,0.239574690855097,-0.389423697227149,0.0287219483539147,-1.4236342291267,-0.3196476400728
0.60183088493058,-1.74574152368941,0.649112323876576,-0.539753126604339,0.0627427401976472,0.497116685598784,-0.219497434927684,-0.783713370835144
-0.258280475753975,-2.12134082122348,-0.747663536685494,-0.554179250613771,1.72208311127058,-1.1777893848166,0.0248810445297249,0.490272841178907
-0.84169635192573,0.133657595549858,0.86650075388502,-0.82645108622068,2.68390468445105,1.55933747984091,1.47395875043947,-1.11160140835902
1.29236186190712,2.11747208844121,1.30382598134874,-0.416028130378496,-1.1888184446662,-0.136756665450897,0.533714720523258,-1.28390074404418
-0.923738665178167,0.782285658105745,-2.01849226497506,1.02458300600176,1.0452750216615,-0.706318334348446,1.01242141653968,-0.376200272356903
-1.89655603834934,-0.933958117221486,0.895392239151664,1.33061867686984,-0.172008457225975,0.555297963557046,-1.6191066150403,0.416131231953548
0.274393387566797,-0.863318255900966,-0.38297190180482,2.60799299315996,0.0111509246274562,-0.878720829990485,-1.59119564676294,0.540046408858171
0.639709150072487,-0.478319538902242,0.690733372555895,-0.451366951647607,1.46763566007091,0.368675381532705,0.073783623681824,-0.141155468440181
-0.137255191533872,1.02532592992868,-0.671205253753027,1.54915392251953,-0.638581928878275,-0.781125748882049,1.5686949651304,-1.04882456337194
0.126138912133166,1.01104158203406,-0.0571280907463418,-0.384454841521921,-0.673100907430936,-0.607663489317509,-0.277561666374276,-0.905599422197129
-0.727530362372804,-1.17507665142714,0.292260140283808,-0.993279512353037,-1.02211244033405,0.478047095556947,0.960138597425584,0.593768332793202
-1.46362940842238,1.82779574017935,0.141922694702863,-0.030697352889659,-1.59439093380061,1.06887075139557,-0.432333858525878,-0.701970248833359
-0.0699537196175454,0.57234311710663,1.93157528596277,-0.368119378937285,0.204034045145694,1.21509101911706,0.624696936492576,0.276210504426897
2.00996316063247,-0.806474706738507,-0.729498032019397,1.87771870559494,1.25730854716942,0.486871741011674,0.41308683513187,2.36067863226094
-1.01155666288828,-1.64632044479824,-0.294757955352403,0.394777014793803,-0.137628293765197,0.932361369574446,1.96325019497809,1.13859511825962
-0.244501632073615,-0.325448456095465,-0.0183498078310067,-1.66886889833368,-0.219401223659274,-1.04405597894361,0.420180502332122,0.0271033904138779
-2.12825800086691,-0.705214800373635,-0.653468710006088,-0.679108035320344,-1.02100409026886,0.79582297997148,0.0693775425306479,-0.743256922391301
0.844747310999083,-0.302492043487132,1.02298099533278,0.937457337198692,-1.30155670103866,0.00237272284336258,0.668301170615502,0.246574299873575
-0.209260495749915,-1.03989636668927,1.50942980761141,0.305095918421088,0.0550174744007092,0.0947084207385966,0.0955575575539537,-1.20686420977836
-1.26044990354432,0.125938071438812,0.449684426626461,0.577806446792478,-0.591565670401448,-0.105661963517038,-0.487939933096254,-0.514628856576209
-0.771075007545062,1.35506149337458,0.403587017074084,0.589030708638002,-1.04362528369891,-2.39385601945001,-1.63843290195424,0.531714114925826
-1.37241003105816,1.08108771849797,-0.0848270125908082,0.588898281395997,0.0575296536783844,0.126096460244141,-0.138788699689965,0.482849646497861
-0.961234784277808,0.97843433273962,0.523945730791833,-0.351447260108286,0.376792941432343,2.25514444910697,-0.925059658041087,-0.0550062650766497
-0.528263159268342,0.153693385435966,-0.300879778629275,1.16243780298468,-0.0113905414954704,0.714550682508308,-1.26596144822232,-0.32995664942416
2.59479858481827,-0.324288342941547,0.304636461413325,-1.61032878259357,0.784335094467438,0.828694128219353,0.182585932409404,0.256676497760522
-0.999109248081828,-0.901462642250635,-1.15225896234286,-2.4678054586868,0.341855420624389,-1.67691430958547,1.11344908413391,-2.36938070702485
-1.15779060500308,-1.63595214657234,-1.30613473027972,-2.00695989126787,0.199005976152832,-0.327739741278343,0.190781078997026,1.55303871849276
-1.59582879637144,0.766330532510475,-1.52646863873045,0.626929028100932,0.816119200085803,-0.375134024168563,0.142498646638858,-0.0782836545593045
0.245321234463818,-0.632883148737709,-0.965390630303897,1.32080370351985,1.43468697643177,-0.723559005058066,0.0292541800966997,-1.14397255549263
0.303141490719635,-1.73185266423718,1.71642197515346,-0.0945625237979852,-0.776774236122098,0.0777030318611971,-0.842830458925056,1.85790125397766
1.80817629915764,0.12834295723949,-1.43980180476433,-0.242458215535114,-1.40075240997172,-0.536493667341284,-0.752085764504755,1.55291769571078
-0.558365954348744,0.762612539989213,1.02735695818478,0.602813916512522,0.418033843896112,-0.789099618471261,0.431751081444053,0.980024476442863
1.56072308407665,0.764330041152826,-1.33624792640107,-0.391969301154723,0.385684682198733,-0.0269186238059121,-0.156863636402473,-0.638395350810186
0.122277502048559,1.0156531932682,-0.820978899595538,0.953912652359837,-0.951600532321517,-0.377941484469699,-0.919215974914642,0.792523549526626
-0.963420102226277,-0.484628525183741,-0.940349030144512,0.115280164900036,-0.380897867873104,-1.1391842439399,-2.2259255612865,-0.501883847744573
-1.23209551529966,-0.0850685351849479,0.0308963135483174,-0.275625617331346,1.44677652500407,-0.992304506683217,0.575700595183289,0.561887923858245
-1.01469234332455,-0.844552485006207,0.997391443102126,-1.25318640988154,0.0205785408182595,2.20058296219336,-0.351002763426756,0.642043105072236
0.9791229744913,-0.646061902656668,-1.25997754415416,1.60922972327322,3.44160994236126,1.45906606424964,2.3804837999469,-1.7995081485583
-0.463075153111484,-0.16965784142378,-1.54824797492481,-0.515871679048952,0.196754333760102,-1.17365454275232,-0.373783625978098,0.576261218353731
-0.107496769096219,0.514489478938999,-0.708245118425158,-2.29307179895211,-0.219610156012692,0.615722826747426,-1.81884690970188,0.355494512503519
0.142076400585994,1.10018306206192,-0.0877018165033449,-0.524988297664332,0.142174291171863,-0.214587070021733,-1.11012239300979,-1.05021011255135
1.09766385029739,-1.50125853953805,-1.5384158679981,-0.79814639296314,0.582749974424973,1.10143398054931,-0.372772595457661,-1.41816131399466
-1.83444183486841,0.773137208863768,-2.09002990442889,-2.12213591277248,-1.69725025860103,-1.28764405785352,-0.088207736821115,-1.19163158336876
-1.01319023688532,1.47873184713878,0.333892757097983,0.826752854693786,2.44557350812698,-0.9937609640617,2.04406612395041,1.05317944406011
0.737517966467907,2.03874906061186,-0.93350276253974,0.417976733188792,0.635244893761666,1.1141372817194,-0.71350001452258,0.914079872734922
1.33019468878857,-0.261531505834418,-0.765485280240206,1.30615529833074,-1.31065884165493,-0.403228357958303,-0.0279635616204208,0.308005145473072
1.83032575122328,0.585511429536132,-0.531923312081428,-0.721432096863418,0.47383914402847,1.33135254613804,-1.19207574412303,0.897882322480863
-1.17220808453368,0.519275346443105,-0.141492313724529,-0.881260676936449,-0.0449048331555553,-1.15699466919209,-1.96287839622077,-0.624505913273237
-0.401014881192311,1.52503437767366,0.630624722491249,-2.03862736725968,-0.495158746005056,-0.00619320689035151,0.0956223279689747,0.0800591477574362
1.22120703443124,1.29288061626066,-1.71290735169704,1.63325291159749,0.0554701779748488,-0.306840930055239,0.695090655880814,0.629522046367796
-0.119563503500571,0.444234005807802,0.306440660451155,1.00981114009096,0.599239710046367,-1.27790132200645,-1.50725242376457,-0.159107891385255
0.0698507290472109,2.02534983069594,-2.11025004863245,-0.639457136597617,-0.0906646760649615,1.68146684926818,-0.55081859010635,-0.34195860598809
0.567701612406565,0.524630640232917,-0.0423376102987035,-1.35533491890719,0.366263189249407,0.537323243676593,0.726345341622129,1.15076454030675
0.739399664276875,0.648389600542706,1.38988921838718,-0.276978680050442,-1.44620259249643,-0.683079330298235,0.360512122524038,2.14368586005486
-2.33202793827736,-0.130737159294804,0.225453151936385,0.937748368074584,1.47204422458909,-1.91651058008085,-1.33872752900232,-0.484451986306853
-0.511587034297597,-0.620274935793207,0.199848912530808,0.616861665050332,-0.186625100472358,-0.232920841924605,1.4840726870273,-0.531419019630687
-0.436270751174411,0.702282091729812,0.343518750338532,1.07731263652037,0.550002349054128,0.655556835149367,-0.95363484496218,1.30235228830877
0.867848287365241,-0.0538399732032888,-0.366685583809031,-1.32416821463596,-0.101465975773757,-0.392752250054539,-1.35024625825197,0.1785624293581
0.951304921255948,-1.12532779978242,1.97990431761343,1.85903791603134,1.02313216569383,-0.463446809482257,1.4940335308266,0.158103287652822
-1.16501503381471,-0.989361437398762,0.0840680417357847,1.37893049068396,2.44668809101326,0.31843773423832,0.95083859755857,-2.13180549559395
-1.32479793637879,1.05456602081138,0.780850708230104,-0.183402174869624,0.216111510891334,1.36577445278025,0.911298159522881,0.167172712636316
-1.67465338975028,0.642267161243279,0.522663673900589,0.479422896527181,-0.493974165009465,1.04039779585234,-0.0267612538400024,1.20946846462183
1.3763125712838,-2.1734100596372,1.31242897827187,0.738853363563868,-0.120194658967284,-0.23460736770141,1.03134506265892,0.467952085329354
-1.74063129580445,0.611542339363679,-0.298998601626206,-1.98001895039605,1.95118368033887,1.76477459984576,-0.156182429468097,0.70436812195777
0.779446436113778,0.571366402855791,-0.326763869725023,0.100182930883245,-0.742986403938853,-0.299192431992998,-0.262526627346592,1.09829084068802
0.574181060513549,3.57068436282883,-0.774112753983867,0.14157638685798,0.405880694983697,2.03254621864608,1.8576626462485,0.311475767660761
0.128964227350426,2.23095867737261,0.404804425742055,-0.0759852522377343,0.380600776380471,-1.20131086837894,-1.66418995575777,0.624956858588597
0.411309931384721,-0.671213045049251,-0.650936834171724,1.12143337233744,1.7480444384495,0.458353658507144,-1.15905018261029,-0.330408061633505
-1.56166200662742,1.11637605616173,-1.99436594984914,-1.29928796552916,-0.34398616900949,-0.738566147937618,-2.2374411962052,1.81171598075071
-0.344698685993065,0.160033806744382,-0.901571470864125,0.582870045540668,-1.54170676340483,-0.794280915811121,-0.949605327135644,0.592735005608534
-0.669199877225217,-0.212439472767485,0.167674517912763,-0.921610556795449,0.752156105432386,-1.4543652190672,1.47398461014351,-1.08386016959611
0.738837083101583,0.854780089778577,-1.18215948961799,1.00680395266723,0.18024639103179,0.51565407995712,-0.208718532542987,0.981017246811281
1.3136483531234,1.07030730540522,-1.68924812747454,0.204276590878682,2.47653504333483,1.06772506589013,-0.299984070029695,0.343105428809803
-0.228245444131093,1.87941133657806,-0.522003623640797,-2.81791659348868,-0.531752041236943,-0.812622546904523,-0.676335393589139,-0.728905335771914
-0.625033674444404,0.323590910553331,0.998632073647896,1.30221529730498,1.25406067848396,0.74069833890898,2.06321976454107,-0.549930404577015
-0.660593632475079,-1.02828303663877,1.55695421736935,-0.03048117394718,0.261333953818913,0.849630674612858,-0.0302051092085206,-1.01889370746414
-0.0343630405034259,-1.40953019071816,-1.01605829514683,-0.379359329475926,-0.692593355611018,-0.781824768674737,0.969603393576935,0.881880658959602
-1.22369419767308,0.125405457976509,0.434106081599613,-1.64673991758885,-1.07398823520741,0.12422815960792,-0.169246580717267,-0.238054177419812
0.0299662667152858,0.622078055153197,1.24397074975644,0.273840959663384,-1.53977436952163,0.276408090295766,1.86740789417931,-1.40447083829596
0.220559800910811,0.375959948001726,-0.496409491893419,-0.569761879069838,-2.55684696372573,-0.0821205486714373,1.73064391732401,1.2871334426964
0.84081730598653,-1.85212653333425,0.776736110241681,-0.424278913664095,1.00127237145411,0.857719909028096,-0.611378260548032,1.8690930243834
1.02089027947459,-0.384522905778189,0.823966690751174,-0.637223822642729,0.337258889295584,1.71311420052277,1.21454952329034,0.440243259678563
1.08446861199957,-1.1822486850168,0.339794259144811,1.06215798231546,1.4925688385524,0.718306204518643,1.77882667231348,-0.684282310550355
-1.94991428382879,0.256620634641085,-0.173596078008749,0.278140067912705,1.37267217425491,-0.563232885246328,0.787409226363067,1.24286713498594
-0.53175626985655,-0.34338655829477,1.05204524187678,1.79927610244917,-1.9020425372623,-1.468968790455,0.434237118457725,-0.323091357341212
0.605328121397836,0.509993963504616,0.378349491700205,2.38268488299994,0.75186708698205,1.928517734919,1.97285327006851,0.0995695947266935
0.436945249224944,-0.385857628997728,-0.0401624133811332,0.571329772932907,0.856818009188386,-0.480098203090773,0.844224612270307,-0.462073198508546
1.82390212745319,-1.05201535401704,0.412517243421379,-0.0393447587659889,2.40465170646099,-0.664429468703658,-0.737742717296107,-1.22169205793655
2.71884564924149,-0.64058137195567,-0.443175291050469,-1.55102088971595,-0.752086864590041,-0.103289681745588,-0.316577695311873,0.197010601941637
0.995089438943641,-0.0319110395892099,1.45884070368109,-0.506424482944335,1.73693206017783,-0.0467661639196378,-1.04506991484435,1.4125212291655
-0.143817390033452,-0.862929382652243,-0.43832289553358,0.817849548054745,-0.813771781901982,-1.6965396472777,-2.29821829759344,-2.01593291281697
-0.711137487206095,-0.254797929919344,-0.74820356641714,0.563094611446603,-0.540012761769719,0.483125169206757,-1.08623100600176,-1.07981397595383
0.838379467889877,-1.86296426597564,-0.764621951753847,1.08074300309948,-0.678057667085163,0.850836454702752,0.892320991972197,0.48127239596785
-1.55980110043868,1.23659130028912,-0.0633176242800444,-0.483683669680942,-0.841557622884828,-0.355993141143587,-0.508419347021139,-0.993786877076128
0.664960352463575,0.085661633942728,0.95369838334639,0.205887743826003,-0.544770073115314,0.295588567617917,0.619835290241416,0.199678864405753
-1.21096157273727,-0.783488856536347,1.72419315230144,0.559875076694695,1.01599883962153,0.881731250520133,0.457205409458963,0.897560728496219
-2.00944572059022,-0.0446850787724211,0.482205917387874,-1.06949284382346,0.45629428880567,0.0331872015918157,0.648346382053934,-0.246473490698331
0.732370493080733,0.374772231526541,0.36292527622543,0.0817073628153016,0.578738366023994,2.15655854712288,1.27189996647402,1.95584341811224
-1.88864856467485,-0.793739392717749,-1.11957690554312,-0.424246400380485,0.48891501406247,0.376030460485492,-0.403180664963228,1.03713616653342
1.02659180287463,1.93995617215781,0.196216648847476,0.336788958137773,0.158996606908,-0.0693874175158878,-0.898258386964464,0.899804194260067
0.659357646554325,1.43078605728671,1.67922374758779,-0.221454288111051,1.17062174304233,1.46947833851443,-0.0311278752056811,-0.160722918459146
-0.261535231334409,0.68311439774804,-0.648880205805169,-0.921897257934725,-1.18456069540926,0.135002544003238,1.20421069932567,1.41097380322925
-1.19812902115075,1.25820503869699,-0.15169264376654,-1.45934597745067,2.23065944595059,-0.286740979936382,-0.353072770338045,0.0589950438355422
-0.701804520075679,-0.294280347657135,1.35531107395428,0.26111387154033,-0.308568879341677,-1.60677135146008,0.44196350983854,0.630451773690344
-0.0253070239876514,-0.834678598139504,-1.08756963839818,0.370246348903327,-1.58783082922526,0.745953458622853,-0.142272921063709,0.212123272398947
0.00659443824401568,-0.170665986945093,1.07259087364285,0.43433170184544,1.32241262502926,-1.0054595045623,-0.0843992166617453,0.919281719198529
-1.12734738291591,0.576661345627279,-0.227905340259618,-0.978471272983617,1.33116454820123,1.20719205706877,-0.280460091553686,1.2945678258123
0.506229585597422,-1.0782312622317,-0.170256730772101,0.369476486798028,-1.13657698593823,-0.719017928428082,2.38368714581809,-1.04400461259529
1.19829438597542,2.025652040184,-1.22337583709184,-1.68016621077573,0.476219647585918,0.542961372610743,-1.45373162792767,0.120572650112031
1.01288380063683,0.744860672004982,0.461258013981444,-0.378450199358797,0.673778418449278,-0.218903921543898,-1.3946325983266,-0.0352950413531042
1.08043865855336,1.00256457915496,-0.197992690693599,-0.875293685133815,-0.469560705110504,-0.0875039914654541,-0.179217529207739,-1.36281569321115
0.190331010296208,0.953844442727342,0.510775725325338,0.0145960523653419,0.983591628076874,1.38546208345678,-0.393808636184389,-0.250159608833298
1.56472335094289,1.10509817123271,1.04606612569778,0.353762551985542,0.70873269040503,-0.597447093128828,1.50212636699828,0.642645046541952
0.0028671902077851,-1.14599284376564,0.868501142507199,-0.00552407611270792,1.30987885977939,-0.175673902856628,-0.0222814332115499,1.21645869404707
1.24716817194965,-0.335208145101589,1.49854140543772,0.413253035433659,2.22040019720697,-0.0564714364675769,-0.435959856780582,-0.523578609970812
0.862693051798166,0.1577346919081,0.858868369644741,0.243390297735415,-1.99782702508729,-0.00413520470808601,-0.379956184116796,0.599475376674049
-0.0232050662216577,1.50548289771459,-0.527594505925017,-0.918747945479636,-1.38364404076986,-1.05741164459618,0.35103425192728,0.0240136193718467
0.21058982772865,1.23704463614441,-1.00080014803158,-0.324644757556953,-0.361784845688497,0.295059067563324,0.675923458028722,-0.81902215567984
-0.615224275572009,0.412325384131739,-0.256450069675228,0.394412153624689,-1.30500915221871,1.61962003467657,1.07809985622929,1.9424027598941
1.8772622610843,-0.241306811599183,0.318683078583873,-1.59846535925816,0.0343734220869925,2.02224971780703,0.107608501525388,1.28047386979629
1.02349833778955,0.112714596601984,-0.137687095188907,-0.39062177697146,1.02154926421348,1.47673201888867,0.364460094552505,-0.345535532536379
1.44321711546988,0.457349255333395,0.0447873412884618,-1.04142192683986,-0.00884782117113675,0.567196297529732,-0.0339431343547233,0.0846003412456416
1.26356333852402,-1.05022000599166,1.74543876187473,0.674808198028541,-0.345882588465041,0.207021898241472,1.23412868461526,-0.583170302402565
0.294886880842115,-1.89608129672868,0.266399298156733,-0.132826188184571,-2.12230714415921,0.212495284731997,-0.476573479369448,-1.01083697546893
-0.047239416386524,0.022842353813048,-0.0100880511111791,-0.759880203967182,0.944032020162573,0.898405165004287,0.647830891510505,0.636353603878429
-0.123076336226528,-1.78279205544106,-0.248787938677174,0.622324788426578,0.923580649187689,0.0291694940287083,-1.09074865212495,1.22200643411993
1.11130209310346,0.611904230161235,-0.948856230041681,-0.555115282737188,0.812427299036937,0.884195588730708,-0.934718835763352,2.04690878861444
1.07619063556339,-1.32032843529842,1.376933013338,-0.0971145443619511,-0.0136410208615666,1.30987130203073,-0.392234451114403,-1.63530283434609
0.0313900683775088,-0.733621016587353,0.0277436948072683,-0.29327682169132,-0.186933364838039,0.231685414264505,-1.25928192620986,-1.45746350094788
0.000199332738128232,-1.2280642618938,0.729216143018922,-1.12247190114644,-3.24388449911508,-0.180934720478728,-0.243768583735978,1.00870832314765
-0.767623678974731,-0.204351501981179,-0.107394313451399,-0.0461896788309709,0.592090261127433,-0.846201419116411,-0.909754533264,-1.02099228431178
0.896404916043118,0.531965794226277,1.23876496835392,-0.378305993124018,0.489982709975131,1.05221735811494,-0.101847346481203,-1.00570264177524
0.521917427142113,1.13536294469082,0.657767944295459,0.672946272618891,-1.35063032786061,-0.64549206197233,0.834758020972556,-0.488203556134542
-0.869742642306892,-0.198670419199256,-0.279012717831934,0.120152451729887,-0.534300319406322,2.90636828174617,0.288926920889209,0.839441151880301
0.54101255457332,1.28830506443194,0.127635743252157,-0.0756719291670082,0.539006983540864,0.811004431977879,-0.46193683898603,0.475615734880786
1.0772728421537,1.0298473661218,0.605115087098022,-0.698386469525187,0.0113124975646007,-2.14833158037936,1.28071865605459,0.00672234174307603
-0.315326195095243,-0.0724035829792796,-0.343102285347301,1.50980316309181,-1.83042761118584,0.322541277004705,-1.08308907620323,0.103166565502903
-0.778105966694481,0.405796461621977,-1.73563365128731,-0.373439636969402,-0.911798083338191,-1.08885135847756,0.539251588964469,-0.620182656928663
1.40881978437561,-1.1174097767708,-0.601007986238113,-1.69464656962646,0.605240863915547,1.99857658439285,0.992084667523085,0.588255883458017
-0.541690225783554,0.0852275869308563,-0.159630363365693,0.830127727990546,-0.954707176552801,0.769174857920025,-0.309225933000729,-0.118667715315953
-2.45889773880184,2.86164007654609,-0.417942246871843,0.0596014449334717,0.157636493300908,0.148082933024949,1.14253269396641,0.33619809667955
0.958596744172897,0.209681719132123,-0.330511938403642,2.10691894761995,0.825417576716258,-0.861645050815053,0.609281456799998,0.126016657509494
0.173964916639904,-0.242567109908169,0.88611244633117,-0.295707305212167,-1.00722734842834,-1.38782637081329,1.3675704424458,-1.37178871202368
0.394638776253708,0.476533180650789,0.154890315862659,1.22505898430018,1.11765187829277,0.66196587477701,-1.11298285910789,-1.26196583391806
2.67839389434945,0.423040692370212,-1.42165749925279,-0.812609590333212,0.9787503199172,-1.28941460898194,0.936455326216232,1.53816165473008
-0.687125921639796,0.19569763965498,0.284830774942425,-1.16146218711349,-0.0576383770504772,-0.0946327705979418,1.7841796431902,1.18208012476795
-0.351467262082469,0.184922280304401,0.0750369095610843,1.25926246444848,-0.135896618189516,-0.487826597355043,0.491449533808493,0.408070228866119
0.474718731107188,-0.671878717311493,-0.727604608811633,0.0449946185052281,0.018449226430093,1.68342606005628,0.365714520854397,0.067188309139318
0.354394146442043,0.210550015193847,0.62296295241672,-1.79320140725899,0.928556529341076,-1.82328226304116,-1.9380155447309,0.159387911084105
0.222757360044316,-0.837591390225823,0.197328629327234,-0.5850366429544,-1.0021470272876,0.616714466503047,-2.28976404210442,-0.272092954132023
-1.58525563876672,-0.307364840775681,-0.300451594298226,-0.473383046616245,-0.876122299788315,-0.515321098433028,-0.924281508603822,-2.15160370080306
-1.37430373095489,0.808600013278269,1.75854460595672,1.06581455941458,-0.145205533824362,-0.718929684108779,-0.306935439818156,1.91723103972278
-0.740755269288793,0.15881661234507,2.36549403302568,0.407607900313502,-0.0282566724180521,-0.150726869422926,-0.870640054904895,0.704107912422628
0.234204450433404,0.361885244055325,-1.3700067783301,-1.29834849236628,-0.312357062615301,0.842844396916242,-0.784851559760851,-0.780567236584974
-0.0957257121370916,0.41583789637642,-0.603820786042333,-1.05097246832462,0.264077901474744,0.253046433779248,-1.41009360545118,0.411090871707042
-1.06613227444874,1.56194396657982,-1.39897955939832,0.561682115964103,0.00583963342540545,0.608316767668786,-0.468206714379694,0.625332815001741
-1.60854429257567,-0.821243724482735,-0.357939780068889,1.18656880186547,0.0554961908776058,1.43059185551038,-1.05591576353147,-0.2608072597514
0.998416833775206,-1.30489338249471,-0.828443586253268,0.373811859171298,0.352196384019283,-0.349940456074179,-0.154630491570064,-0.839924923412319
-0.578909224827018,0.492401092568821,-1.004343336388,-2.09853010309554,-1.32723210513539,1.30734350188296,-0.0774485732332061,2.13228538276537
0.358349323034413,-0.574925557791945,2.93845698283663,0.766822481777292,-0.497235260834101,-0.468590063500346,1.43110557114711,-0.522439978628125
-0.369004788506245,-0.503696214471909,-0.950622454453404,0.984805876916518,-0.478193088278941,-0.0509736431435344,-0.278606853822933,0.658583485351003
0.721316050005033,0.736084384364746,0.1556715128581,-0.334682102254874,-1.30059413303575,0.827536928023759,1.30819214698891,0.896222019392223
-0.244727844534047,2.02351877343976,2.01290145489544,1.26842655851968,-0.461627512271372,-0.930870432475008,0.958191331832576,-0.989847143467303
-0.235988323586323,1.41852073170012,-0.332487871503355,0.888921006046011,-0.509770312756902,-0.0512380955212511,-0.485880773068855,-0.0897481966781487
-0.689528325897642,-0.117077972408129,-1.0892543600555,-2.40704967435441,0.0880550622662938,0.0461390779914857,-0.174695759658976,-0.569737067416465
-0.77202521407435,1.57193532143373,-1.50757753650779,-0.0923682579764404,-0.633236203844032,1.75411523870116,1.86553658512636,-0.067678493968393
-1.54988955306905,2.60625450665861,-1.02470400398143,-0.566023080749647,-0.0893282176058181,0.644562798228458,0.0724912431009731,1.00028653961582
-1.2407297495638,0.832178662967995,1.0150767844447,-3.0691036903304,0.018506190781959,-0.676097335094367,1.24374365142401,0.856921481048071
-0.131730237710964,1.6120055629524,0.447211919859788,-0.561605249015684,1.05483233539648,-0.856522572091766,1.2856165544168,-1.81882037162196
1.39906592697329,-0.518384080200058,0.211726703491873,0.932857931309947,-0.771031649721817,2.12776610573323,-0.221806014394272,-0.262121776986056
0.0882874670741564,-0.573179587224871,1.31155973616884,-0.123599107152084,0.0224017185356862,-0.371169513654321,-0.761864104819141,-0.459925206764464
0.405001803408702,0.94504310262536,-1.27029873307412,0.22129372701411,0.614434582720531,-0.764102772810773,-1.40088511908882,0.620418093183535
0.312624093273217,0.614991254877664,0.102681766493833,0.00664396128609631,-0.635115139365496,-0.71212095366433,0.406739697676773,0.348556355130309
-0.131987780885724,0.0206048491387078,0.371481650464523,1.51459628846163,3.71912657258707,1.08073655784592,-0.865032708020426,-0.971205543098652
0.469731540735388,0.600354989315664,1.31864697879965,0.486192417649516,-0.567372927760719,-0.297737433625625,0.834708921693566,-0.00841555176038646
0.499237601975531,-3.71592695507407,0.198472106416271,0.17767156495527,1.20128422467199,0.82912840485206,-1.30683229125968,-0.412405735369814
-0.671531483996513,-0.330843868935102,1.20978705901592,0.350372513205033,-0.375052749855021,-0.250652844220285,-1.11577930181964,0.837923405452162
-0.226258846853002,-0.425603881798936,1.51159866313951,-0.0354264300097198,0.0634614343994435,-0.557183846322224,-1.13065234935576,0.00100315135619605
-0.161795375285843,0.964272743454213,0.143042777093614,0.355721272025415,-0.329701312588941,0.478523995384294,1.59400423019239,-1.1531755063543
-1.3745363583541,-0.0576665432779306,0.469315433833286,-0.93742549198005,-0.242566037148908,-1.87046623382789,1.23897848511385,-0.944034459548014
-1.18331340670616,0.330466515446111,-0.643098840590515,0.304369295216506,-1.63286988897482,-1.6191625021296,-0.481684248925649,-0.760843225943834
0.818278306597425,0.280170677098891,1.01121715962556,-0.641705709969241,1.20311902558616,0.856929018784851,-0.558383254886897,-0.348671965325424
1.24395043494638,1.00699750404639,-1.34810238816112,-1.14090352187623,0.996593679789669,-1.31171570337004,-0.299828832152554,2.52009122592927
1.58191355284673,-0.0960853256185201,1.02334105675363,0.918734904847767,0.858263010249373,-0.843030670803103,-0.464065448789085,0.0217236677974746
0.62095948178009,-0.267040049861372,0.4722914700671,0.0953329850385142,-1.0133264023818,0.88852391086674,-1.34838408165217,0.801325134176583
-1.45149879542095,0.844696657606818,1.43587478100947,-0.244865226397018,-0.0267457874970914,-1.52310564900452,-0.741850076473841,-0.0303018141013634
1.38203358916523,0.842924530217997,-0.471244395014217,-0.194697349305619,0.743803627472012,-1.53656243890472,-0.261637815254011,0.575596122885681
-0.349698361659816,-1.33526922504419,0.0911548030472777,-1.8801954754677,1.68749428603303,1.09997475424212,-0.487688635002503,0.445401367834349
0.572478435852838,-0.772010555660122,-0.327288007669657,0.907192565494466,0.959298014505566,1.30027271680304,-1.45697134432005,0.213509458282853
2.21984946404159,-1.10835135921045,1.32870563109942,-0.162022231860837,-0.131299612977169,-1.87123729309154,0.0278249463739459,0.120695132445478
-1.29083160165205,1.94347035233974,0.881454413302256,2.0722637234331,0.662911885747414,0.537801797706678,-0.0606076797981788,-1.1529303559282
-1.55620723645156,1.20506098422974,0.591476713684787,-2.28316038049419,0.0736322366625252,1.42018892870224,-0.311450064040066,-0.147804296002995
-0.907705075473708,0.834174660753316,0.317226619138123,0.454203544255703,-0.477645659254421,1.31453114150056,1.87850127234281,-0.433994954245021
1.94773089405941,0.205229723716759,-1.70985265769361,-0.947857889099377,0.133772149004427,-1.87099975483749,1.27605945723831,0.212105489207147
0.00319466807926443,0.2307733754377,0.432026036630682,0.448524761529062,-0.886490434886886,0.365257105886878,0.551401933980245,-0.442928303622882
-0.14632866088464,-0.351105392601613,-1.18185648542132,0.0382548993187877,-0.445732530530803,-0.411033439362791,0.175024425943184,1.34851401730568
0.903307997854649,-0.553569184769385,0.547255841087048,-0.585171593553165,0.585899792896782,-0.822007131750299,0.746320843082447,0.201581779618582
-0.0166559234419666,0.560297817206832,1.81931559622694,0.0429343056006172,1.36585214316372,-0.83159887362761,-0.903250887546287,0.321839093692715
0.113531843595113,-0.320570775773997,1.13812574690644,0.0420419677312381,-1.01415618522352,-0.925508640960555,1.390561147469,-1.40280929198332
0.815094984992291,0.936318324490519,0.120533770323631,0.432963702142661,-0.798125651049341,-0.105067803420551,0.737767236538595,0.697633600551593
1.90254122740406,1.0790364023425,-0.0213284701134753,-0.181154256188711,1.59744889957488,0.233159898287125,0.173118654361317,1.22085357069541
0.328964734187059,1.23227005527695,-0.384410966789862,0.116555629169872,-2.19303463643047,-0.630841071249087,-0.302695552914236,0.0777226679727888
-0.00292047647532364,0.864541394940589,0.0476955928161959,1.17587356280329,0.647363895169895,0.592519606976061,0.505568968256132,-0.572643322084066
-0.815326964920772,-2.37488001137377,1.16023071145436,0.619748034910637,0.0377516418661507,-0.112642974675702,-0.20272602990615,1.36689413057874
-0.470974529242383,0.115577452639984,-1.91788265494497,-1.87586004442807,0.569113626508728,-0.672326976686418,-1.12039240195683,-1.21425560025922
-0.16341171821926,1.44395726276176,-0.364811737625212,-0.859650816269227,0.994695369186919,0.194208391869589,-1.52954836730274,1.10125174013091
-0.00822710516481286,0.286576965134431,2.41712094106314,0.941372644443984,-0.724553006479551,-1.15667067996152,-0.568287905776568,-0.125845550625395
0.396056015887367,0.584103476602271,-0.312499484516573,0.277859123507632,2.20370986547703,0.684357672673067,-0.259854979410697,-0.493752377240451
-2.61140259035599,0.00261827638134044,-0.930139346211158,-1.11082783624545,0.207817399484067,-0.122183086088901,-1.05482976710444,-0.799469013146824
-0.294204975563373,-1.92774275260746,1.37199895882648,1.12660226679184,1.39901379075757,-0.626867501960879,0.833240591879401,0.0969546835546426
1.27921484979055,0.712696541931619,-0.926692719008359,1.24212704410561,-0.886568052052629,0.584801072705416,-0.792510964682879,1.2351264592594
0.776923636450754,-1.29963338250021,-1.28424062257528,0.780020492311314,-0.260385783987193,-1.21008204750625,0.102623662431204,-0.49517365929485
0.328083894980963,1.41268695684294,-0.895048241251207,-1.32346833509097,-1.27507222312084,-0.626850724354402,-1.71748817795752,0.667068390999257
0.0781393776963955,0.0600519192231808,1.29853613494428,1.22887880358809,0.290297818001154,0.351700173834103,-1.89630332847457,1.26258652585005
0.00916323464126452,-0.0337876195916754,0.0870299492280427,-0.799852446873306,-0.203041128207207,-0.45614863450677,0.135604115592221,0.154655946202496
-0.967282900832878,0.661144781136267,-0.590101768796744,2.25539508431245,0.820087994899641,-1.23220263212044,-0.888170806630027,0.603421218817281
-0.229198892722202,1.70198134183855,-0.874498123354446,-0.847808696391664,0.183982635220885,0.997265522855381,0.465260313564743,0.38722647879841
-0.215706946772497,-1.18834327873672,0.978237748487018,-0.299988484964344,0.626282201467448,2.00820063776116,-1.61668326089843,-0.196425430460055
-0.474860868784634,0.979225290880761,-0.268863230776174,0.0173685398508521,-0.250096237753382,0.0878500954694359,-0.481980860887029,-0.712994312829779
1.04502423194088,2.2010536750536,0.308564510533471,0.153317061572338,0.0527886315699463,1.5554193228932,-0.72982070487823,0.869990862882749
0.348385796699218,0.441570821799731,-0.283778662396947,-0.722567079349423,1.64471453695667,0.562808405334252,-0.476264491968591,0.891502863015675
-0.0718415325630652,-0.481852182251207,0.0385616819843499,0.47963941531215,-1.62491235506907,-0.449184866156637,-1.31686230766117,0.906852298490801
-0.133719470991523,1.15701487359787,-0.656023656292743,-0.687223322797101,1.89602329393263,-0.564018213161671,0.108137287966374,-1.42477104143988
-0.266158819291139,-0.315777660491367,1.43572121424773,-0.0214523958818127,1.33301861822926,0.37317128294531,1.36899942394911,-1.25829677670484
-0.0625998943289051,-2.74799496282179,-1.22639838017317,-0.114822349077828,0.268450360517311,-1.18351473536726,-1.05972684772798,0.228360297118808
-2.20583572797633,-0.608474567347717,-0.338083252103397,0.115429226380991,-2.28678193627722,0.362432871028536,-0.759509626188609,0.36624919726877
0.871847493170349,0.131712654444616,-0.249661507462791,0.849282811811212,1.75975423419682,-1.24158531962939,1.50555069094512,0.300025428607042
0.746392138066549,-1.46689095401861,0.443207315401831,-0.131753717540128,-0.536557893913587,2.23805764528462,1.76330030632595,-0.000580885043016441
0.159157435893281,0.570263348229924,0.0703527196569124,-1.32159991048813,-1.13894876159628,0.0912575158377189,0.635171036472768,1.58146724293554
-0.697656772856484,-1.45169942172656,-1.55600826317909,0.273123316497602,0.126229060569011,-0.68269180695908,-0.949734043783256,0.144554248528939
1.55774053501196,-0.878535962851671,-1.71946277968035,-1.16722502484883,-0.401065223204169,-0.530095303823419,-0.541796399423443,1.50494436154554
1.28531870958222,-1.00185031202815,1.22771715587809,-1.61276305977804,1.87363797126298,0.453210031932971,-0.327961061272869,-0.0231938337069878
-1.99013865597181,0.313535959020023,-0.831203441625683,0.462538327735896,-0.978476625534845,-0.0376436028751097,-0.621722720490507,-1.14487589447957
-0.175240047936473,0.521640078642662,-1.24168967536596,1.11741577363898,-0.29645620021122,0.2472477763862,-0.961723128162589,-0.11189668166747
0.226434718818776,-0.759017208894845,0.259033924761959,1.62793206555661,-1.36776817351033,-0.293754020205889,1.72379911914157,-1.25485430765824
0.296636055314486,-0.358657981326758,-0.621384775588116,-0.59550586715782,-0.611101679991599,-0.277750975571801,-0.40808037214846,1.34300954415419
-1.20006301594933,0.462646860864704,0.360934681507847,0.0579334701083239,0.768302997451586,1.25328832432395,0.637609963725225,-1.62426838276193
-1.13523270604534,0.323511825000332,1.18507064603046,0.745785211996407,-0.908475547499191,0.0522932479130389,-1.24614630354655,0.844074921697087
0.854081797506483,1.2175491011388,-0.936259951770867,2.61745814627568,1.35462762363738,0.481770853108007,2.50250261660081,0.202525385908102
0.306512709125664,-1.69707562798918,0.885097866956589,0.921173999128979,-1.22233669783664,-1.39479379142525,0.446063085439019,1.66285868651186
0.811309564810848,1.18332379598803,0.461221239008724,-2.01314415168613,1.18633305788881,0.536223849064925,0.428895764075089,0.164753298308796
-0.0686934572213611,-0.0268703487968995,-0.235380142724909,1.33206689770391,-0.798984006397906,-1.12332167943406,0.957711602237547,1.28025193911543
0.146672920433788,-0.840456153885101,0.943225527261641,0.209997556699034,-1.06702059788164,-0.382452076199201,-0.929453596180752,-1.61553535616906
2.42671711297862,-0.280255817327014,0.55586635226391,1.4845871676737,-1.26222279987633,0.115132620997279,-0.0346598053598621,0.461900554663504
-0.87083352963276,0.837566269965584,-0.715906794786552,0.156599626569396,1.33119073509604,-0.471185738511484,0.633137205634296,0.109073579618798
-0.639531275824951,1.61122478053571,1.62741218287906,1.74743406880325,-1.62239271246172,1.07782103665086,-0.555670462993417,1.35773719763541
-0.894370279967695,1.13080337938508,0.34129416906968,-0.0226717103187964,0.136476627616491,-0.708805628050762,-2.14853297332194,1.55587841474016
-1.07400286574603,-0.619974991780082,1.81320575972602,1.2113668448393,-0.522538594370098,0.354486720696681,0.620414452033148,1.01440679176041
0.728913753409239,0.635747326177847,1.92984710506309,0.665661679491249,-0.111319530679016,-0.236091835424899,-0.796912361670877,0.561377901662508
-0.0309620521541759,-1.4321665318397,0.816086267054808,2.37873542692433,-2.06938040235965,1.30145575985283,0.523342586704524,-0.218231220064587
-1.55792518188166,0.000168214192718227,-0.290659709007233,-0.503926266704234,0.277642805882375,0.780075597847491,0.54256662509673,-0.963599721875553
0.532381237665167,-1.41382438363027,0.0869554337158599,-0.0995326490201834,-0.899358251044206,-0.0930479245728019,-0.642762358131076,0.145229218973439
-1.00478827882133,-1.2768775959841,-0.128563193324211,-2.29726799663994,-1.3457235105647,-1.30014748364208,0.372104855159409,-1.53324765780626
-0.42569431822803,0.746644971278847,0.914463673192653,1.61634099804136,-2.03363973260359,-0.433382438190655,0.581568459353365,-0.780484864780053
-0.0516595194855337,-0.180894583590299,-0.687432894376933,-0.174806026353271,0.592363821370612,-1.26676664749838,0.245799007291131,-1.69081002526205
-0.692685423014282,-1.99277662719468,-2.48619090534246,2.30609779306415,0.146140754120257,-0.115756398379168,-1.4630922721002,-0.904486686659745
1.83623379052169,0.0198096471438396,-0.881919494744507,-0.634339209764882,0.174071313666683,1.76418538018165,2.42912786723829,0.435212664335172
-2.63642671656664,1.05998618414381,-0.189575525980393,1.31637240079536,1.25627634642734,-0.359384734623065,-1.30601864878674,0.906302259015759
0.375292390698254,0.619076289435897,0.586563280157202,0.252950298534802,-0.571844813259787,0.692328654262096,-0.965762000236059,-0.495088341615883
-0.926006489782868,0.282105742758673,0.6677789678355,1.60031004148611,-0.414975439256565,0.747396397019483,-0.427762418011557,0.145735931937695
0.614468939391091,0.354557572703686,-0.703130246755089,0.057854178284059,-1.22461049422515,0.533001258242812,-1.41709386971831,0.431774140618868
1.21398141503191,0.882550074561756,-0.728115035594942,1.1906026258733,-1.7658870227796,-1.51418168405694,-1.64600171543922,0.93077246757066
1.31858058165194,0.792731132992201,1.17701371952537,0.966379876014967,-0.230315023605926,0.567106283310074,-0.42984808064068,0.338085419574011
1.63886662604073,1.96895189144238,0.706308725195908,0.620927012306638,-0.912685083290537,0.347421128196576,-1.66570803825829,0.0520451727071979
0.614423949726508,-1.2705996500036,-0.398159428454166,1.19259895323537,-0.429196665227827,-0.121613923202862,-0.190956959806227,-0.481399395373948
1.11297247550722,-3.03250527560046,-0.242734949392334,-0.500908516561123,-1.09326977668855,-1.01340221951778,-0.170135688933008,-1.74988112971468
-1.33346374254408,-0.715600149726493,-0.189213328855261,-0.238228154191926,0.864883980452805,0.81914551965976,-0.766119859809251,-0.650151952730778
-2.75112833919622,0.734023634705655,-0.249784935438723,-1.05347151258314,0.64086416157565,-0.993459869524043,0.266884866364358,0.794230783941464
1.05929339477734,2.51297181419645,-1.422483065715,1.05476645194791,0.211358563577531,0.238690637458327,0.463587179189569,-0.504504357885619
-0.682572603661776,-1.10200015131781,0.00698074848321295,-0.0901028256758179,-0.909965349365316,-1.11237332811614,0.520611437457456,-0.492764067152856
0.199414434749598,0.0410474058750028,-0.325662166180643,-0.907182914163383,1.50134867877421,-0.404774536365125,-0.564180291255773,-0.190291983150581
-0.775531721820456,-1.64351729142799,-0.704204611762722,-1.12806009952379,-1.14279718286889,-2.38799931526599,-1.28967247635976,-1.40320010863376
0.822817029715007,0.892984726955909,0.991208505785931,-0.598680473719523,-1.90641052751812,-0.663904164845829,0.340470480547364,0.567189514884596
0.58594683464829,0.878060026981484,1.10396391792575,1.00956758267817,0.924529316826266,1.42089504070522,-0.293401663423733,-1.68328921663626
-1.12859053085663,0.858116782344956,0.460685681716352,0.413189919475117,0.876061363939613,1.04229687646276,-0.494110483452871,0.833228507275072
-0.188409616621254,0.177548061840848,-0.519238978979495,0.695047694367027,-0.982454522225284,-0.629992043129253,-1.16576183527239,0.133915823258656
0.362272788931489,-1.98188995260433,0.219929000533247,0.604026259083115,0.677943954158465,2.36263872219956,-0.52554027586757,0.0601230003438308
0.777646069051138,2.41181883055891,1.79185612123913,1.75481227464818,-0.289890001713811,-1.17355785773895,-1.07002982764923,0.944015058801276
-0.500575089619405,-0.786628236927583,-0.203491021677279,0.285477317863195,0.678154191096922,0.34659269921014,-1.70169599144338,1.03909005163376
0.7550453882275,1.30669007918327,-1.63390038464911,-0.930070536632559,0.725320150079732,0.55716007061972,-2.23231132826105,-0.205026237872568
0.484283169959022,1.37654063752469,-1.43891231296852,-0.686958490336821,1.18049747997999,-1.58996414869868,-0.194888957481248,0.0594919819604892
-2.67096083018297,0.0975788154192592,1.07413251303456,-0.308820063523672,-0.155558702126056,0.611302218974637,0.327675448699416,-0.00503223249217074
-1.4895332745695,0.29619186272105,1.74604561383852,-1.09036453758375,-0.0164778826078499,1.22642292290052,0.207916778466622,-0.189537995299494
-1.1351372508912,-1.94551781205021,-1.62953842306543,-1.64746491226003,-0.206440760497002,1.41012998018929,-0.251830729096141,-1.8007817434122
-0.168571835268986,-0.598250536944718,-0.65432870792678,1.11065985961744,-0.00507644499687595,2.14582827450321,-0.0294696241323667,-2.81878105992125
1.90973685696262,-0.749562486612346,0.760624366443564,0.725912398514872,-0.757891014675139,-0.409841077060847,0.078269768893134,-0.459963868657407
-0.76296433975102,-0.262447318820164,-0.79653882937042,0.923029746431224,0.98225707610992,0.696464601532784,1.77632116616971,-1.38031306666706
-0.541542887558457,-1.22989231995822,0.864394788505265,-0.222089649620584,0.477325813306149,0.671918078502258,1.20162596191353,-2.20768405138827
-0.836333686485708,-0.63156669764848,1.13910807408324,-1.57820226644371,-1.85976041766016,0.820674560366608,-0.562203912950076,-1.58664619923733
-0.933992618004173,0.483263831626125,-0.999528325587446,-0.43809765862962,1.47973607390462,-0.939255630823029,0.355646944028495,0.725643092205703
-0.799514867337768,0.270002700070396,0.130474872169104,-0.717585855105301,-0.580663719844695,2.06566018148949,0.851938338180421,1.06523174319173
-0.637812030521347,0.440794970046363,-0.855050722432014,0.750257217833726,-0.148034917408959,-0.123975520918581,0.45254338591458,0.126703741427029
-0.924112547302679,-2.12337015395536,0.710196007599573,0.182556966583458,-2.13559863322547,-1.49786927367111,0.41069981680601,0.117453432124089
-1.40403562613975,0.360379184633092,-0.142600702656743,-0.664412754026875,0.0619925257201153,-0.17200357024369,-0.773419625894773,1.51169932236155
0.615947238552783,-0.803746037471524,1.21190869286093,-0.207134399423644,-1.05311258948564,0.548242719630656,0.570926292116917,0.892268143322885
0.644649516554839,0.760235732220896,0.382951597899634,-1.72132411322032,0.246015563072457,-1.19893229365344,-1.57436125347983,0.29779801535631
-0.628209380852519,1.33956636445969,1.54180941558024,0.477397631017565,0.627143477681346,2.00965940489641,0.13198410376227,-0.506797350670042
0.116108157220689,0.657827301945014,0.488180985423968,0.134948585261374,-0.35408977166982,-0.929599852775896,0.764988992911579,0.0260206605093975
1.03627420750665,1.30164482065279,0.125303976147982,0.745736226494638,-0.92702621971368,-3.57351710832292,0.787489012327935,1.0000994752302
-0.132015932255638,-0.11977293383246,0.348803636828755,1.09682740494879,1.89734564317706,-0.0899761453377271,0.090422630012636,0.460295746302298
0.10207490361232,-0.335023747241537,-0.0297757606895338,2.84104319074099,0.629685575834286,0.680923388499665,-0.922814840209312,0.753087023813902
-0.804084541076202,-0.815996059476927,0.239434647585277,1.91246748718223,-0.910467194080346,1.01349637056344,-0.287248122743859,0.203529142313466
1.24295396414591,-0.107521846688636,0.453169541035981,-0.65822718162088,-0.424954755852728,-0.00910522348471467,-0.367847340593889,1.28558628624303
-1.21708152020146,-1.12919470970066,0.283588581882285,-0.739248724856298,-0.646967351467031,0.560053416450838,1.10569815166501,0.183259539216678
1.68194319851466,0.60593566045942,-1.06617203058072,-0.57182482523498,-0.983058462411251,-1.47854111008637,-0.143163959141117,-0.401901854594369
-1.69150888209577,-0.154599524620966,-0.663981426319099,-1.46547401071895,-0.285854136451545,0.952096836670342,-1.14793266765569,-0.855787545193996
-0.00251456674946054,0.221062108513332,-0.859754823981062,-1.76795133167066,0.0354223629942449,0.707116035680673,2.3986795017112,-0.0373412590348886
-1.0209872184913,1.36941523595122,-1.91801411932154,0.104240799332518,1.08660814347146,1.13934734486139,-0.594063829959282,1.09472167002974
0.995578339677787,2.23219537591663,-0.92199809543975,-0.187773164121862,2.57797644785786,0.979187411952049,2.36755891097371,1.07663475661654
-0.623003345935965,-0.60134457050291,0.255938214780896,-1.17784899446488,0.041292450812895,0.376236300050678,0.407799167696902,-1.14000979804805
0.800588155697081,0.560144354386071,-0.467160817599689,-1.47386734250729,-0.551565574784255,-0.562983933099005,1.01147239819539,-2.1245377231176
-0.328705373685709,-0.357530165681202,0.321911289248325,-0.0451697604214011,-0.309546184835916,0.474398492151819,0.250392232098109,-0.460780850970378
-0.379871284904158,-1.29533302796419,1.44555076489546,-0.810510332829886,2.22482304824861,-0.0450625680938509,-0.223734687494173,1.53726954732128
1.28659126181746,-1.98693557298797,-0.572623067011597,-0.7969187996803,1.65174582449695,1.43778797071469,0.726264607220192,0.676663201328773
-3.42143742714207,0.293120807572297,-0.50111580282863,-0.512021427636758,-0.735901032318232,1.77138550145983,0.0324571368257041,0.38709653661144
-0.20977761712052,-0.305209411013521,-1.38037322157851,-0.69310593947249,0.592653964696873,0.736175421250015,-1.1055868185776,-1.52639461786997
0.995045895363408,0.0306947614990065,-1.09939902741269,0.186221327695411,0.585566245789121,-0.576376892218993,0.954922122738853,0.800332094338144
-0.0834726918770592,-0.44077282558721,0.989174468453381,0.915173163511304,0.24064939802169,0.807737294891566,0.65682802529,0.588760858085193
-0.503903607822024,-0.778000468073857,-1.30510185472336,-0.702001505145017,1.14734477264906,0.318648658129987,-2.22354174939644,0.0113738816008311
0.328266652103293,-0.255999802623225,0.680621971014484,-1.18047482628562,1.42996752224419,0.552211544261036,-0.150140137987119,0.295570437830643
0.291414787127152,-0.216874364290544,-0.122417539258045,0.677305057484788,0.0625229850013103,-0.160089973934908,-1.63516278274947,0.272073324279185
-0.385563322480561,-1.04914473664275,0.115404700302992,-0.577595887798348,-0.723439103587286,-2.71331849140649,-1.15738210733614,0.646519008941299
0.579304521490202,-0.588670763326309,1.9094450764472,1.89292138213455,0.551882887577419,0.68643509627608,-0.194399195654122,1.89811504910193
-0.54618376140735,-0.88084869586343,1.07682904329631,1.24267123417248,0.340865820310286,0.366587726977828,-0.0389497124199611,-0.531051790392999
-0.300884584818243,1.70481920216848,-0.396334564581485,0.28987752848922,-0.998221385267358,-0.619049979527847,0.230127582446955,-0.51737261839574
0.0554184206486272,1.74021641260997,-0.776177572266804,0.502783979821964,0.513745085050491,0.615956029024223,-1.36917968238256,0.732986025020524
-0.066004081061425,-0.154561429223921,-0.985274527022325,-0.686394252464942,0.979198682994361,0.987205222957681,0.0409015235638565,-1.01738726696149
0.00377244931852365,-0.402629116550948,-1.97127117257434,-0.369997816357796,0.527889799038102,-0.91875822530335,1.89152313401223,1.30086926536539
0.17209695998395,0.679214424928443,-1.47777599167331,0.703529011100883,-0.474633172488152,-1.46917548498895,-0.50428945646612,-0.770476064394686
1.18264840391442,0.021329373081224,2.08356738333145,0.198893216589426,0.357853083280174,0.267067130075094,1.35540115318355,0.10380737307531
0.151491079144342,-2.85653578082965,-1.76454532634212,0.803019230012335,-1.12538703206236,-0.535990116141307,-1.29881725174047,-1.1890738800378
1.01178574837769,-0.497144404568075,-0.676837975272436,-1.18326483685717,-1.11047435566913,-0.346675474256821,-0.591144419963917,-0.73959237124717
3.49379380847662,-1.26691669760118,-0.450197433277182,-0.843776397297742,-0.0695422301928398,-0.878397009047763,-0.609581972863302,0.513721254406138
-0.324470626007936,-1.26437710381935,1.40910992728951,-1.12023931098824,0.381752791061437,0.13767941555986,-0.605390018847926,-0.667625275694706
-0.118970772373468,1.8174296494903,-1.38887175058466,0.846727646996087,0.0651668018674986,-1.32168015431594,1.94413034368079,1.06862651963983
-0.345995576301673,0.237783769435308,-0.575440407520708,-0.563326773533732,0.576695862299783,1.96533896355158,0.534311982461612,0.13543912652627
1.02883462601995,-0.402792729285944,0.173399028129648,-0.57979150760002,-0.448353070596086,-0.676215854768772,-2.2910752450636,1.64164318379107
-1.39708928093527,-1.47146212103793,1.13563732154652,0.0563569821386234,1.15473076682744,-0.728255410292059,0.490183913662883,0.684942495449324
1.18870263029231,-0.326904223134939,-1.29539258733268,1.28956538027181,0.00711777890267859,-1.05141845165537,0.423483117087027,-0.163899813412229
0.786473551559695,-1.14830894099565,-1.18057020357964,-0.61800500616326,-0.838848470713135,-1.07807647360549,0.244877265129398,0.0682937695874708
0.176958269023827,-1.2342679418668,-0.596264804271045,0.939291785040741,2.29238021942943,-2.07310226691053,-0.374797917514089,-0.491749033036588
-0.567567235175135,-0.0517207399020377,-0.623982760625341,0.693127849664206,2.74759888885956,0.44657647452068,0.324273323075842,0.417457151677825
1.5595080153317,-0.124503758858671,-0.633399848272404,-0.751716718701469,-0.270649130448467,1.39986008689098,1.38355511028267,1.73612039012304
-0.870441186490054,1.70179524201054,-1.12410401475392,0.966524637519142,-0.514217686709506,-0.112497587382037,-0.0388642446456285,-0.604030863332494
1.04153695310957,0.439963934517027,0.18705808037244,1.11685132181743,0.181249250536135,-1.23898248847872,-0.567760672998837,1.48732075159981
-0.58194430671913,-0.250383476871259,-0.564911455934285,1.12763852951024,0.478963515366614,0.890776747573737,0.107372655548365,-0.860749356737954
1.50001069065154,0.585722387846092,0.500196009354732,0.141344054207932,-0.145751190103354,1.15127061578754,0.236581097150812,0.1390136240749
-0.641935404900859,1.79665690077731,0.608583643582251,-1.35330582330413,0.830560323838379,0.913075607912926,-1.47318526067201,-0.653094689954293
-0.23148380531224,0.451487741833522,1.34051109052327,0.172168768155049,-1.77266028398286,1.42528798778656,0.0493490743472024,1.71131759589994
0.0933256095149073,1.14353405440712,-0.902273940143809,-0.546940662192475,0.233670706426957,-1.40447552576725,1.81307924834736,0.898313486075202
0.854509062859422,-1.1341829917859,-1.79166285427501,0.130176037585438,0.73161793719667,-0.790461065951495,1.14981292170017,-0.59186942315467
0.399377465474582,-0.198451757506926,0.38239148162836,-0.143359558925518,-0.628470200630557,1.48813179907837,1.58399083177615,0.148010165261802
-0.869368767718917,-0.62993085197928,-0.226798434325556,-0.0562746355537509,1.62966524795176,-0.029047038465304,-2.25123964114196,-0.161667810056676
-1.53762697779189,-0.225581328446636,-2.58179325205313,1.17456299989744,-1.7585208903789,-0.374856067005966,0.826471234419899,0.306984523515007
-0.694629577586359,-0.40402485422433,-1.68128997905142,2.13102818199404,-1.05023701971509,0.131313849496486,0.113537893537165,0.0785933314563731
1.20321367296378,1.71420659200901,-0.889952660417775,0.276519541332277,0.93982477118827,2.13555607314328,0.693408855709326,-0.682681833643975
-2.68293369259798,0.911380219238659,-0.289819713596355,0.964586093742947,0.741913732986767,-2.46197319432648,0.0526389199065527,0.0513045233864105
1.59818978778586,-0.645069487998422,0.743801420358558,1.84262892963112,-0.283932462662379,0.418010023767585,2.23606383944775,-0.471651248666014
1.0014501670127,-1.44881896341574,-1.78017251150722,0.198600426676325,-0.332216729076276,-0.168467467623993,0.922817807668971,0.399905959095509
1.28745429162866,-0.617735436038574,-1.23875870400374,0.986004626295731,1.09772488135077,-0.371662523954952,-0.215488798715889,1.19769447191836
0.118792808309687,0.985367586753227,1.59173360544468,2.00666873771506,0.00126464358400699,0.826863474788451,-0.755607789614447,-0.654204813424578
1.08787092994035,-0.32635014322365,0.794626118980251,1.30635662397461,0.036936754607591,0.832323692968937,-0.923071698626602,-0.666294589277683
1.21558478648061,0.144146822531473,-0.710298452269542,1.99467366503374,-0.764016314485209,1.13190154893439,-0.66122603640809,-1.87694006315812
-0.487536340353265,0.518041901062363,0.188078173678342,-0.795052050585465,-0.263600894073196,-0.364679875562258,0.171906951555586,1.18300596340389
-1.13678795544764,0.826647014907136,-0.631812081937822,0.0535749973201564,0.416482652587981,2.17865976255361,0.251358621311366,-0.441423500772546
-2.02704585403249,0.648826370123341,-0.513863182634579,-0.609578783671156,0.99711399980241,2.60870116286661,1.34452408281922,-0.392717807017971
-0.00319877303511525,-1.97789149342804,-0.51996748605545,-2.22733442012445,-1.03185861168358,-0.647153348466347,0.292306596133951,1.35996497014269
-1.5174483721648,1.20034888038792,1.24980218312147,0.966961076916473,-0.24936420358584,0.432724352433137,0.315970178500372,-0.642643356876384
0.592774227027326,0.431698204898981,0.571059188451422,-0.374649883875853,0.580394713348036,-0.728105854947357,-0.997013637923253,-1.11505498514191
0.585251734506964,0.289666196044293,0.123113562196524,0.809744245826065,0.185681775519946,-0.118732533966119,-1.88372339225704,0.780505478007735
2.15052073359899,0.381518413443391,0.722692940542413,1.70937786957747,1.28572712586463,-0.532733490266075,0.691121082319086,0.826783340450906
-0.640495429303224,-0.868636357372644,0.601508605551382,-0.431731826055494,-0.598859337425831,1.94390082254256,1.76966217185233,-0.332566222922648
2.62678172349194,0.762794686596301,1.47073967483055,-0.774322606936805,0.0941387233552712,-0.276656086893485,1.57285389072344,-1.3044309648719
0.657055374659329,0.980147545687439,-1.49437128293408,-0.706025375596917,-0.579174844475404,0.333604084491574,0.312011318699177,0.735701180336285
-0.616232189721106,1.16986434627763,0.274695710292834,-2.16943659806458,1.294491271351,-0.730118468768272,-1.34688156127608,0.9159545678139
0.88932653099584,-0.328468701873544,-0.265706594481893,1.35611455682301,-1.18536943915553,-0.467243997336402,-0.166635670183593,-0.806975921926519
1.35761944335201,1.42848450203139,1.18236233072603,-0.960727742982428,0.777316084571148,-0.239372183751059,-1.18791117574,1.66749393091832
-0.539653227865341,-0.228804470310744,1.48137084312536,-0.252072501062113,0.992458967859574,-1.27352405349305,-1.57165006926152,0.110800286187373
0.216600041350111,-0.0949237718105138,1.26691482562997,-0.294480447905787,-2.02519530117714,-0.299109531843883,0.711178325188802,-0.646135244022922
0.321936643056637,0.775325973362134,0.490080943860678,-0.221283791368962,0.165358348184664,0.998609102455553,0.0586038112899042,-0.983416185683895
-0.386629598860527,-1.62420994628013,-0.749235085922157,0.247756116779383,-0.697864147711235,-0.372738894248674,-0.522078925712006,0.849297762337358
1.11528435822412,-0.000446801091930923,-0.785066431845631,-2.14407802899859,-1.16920817320202,-1.44906901970247,0.147937572231179,-0.141033153958062
0.48087735435346,0.517813701696323,-0.931580475935546,-0.218617439115146,0.313381748730112,-0.107297282157769,0.701847414211012,-0.111260841352745
-0.320191855360636,-0.258945970492887,-0.932914783493445,-1.63704815313777,-0.104843810546389,-0.660544920837799,-0.0492351230739769,0.642873670246941
-1.45426527944284,0.00961301757043353,0.356979994367219,-0.634651884943176,-0.293048421690192,-1.15163957797531,0.381061808658235,-0.692378200754576
0.0844011467414932,-1.03363167331761,-1.20906052613886,-0.0113702225381865,0.635177959479459,-0.294780282270769,0.0951506001505361,-0.218845761116577
0.674628200830303,0.637827290956051,1.0810977807428,0.140840900219729,-0.00028446585135482,-0.719335979585101,0.274020722706327,-0.0430330988968433
-0.804185698789186,2.41320480183379,1.68641801129413,0.164097251711337,0.547343375773342,-0.108474805788509,2.70175893048551,1.12161228703487
0.0256537432384271,2.02460957757147,1.12134280905348,-0.429861518867474,-2.00678961197136,0.174579748627187,0.324794096903303,1.11743264657953
-1.15829365307443,2.39001672962821,0.159527527934559,0.0751785041544319,1.38520371615971,0.68056378815514,-2.60802461845044,1.14471655572297
1.7317393371244,-1.6209775327955,-0.571022891038215,-0.956024194291986,-0.291588770480143,1.4386982018907,0.111337859434924,-0.462450769825291
0.180484169773831,0.420111386029359,-0.258394456052098,-1.01817979337841,0.239823581273875,-0.232702998042765,1.33901616918401,-3.13923338075008
-0.0946766989515732,0.897563395665041,-0.306197136637083,-0.49249370140167,0.464742609150603,2.16551311687416,-0.924990848226605,0.265296284500912
1.59410206757993,0.0633000725369221,0.348595627454354,0.260479669797572,-0.33722572077736,-0.351016285966104,1.02756665637164,-0.16594626598589
0.5018635927923,-0.232996016358293,0.470260523351545,0.444167361235807,-0.85379513989039,-1.3097258280603,-0.481440221197799,-1.09957198409037
1.46377398088754,0.0359134825854171,-1.52724830855016,0.627656760956301,0.901967217299076,-0.869186857623583,0.187932967830767,1.54106421193851
0.0544613150687912,-0.337105976218008,-0.601343898453571,0.330704302354456,1.02590305019606,0.888012309908854,-0.7414738658293,0.973967954291481
1.58193303216416,-1.2912226627897,-1.31882991886315,-0.19553078101104,0.775593170983654,0.299287800044804,1.8542611099555,-0.324500927033458
0.455119907615041,-0.500933492137252,1.22521431113919,-0.753490931032345,0.17833579085991,0.629386999430449,0.166239001995337,-0.0769062291307901
-0.562820419619039,2.07299506202519,1.57606406812845,1.74398440235263,-1.21259455572196,1.16747181080864,1.2140838551928,0.0908373057769336
0.545283943314788,0.858835062277293,-0.284065931411571,0.344164797890939,-1.69622279569628,-0.57724897734186,0.570331643456222,0.244606664128703
0.378858138770318,-0.210452136583074,0.390001166648856,0.593418692555436,-0.073036052344962,1.58291899011742,-0.708633501166331,1.37947142632395
-0.262125686723168,0.564385964713701,-1.6034985938891,0.0927060349983965,-1.00107174996614,0.946159266908703,1.59437134722296,0.641329729663248
-0.175743058568043,0.108972877978708,-0.125349321326949,1.23881092123643,0.700670004833606,-0.0917981934379854,-0.642996192743042,2.21112619841972
-0.740702539963801,-0.234223551263424,1.09939431649675,-0.335166326340317,-1.10314410012173,-0.374698243971198,0.146124594687869,0.760522944856372
0.282191139427668,-0.765839596236963,-0.537742814536966,-0.38587142085412,-1.01557712281558,-0.132050013342059,1.08820049926524,0.443729883865584
0.374790937157768,0.0297810396110176,0.945953693360071,0.128846876631768,0.708887631319218,-0.779984211955232,-0.5698135058252,-0.583386973353928
-1.28014422755794,0.707163512957028,0.0594468954589084,-0.0540076222255953,0.0886175556342485,-0.732541647011953,1.33997293194964,-0.468488849342886
-0.241213735187494,-0.785331229200484,1.95422467648607,2.47425473987537,-1.23203125619732,1.53501076810282,-0.193344884271175,-0.571586312564953
0.999903076871113,-0.985289296153936,-0.869742285137488,-0.771700980828274,0.965838453779563,0.0454229553778587,1.70966287807482,1.15089758704988
0.904684590886905,-0.108214550730409,-1.18105476330706,-0.598053193163214,-0.784482350847156,0.727914881437788,0.553662104639366,-0.278108222149662
-0.131006368769471,-1.17342284319128,-1.06245020298939,2.03963383886886,0.781534884861268,1.32487395969839,-1.04249410957161,-1.67361040005317
0.556840033534033,-1.44127445660181,-1.87822747909297,0.966779979322356,-0.438800338404007,1.24355846480023,-0.274227753406709,0.202244417682081
0.0563353014598422,-1.25791034530722,-0.37949236359704,1.36893055225577,-1.00888767860398,-0.0368603264056427,0.617644195346927,-1.12266164129307
0.887414180939929,0.590373129136067,0.791277099896906,0.293321358735884,-0.838933821475735,-1.2519373004859,-1.80055889958259,0.97994719548698
1.31469837141347,0.267819348736929,0.153934944842212,1.43981945097942,0.752768518240233,0.637877438743363,1.58595604065393,-1.16638089829697
-0.719803794043992,0.313520319574148,-1.29236517269576,1.12843682995698,-1.7650935554222,-1.06817263311969,1.26645421347372,-0.39845639070994
1.95038982878865,1.64834860517645,0.00371205136761621,0.590659051938059,0.0704038854969644,0.496570988150368,0.173036461879404,-0.161638323156205
-1.7727804868274,-0.127050566005898,-0.190712268680098,1.20241707137476,-0.56864850440591,-2.02603628083609,-1.46162719674157,1.6819216121357
2.59689443821893,0.521438973326492,0.717983665616773,0.298191371617295,0.43862931278074,1.83384531237745,1.398892790146,0.377255433877957
-0.568844453959323,0.0109992058372078,0.0474887612145402,-0.0409862247795629,-0.258691116319985,1.35083045943505,-0.0401959419047893,0.66640008649619
1.89403987946743,2.11645839471297,1.18973064673757,-1.4213939893481,0.194625689358311,1.51897270407382,-0.294809593407898,-0.97111123863163
0.755444636260933,0.361493022496838,-0.865630233192223,0.836809664422979,-1.93995911674043,1.59972156883363,-1.355314660359,0.802799055231948
-1.24088598841428,0.274480267158485,0.849259510309164,0.194595168753669,0.186483973030824,-1.46496240127243,-0.52752942422751,-0.26783301859016
