"V1","V2","V3","V4","V5","V6","V7","V8"
-0.0833261379217098,1.23988947089652,-0.553485825422695,-0.236196928314626,0.192569370715645,0.519623410793898,-0.609422411225593,-0.53304031985283
-0.772081323428411,-1.95384025051791,0.364020626841285,1.75005796081361,-0.784190242169718,1.9244072838497,1.3004963825512,-0.661994016991485
-1.83086694243341,0.387599195030466,0.588202917713676,-0.26874279062034,0.337378792590136,0.785099907986062,0.723128094042564,-0.308646038112461
0.509024586618827,0.354332403219464,0.527328588711781,0.252191145990649,-0.0352370987991483,-0.0284777352922806,-0.137048261860363,1.81870077744485
0.0331620926492911,0.405702717463789,0.168962363248694,-0.530922819209611,-1.12335978980561,-0.0980723440699742,-1.01781514445706,0.952133865889885
-0.66728434300752,-1.37872245176237,-0.211353272897595,-1.71205441114188,-0.678687573284565,-0.568455356226118,0.998133933563287,0.771737723433137
1.88451661088123,1.63294962649577,-1.50654811929079,-0.622808561026648,1.75482357597931,-0.74220243917709,-1.87646402354592,-0.536915145640291
0.0867137975597359,1.91123305611682,0.375615226992027,1.95651967094468,0.174031022969651,-0.17862403554661,-0.742986957694991,-0.421702319950997
0.183036757070446,-0.712651789070706,0.407770446421267,1.29369692707663,-0.264017578616837,-0.398064347268184,-0.60528942231645,-0.168232126915671
-1.23953842043681,0.0581821010116558,0.3498436100539,1.70872713798735,0.876293996986068,1.90056447476039,0.0452987825570578,0.848657787536676
0.948108259891791,-0.403285775783425,-1.18413524183758,0.89583000884637,0.511602954222994,1.82205587135615,-0.397807887672761,-0.570741968353621
-1.09841882046434,-0.169667042671957,-0.223404526554044,-1.40314531722973,0.974944885884293,-0.915472992197585,0.270451042133266,0.6928601672794
-0.899941463251411,-0.308568691534197,-1.17405476098326,0.0614619507356732,-1.71680573758002,-2.58228519139397,0.809026948326303,-0.940630209339408
-0.357729423457025,1.06607644090519,-0.779503643578081,0.105060330075687,0.58805051928176,-0.737171912450684,0.229292434364605,-1.36390977230183
1.59980792911114,1.35431096497553,0.365651235017406,0.207007203986397,0.132599299874738,-0.550687763675854,-0.774768332498122,0.298206762300764
-0.378584370436089,-0.684826549731255,-1.80115597820115,1.15352995761858,0.692656902114,1.0928250579415,-1.34555982397869,2.10295891482735
0.540313346550429,1.23189367952682,0.39257148924924,-2.61812950563295,2.39957141570129,-0.406238150304526,-1.25489018180174,-0.74552321611368
-0.995453627293691,0.226026511386934,-1.79037031402962,-0.685955028092931,-0.0939729778831184,-0.870787130084782,-1.65991259644356,0.478918941335004
0.431161675461852,-0.413559084630661,-0.263713226629611,-0.367370134220804,-3.34233228225368,1.01534626389561,0.137167009503486,-1.51569818723853
1.22207275107884,0.0550232531006497,-0.364801671001285,0.307231115648693,-1.42237822588836,0.667426035642195,-1.78491716775435,-0.24656960400101
0.459597957973455,0.564490437843311,-1.57151177427377,0.207996546259312,0.209762254230299,-0.291446594811662,-1.34775465552943,-1.36718966297046
-0.0378316478076221,0.030920875851451,0.950322155928835,-2.76056627804488,2.03955832607776,-0.107125672189491,0.258690946161297,-1.32490261254424
0.898183302316199,2.56756289974295,-0.692061624617261,0.619987781606218,0.235757114538952,-0.63089283505587,1.88884958942144,0.967255557443749
-0.456286522687257,0.271264854854696,0.621271148,-0.275603992324302,-0.295025608738441,-0.264474282451516,-1.22645876232511,0.8518383170316
-0.36589883976354,-1.43707105323626,-0.118894462775658,0.304949638090217,1.0132490071383,0.844936226131877,-2.23917565402552,-2.2562084572957
-0.773936311397208,-0.51946170093227,0.936257396520555,-1.42415411288567,-2.41117149176656,-0.759646371181233,-1.99028951888688,1.56017184619298
0.318038827793191,-0.358891669981192,1.42868879688488,-1.35366326635362,-0.280271211301625,1.28675384535931,-1.12882278446396,-0.297529952146008
-0.169726699206416,-0.645083815714737,-0.198711248996857,0.313195543037335,2.48494766470954,0.748675541410162,0.669088470905528,0.0146538512446715
0.0554895658624516,-0.906297349603533,0.859561514569374,-0.0613869770200078,-0.62185297230575,-0.959242785146943,0.941319762242628,0.706146222235212
1.9535309555188,0.0523820534171283,2.01243423341534,0.214215027461358,0.661600661161781,0.815646319376365,0.0995886093508861,-1.85441047263349
-0.640512865801834,1.05741541038357,1.01434255329257,-1.08816901144026,-1.58569560303307,0.508620285887467,-0.556798120327221,0.53908817404917
-1.02404421467676,-2.66571740009082,0.457936224242173,-1.99338194431115,-1.00039870716641,-1.43257195051948,0.614246359283273,0.930586351267663
-1.73172516887661,0.55664579574143,0.482554658918121,-0.588410378532978,-1.52623329472627,0.173995792058819,0.152952633550792,0.209953328673533
-1.96145326869795,0.925553747665922,-0.55890357334546,-0.637245891125361,0.237981522083465,0.393744879769209,-0.563756953672093,-0.593042977342084
-1.58146959624448,0.67766307184424,-1.03710069150588,-0.815552807417404,0.171219157098972,-1.56432850235928,0.241664126355356,1.70939819617612
1.94704419169289,-0.772164455210594,-0.78629526795741,-0.694470246859701,0.805287167879748,0.567175308620338,-0.792549147238429,0.130170531637612
0.85074067066301,-1.44150926895473,-0.472299766764592,0.989761403487084,0.509182729725359,-1.9438451433038,0.34925664564089,-1.22545306814702
0.955785394757299,1.55089972003916,-0.714745893683128,-0.160495364656036,0.537944462483393,0.17607622271496,1.08997565048688,0.508111311126331
-1.66302432152733,1.0280090108894,0.255731840012258,-0.511149317852855,-0.528074286455812,-1.67236294547881,-0.287503171839855,0.00683899807871274
0.658926152600633,-2.17665227702456,-0.3672385738108,-1.38946427135875,-0.813277432173181,-2.30623420361025,-0.720139950217946,-0.0208904823608837
-1.13918538614357,-1.56468535507968,-1.12074539646202,-0.383336790908042,0.780736455265156,0.250539711428774,-0.87197270143411,-0.842870945259138
-0.865411284556969,-1.05691286514167,-0.65089835122268,-0.762321126867317,-0.785695397594985,-0.769216668441337,1.33185496164399,0.0798631376507136
-0.000165313708057928,-1.40902239614859,-0.157678072366144,-1.35798174501748,2.0557611773646,-0.536600831062025,-0.570950200901941,-0.330895934504827
0.597092360665185,1.98328223053573,-0.415990235705235,-0.0518887808310496,-0.099050315024763,-1.36639916153711,1.04493570181968,0.742581528012837
-0.257674421692927,1.41658568816656,-1.33546770390314,1.91835612472303,-0.598523788558574,-0.40095321175727,0.414892177683617,0.37416073497984
-0.332779401632081,0.361057845249356,-2.58206060864187,-0.189863018122573,-1.16137565311747,-0.607685699107301,-2.01708795028424,0.946851734291857
-0.647708458320687,0.265220474779484,0.0219121209102351,0.0317303889885275,0.860776247360013,0.603680401513756,-0.04682703060055,0.387676112203415
-0.254686481189835,-0.251033795996976,1.29706536521265,0.00162484789406199,0.316807935656685,-0.723779833264589,0.289799583441212,2.51332871012215
-2.65628792024215,-0.769898936359024,2.37236171617981,-0.79355845326785,-0.596868077622946,-0.535843907298316,1.37426084575723,1.14906136262987
-1.16881892286403,0.0265300625483503,-1.97400242946278,0.354905622272442,0.555634008077699,-0.229903308006429,2.68130135779045,1.83417909620498
-0.176657959892471,2.2709302876282,-0.923334090574437,-0.585769624255099,-0.44708221847656,-0.846197283227695,-1.20023168333593,0.540334130137378
2.14249338135884,-1.35516770662442,0.924112906409832,-0.555143945032065,-0.615600198184948,-0.860187998207628,-1.67132508238038,-1.00800557332522
-0.885507585871655,1.2468903882308,0.104203106197457,-0.285083448510048,-1.30200329098488,-0.00306713590601665,0.0329007197930377,-0.0952560031706058
-0.999055902019365,1.26183721306903,-0.256491802016875,0.713534307867211,-0.787755115330495,0.127503106939235,-1.61977802397149,0.928809723048154
-0.361059654356364,-0.126547213216862,0.647546409298765,-1.58118743167938,-1.92121869713288,-0.344531248297412,-0.891165622193544,0.0988957305414617
-2.53854614568023,0.512480275228249,0.859675091682691,-0.899063296346457,0.0494334624931072,-0.451869579497358,-1.4457786294403,0.473225073897284
0.446527971026035,-0.517509124120988,0.41322097284921,0.920411680802428,-1.20150674331506,0.313005495548454,-1.33424684848709,-0.485866597380176
1.79392365735598,-1.51080406511874,-1.19607579409632,0.808047982539017,-0.194560444623954,0.900151377362261,-0.803846798619569,1.17886327569431
1.78702046487563,1.0274724891985,1.69911410354742,-0.880592838190601,0.0673423016966623,0.201058862153784,-2.09495460425781,0.74602621666991
-0.787110123179485,0.418664848341693,0.0826960557267124,0.166437703859605,-0.142290768917187,-0.624613059129291,-1.38780447069985,-0.473702963206725
0.19037955874584,0.709073898177437,3.53662233941613,0.163615404333885,1.51123945214822,1.0828276933015,1.0780884586714,-0.923234543830689
0.90656345692916,1.64986867292599,0.0482379785652416,0.0533901439746982,-2.08220165590817,-0.34672289334987,-1.31211802790209,-0.684589590276487
1.22965954535216,-0.251422737804081,0.806496256366662,0.723633198802326,0.11667092382733,-2.11602696336198,0.429070474669764,-1.00380920840726
0.867556336357017,0.49850811294617,0.477350279686268,0.417495863480571,-0.0581558688035513,0.968291022733669,2.28327094624116,-0.231955039937607
-1.35521252969411,0.425069374415323,-0.426276234828212,1.79197481388572,-1.43570434289884,1.69551385237639,1.15109141843449,-0.852366646392152
-1.70479051013173,0.710046841433036,1.40282021985093,1.81761563142584,0.819132996285854,0.0312772119630528,-0.420509671258004,0.0181952769408629
0.36208037172453,0.244290958490957,0.447736604146806,0.719331521392026,0.39691089344197,2.28523765941322,1.50642820363892,-0.931433037759479
0.265212050060817,0.149158928865686,-0.943356300232305,-0.417888817203287,0.992370710225054,0.234882517523448,-1.7922108620082,1.21238730505143
-1.60083282016923,-0.936750571421411,-0.831842173205782,-1.06766493885345,-0.0716698830764643,0.403707059366269,0.458775856057822,0.602074277588133
0.842667456548009,-1.08573297609682,-1.36434562214094,-0.77283732390465,-1.07662672576327,-1.70361657724929,-0.680912860646706,-0.976480132544012
0.769744344365477,1.17240936299771,-1.23787925710998,-0.933902291341075,-0.7298462556094,0.392442649908293,-0.659286843597032,0.295773896015584
-1.29355077393251,-0.856496916394693,0.160748006757589,-0.750516786765736,-0.475178594058455,-1.31926494272562,-0.755041749994153,1.83301170919662
0.0836177478608304,0.228400097237194,-1.11491608591022,0.150413451996522,-0.377525905730451,1.01689724320832,-0.983981186107316,2.11813037312368
0.119789110429698,-1.029696948532,0.811241611296292,-2.01043316242408,1.75789077693969,-0.668729228006237,-0.675756214490168,0.771704637062376
-0.409863896400818,0.405337207463262,-0.285884203252168,1.80698144989232,1.81843812876829,-1.90679344703632,-0.765736398916002,0.292879500474079
1.0989045956165,2.16152778720512,0.562001844169296,-1.79405957532772,0.919070602571543,0.980808611043971,0.708202410629031,0.215568627379274
-1.04366146874322,-1.47380821653744,-0.728690327832536,-0.413336216231323,0.510517379705344,0.477463988403214,-0.489029232957168,1.5055899410425
0.0435587489436086,0.818199789487507,-1.9507216357497,1.12472095727138,-0.358971129186064,1.0570098124373,-0.198137994804061,0.65513022360348
-0.833039319510416,-0.979702365472275,0.372627731058969,-0.79045664233032,-0.931253245667589,-0.121227929422212,-0.059924477203341,-0.75836611807061
-0.536501020768081,1.37394692273266,0.0667737081049875,0.588606957701969,-0.186982206172057,-0.616005423547537,0.820924941544954,-0.379105925860238
0.830647048985101,-0.163273749312631,1.10269367225226,0.12291648835824,2.26993042872416,-0.0566491386780778,-0.640645299759379,-1.05449637149572
0.427039979357206,-1.6201679825385,-0.471880887220915,0.831891313356963,-1.39023418921137,0.0737355756892216,-0.872928044794479,0.160882853924642
-0.295618996374338,-0.943427199022542,-0.971937113206279,1.16691405936137,-0.183697247193915,1.16931900668456,0.59092708235033,0.0953002368605668
-1.10838208652727,-0.214450718764188,-1.21548515659871,-0.32339739494948,0.832269049190429,-0.375906206264047,1.15532844563511,2.29411013181169
0.0796651078246266,0.0646397320342196,0.837269703892335,1.11216889210291,-0.93677704609654,0.113735631210437,-1.21909871534734,-1.42204764381228
-0.914089338569223,-0.11853161890008,-0.914332883290846,0.878171418038706,0.541439808665786,0.338886861036168,0.187468568518232,-0.0508905095246855
-0.595914322319548,-1.62092083702774,-0.322015757542113,-0.195843159442224,-0.20681374182807,-1.22884284910703,-0.0373959256141903,0.490963196644814
-1.36548470688438,-0.693927564550524,-0.179665725742348,1.98083884440028,-0.553965501166676,-1.59373140028378,-1.47344214458156,-2.31058937211643
-1.41437112461709,-0.334451125227578,-1.23620719566517,1.203622132829,0.949706518619808,-2.08383557237867,0.925393141129174,-0.464799865733177
-1.86040183234097,1.00532704729069,-2.6863253656676,-0.656550373263301,0.225765886082434,1.54523657101959,-1.0731788770163,1.35062512260597
-0.356828621824406,-2.00435306632079,-0.378127407776547,-0.200700072940566,1.11309851001546,-0.37382694219116,-1.19978413352905,-0.867986864337547
-1.68923935385869,-0.895960563815983,0.232166896049847,0.516218859349889,0.259958419017454,1.49869004501145,1.08593405691782,1.00878286533401
2.5358134538437,-1.44681865102816,-0.502336973776385,0.478975841851836,-0.692871081949512,-0.18895239816497,-0.596406782227236,0.737331541716247
0.0822991082520823,1.56271804771341,0.388294567092511,0.764849216269759,1.04336413630176,1.64500264427409,0.463930348667502,1.64981203431733
-1.03190658037605,-0.91672536751995,0.0236376748812196,-1.08499055700283,1.79955630962977,0.870980014014302,-0.336136871483662,-0.613499652288236
1.15975029085217,2.49079668713789,0.481869777090104,2.17877809626933,1.05047580834472,0.0750645178193621,-1.3435254903714,0.221381580499423
-0.204471972645293,1.04600992343447,-1.55524121496318,0.887585842743919,-0.0395675748430969,0.434318279858692,-0.506504968736708,-0.818425410433521
-0.182465263199115,1.88704941042112,-0.267341143427392,1.17470908192985,1.36407381963835,1.26430311625462,0.586920841887274,2.48551489846834
-0.646283044484075,-1.65297643297085,0.482325371703889,-0.0753783039329075,0.255107841600419,0.685928422733904,-1.30928556108796,0.596663937944162
-0.48947318567579,-0.193170336487325,0.147421910431077,-0.129414254450177,0.34430177813892,-1.19771660229333,2.37730892316991,0.116125774204972
-1.30321153619567,2.39285693399122,1.31010283794105,0.519432150046996,-0.51966510023274,-0.516914847311407,0.326898534828426,-0.12830181630026
-0.207228181268153,0.577301413122108,0.664168593757104,0.614941951560725,-0.729987585991997,1.42255671799944,-2.15548482407234,0.302782368103108
-1.11826745656209,-0.51525713543481,0.614993854487133,0.537963851392304,-0.93449636952462,-0.986762849264601,-1.02651459062056,-1.56846505582332
0.251839866859657,-0.661135188039792,0.79430864804373,-0.784493705075038,-0.19452056129931,-0.0743316006025911,0.0174319998957982,0.432934632283733
1.63203041137308,0.619931870172429,0.187459514176422,1.28301170346928,0.96481750193248,-0.468653749252425,-0.96815380778221,1.23325489915403
0.430232770794327,-1.58410989791039,-0.51159996496987,-2.34924239637964,-1.72412962827536,-0.816007382235813,0.651958451249542,0.577185429290464
0.168333593775491,0.915133418569626,0.90607537547325,0.825760697287294,-0.152918191362951,-0.030047857308191,-1.15226165194979,-0.367234666955611
1.1151238475492,-1.59434719703694,0.275048829313346,-1.03033338822836,0.23235369998918,-1.42092774646177,-0.945405750612504,0.287947215331456
0.253393177433223,-0.638851480086429,1.71083733439455,0.33366699159495,1.16587367955168,-1.01120325614056,0.429728357645158,0.631916979440744
-1.54723107142489,-0.335827590515811,0.288242671066479,-0.587163806103949,-2.06653845610196,-0.741299127505495,-0.545756674835995,1.47298635302582
0.872399795463007,0.271009460093998,-1.18516162843329,0.430988989646277,-0.130530269889645,0.709156817758784,-0.0044740843163705,-1.71537087525009
-0.791807504597125,1.07407452938782,0.584050547596033,-0.0451606879225592,0.456701163857747,-0.454277208524586,0.807869967663092,-1.08865490769844
-0.538605551427877,1.00614932952298,-2.1481316956628,-0.285853888821307,-1.34728322993747,1.36342235427771,1.55171918050603,0.0077679608653798
-0.581992281144913,-0.31353343859227,-0.565164203613507,0.848794580324526,0.117876777231525,-0.276312927860715,1.62014471991358,-0.99299350223784
-0.484864054724269,-1.63388159937033,0.485369028619199,1.26177088079078,-0.123257637444707,0.661831603413166,0.86631758424639,0.129849139526675
-1.00227795741388,1.78643181322978,-0.105030609017323,0.101559845157101,-0.0754770910282044,-0.0746480234419224,-0.603503368002833,-1.08508247966264
0.749003078083852,-1.55386794345612,2.2007162900565,-0.953924025330768,-0.0338113516630601,0.857751128244617,-0.46133879013028,-0.297715234310812
0.65689828000839,1.08952292201166,0.131243196034784,0.025381011587788,-0.297387802042078,-0.0579342058733832,1.26857755336422,-1.09437434348212
-0.273828233280072,-0.49049053394326,0.377342370280352,-2.79149454395443,-1.33396961681782,1.37400376318913,-1.64304709773754,-1.49295638362818
-0.758904909623285,-0.236099726990991,-0.461223843686729,-0.829975280051721,0.737970229936262,0.848675282295319,1.00670611957261,0.140438502524469
0.393524218677834,2.2214022661173,-0.805234131984326,0.779833201265026,1.96936927049382,0.948534468899042,1.04974752268804,-0.977547256125459
0.218861449801776,0.129797833157239,0.823490262429848,1.29937961058429,0.979573914147781,2.34676094417249,-0.288879813919915,1.9456325284236
0.483085004433713,0.451783254188103,0.431634497063721,-0.166370008152325,-0.561564631178849,1.11506442848171,0.00514940012328109,-0.0115174205897558
0.662429456409913,1.65073397878769,0.0470269090182464,0.11669570889397,-1.18856225449491,2.21936225717694,-0.210497217230632,0.665268254816111
-0.178379509851674,-0.610887897458292,-0.434183794120474,0.607077861508369,0.574574167582886,-1.43964115651172,-0.139323336240003,-0.443449211010063
0.314664877393847,-0.150537514467772,0.549952642489858,-0.496370878094109,-0.266298084454511,-1.21430866154855,-0.897149650121153,1.27900535288233
-0.956556853020351,1.06290858947693,0.874333301534226,0.73837524806766,-1.13321208794865,-0.706449204733733,0.990983116814291,1.03781424327437
1.39752254854076,0.449291078419612,0.0111854969236204,0.755440060452951,-0.340857842619234,1.20303544581872,0.674957145174721,0.380907698894649
0.74669467990932,-0.828819897880069,-0.0795623691223876,2.80234209375602,0.296944955130217,2.19815220649429,-1.35833776341162,-1.6776410307335
1.93228817289009,-0.673408406528982,0.315825682591299,0.379979177349416,1.2999794420102,0.871087288052829,1.02422159402075,-1.12634915414341
-1.49451959110181,-0.708419326598208,-0.249298444363647,-0.52552521395528,-1.41169478457671,1.39913001920968,-0.100823540999363,0.227251079099039
1.72332681576788,0.580739661494829,-1.03009682480467,0.780077076861994,-0.597003527560652,-0.124021716596798,-0.869955792148311,0.179760389890883
-0.734234416875548,-0.341013008827422,1.28744136550552,-0.24943013069039,1.36423751995266,-0.852258758290445,-0.084833488802028,0.00104496374744656
-0.847139595633745,1.11516126664188,0.475680117839922,-0.781054491892166,-0.411891687633227,-1.57140670908601,0.426521242975514,1.35897990528392
-0.257313927106617,0.670893904600624,0.571472879632293,-1.80344633452263,-0.454175338396676,1.76847222616648,2.11491383803736,1.24430609184806
-2.12867355145481,-0.998891105935988,-0.684472785558186,-0.607202408120154,-2.00881857898502,0.152885672497505,0.355004227432664,-0.928671853967307
0.183158667835882,0.377886270984979,-0.029148356908847,-0.183761793884431,-0.824189434646182,-0.341787819577355,-0.110946039104528,-0.505256225582377
-0.259494877523533,-0.223574990244202,-0.217171309241369,-0.936665429280769,0.765185633067745,0.0218262497227261,-0.470645995385871,0.47528966969449
0.991851522818173,-0.199520642894548,-0.792973728284015,-1.79035037666084,-0.356840294020975,1.03579222678147,-0.795170292491527,0.348384651983538
-0.252526380942893,0.0537951050287409,-0.737343209190219,0.233838541057686,-0.559565905823615,0.110004705690674,0.948960888315528,-2.05700911117181
1.49352050568578,0.753430747488875,-1.71952105577033,0.0589991169053308,0.463482698385629,-0.740587317530066,-0.0746672427893006,-1.11593747696005
-0.89528782896438,0.249850482859591,-0.0378695459212046,1.15135907021363,1.04728990156602,-0.510655003164242,1.71246720592647,0.473190066433458
0.963639696437281,-0.444104837153875,-0.56064661481997,1.65970497872695,-3.0049301270555,-0.912366024338072,-0.462758825527109,1.25994970638327
2.06731236412899,-0.0502701566894543,-1.53671672949797,0.791891828763345,0.562551818676497,-1.29296799063536,-0.29422388725586,0.535000677197779
0.628806836301824,-0.467779182704727,0.325105934006225,0.0864751288657739,1.95969360042889,0.905111321409928,0.746506296410991,-2.30544714659864
0.203669665963194,-2.63057717039813,-1.72096925769942,-0.0531135380662013,-0.692127423034636,0.56746924942942,0.457910602863958,-0.594833170644138
-0.0387452198617579,0.24617735632695,-0.424035926834519,-0.580590206269102,-0.890241134615009,1.95645260358504,-0.0171415147671645,-1.17605217859154
-0.457133830253312,-0.664574583164495,-1.46553247454126,-0.0615357220584423,-0.512066917436548,1.40303868337846,0.156597613505686,-1.08445800285737
0.0956761054402194,-1.98336624217964,0.297869121902345,-0.19038197082841,-0.314344588347363,-0.251039761295934,-1.75235367506816,0.0942854349442701
-1.13415532393396,1.76638424508503,0.843732308302089,0.4606652895779,-0.460075385530207,-0.716077350180925,0.636155603171222,-0.877550600194904
2.81872396378616,0.795939847104513,0.366856832044674,-0.776819985512121,0.0822328898376948,1.31296057140027,1.33868027732576,-0.831602998715218
-0.0493150914680484,-0.422498554295568,1.98077948801337,-0.703352525003123,-3.06248574734777,-0.578232930529872,-1.06864572297044,1.32187766732763
-0.707382304464327,-1.30248095712702,-1.88223819950348,0.685966067607589,0.74172586375659,0.884134779260951,-0.842492306283371,1.92768657704191
-0.795254788927812,-1.94134738182949,-0.193424628871254,0.0304210367470028,0.584712103803782,0.214414593129791,1.48086989331613,-0.655925457194659
0.925521051152612,1.72685031000399,1.13327028957143,-0.785950826277118,0.460278374247381,-1.49061777388034,0.670623303400612,1.26443600610152
-0.304436113606158,1.02001906442545,0.528599930274879,0.628662974122645,-0.366791917378743,-0.219010180315005,1.22103638354728,0.872061142401079
1.46171299994277,0.253528469247607,-0.492995990931484,-0.591373702074666,0.408285493887782,1.21690191771704,0.134016378572021,0.382528893026035
1.30647692484716,0.671852798551487,0.0751089270587635,-0.408765711740671,0.926132351161239,2.23420296913617,0.818249235238461,-1.47374071559223
0.8826589257646,-0.532328017267006,1.1958972829628,0.442407804299718,-0.0475228646661194,0.504357019784727,1.33484397140334,-0.401684381853172
0.217430191740039,0.283763692576409,-0.509090288335913,1.85459701459707,-0.370501279545615,-0.475674064393897,1.23204797336113,-1.77697020724993
-0.898873504077632,0.0500331803900141,-0.818357706531839,-2.58049500821601,-1.40226005412314,0.603412013099326,-0.729681774525235,0.337025241087177
0.330016341832712,-0.291929914086882,0.219034701767555,0.71487528944818,-0.25704399141791,0.454950986504933,0.0583751466257838,-0.0024811354374521
-0.559358817853408,0.767377518037869,1.59583707015429,0.811567004344335,0.384454305139993,1.29835273344887,0.249819346135391,-0.388877197688399
-1.19048885674609,-0.837648032779537,-2.56149380948114,1.93171955917349,0.578263593746426,2.09456290057311,0.340155310875809,0.966914866144329
1.24759603836598,-0.150508647424645,0.836282007798229,0.569916815734545,-0.354085496576407,-0.680316205559465,0.416401364376035,-0.962743596302588
-1.94705445776068,-0.519647758388418,0.683285689392508,-0.835655932905265,2.43363971973746,0.1590428571979,-0.511783951510294,0.0214586686155046
2.76803573925505,-1.87466428799453,-1.24477086953866,0.728263956345132,0.137676185295937,0.334196047670157,1.28828426693022,0.662341853870345
-0.380171215851834,0.388276017226894,1.95904047906956,-0.374902006276121,0.375154831695317,-0.79546375174197,-0.789141996966098,-1.25662897260188
0.00541042219670554,1.59820815914505,-0.107740042679032,-0.400947875709159,1.44104994900636,-0.81687504297379,1.50769826399524,-0.289971766985323
2.42207733221457,0.985056278170911,-0.524054358949683,-0.0504059113646718,-0.833297565579837,0.495429781166616,-1.09255857841355,-0.847248403203566
0.717831881343023,1.22975508592466,0.487913329967175,1.1113183922357,0.581303207727233,-1.00169903416162,-0.14731435105724,-1.32072236452303
-0.165665287700038,-0.715530000643852,2.06162629123287,-0.4016455155971,0.139397399507835,-1.81658391037071,0.78757091174373,-0.793593194949067
-1.17358776999762,-0.12804908949577,0.888377821605372,-1.42539436511153,0.28118200260766,-1.2711323444448,-0.206772446665515,0.988263836622278
-0.845352048174817,0.757928477168066,-1.08635636733055,-0.44465861105038,0.675853457921705,0.227898539829966,-0.92471285383874,-1.88706606877941
0.240909625685874,-0.382850493993357,-1.71914399604561,-1.67785583517791,1.79939423177535,1.52042859582009,-1.46492017136413,-0.189717578257194
0.403971673410211,0.430750713695338,0.0723891410499789,-0.0254906334582421,-1.45223220063275,-0.112977939141819,0.84449958103111,-0.167373226340184
-1.32977434804634,-2.05088796168279,0.409390610034407,1.03793356713432,-0.450354011892858,0.30013737685782,0.278585301651584,-1.15346972674577
0.527094554675808,-0.305939910063374,-1.04749291672203,-2.07476416940143,-0.496065396298437,0.477961414829704,0.0999136925120223,-0.116407106927491
-0.371687840941748,0.40431923054504,-0.554123852246107,1.23989025496928,-0.244538695474745,1.34624800978844,-0.0800187112645087,-0.862972217172726
-0.158011174121573,2.42657354678897,-0.721658317373617,-0.340788347997536,1.26364389578022,-0.360738307181741,0.590092691722904,-1.39236059800967
0.488822770915278,-0.364755849319191,-0.688694461553578,-0.186122993815735,0.160270757563042,-0.994529930894454,0.408600809162621,0.832305613643832
-0.868476307489735,0.478058283243638,-0.477277013096265,0.665569033198098,-0.0438797807856969,-1.63458882299354,-0.222477912274401,-0.043890411496376
-0.873923265791155,0.835378697420827,1.92611484335493,1.04535298567045,0.535504014780016,-0.460949023330443,1.1191560076935,-0.313646482220007
0.353851936722923,-2.22873595470769,-0.798477190826398,-0.802016738488847,-0.807271397704043,-0.714171783987761,0.706158555288303,-0.160358566852581
1.74720658486922,-0.672761532426017,1.3557693829968,-0.294357607335165,0.283469934481152,0.384937279461428,-0.919699561268843,-1.41338439299713
0.931585126267942,1.3292068598085,0.195112726025706,1.0381143046688,-0.95506935698701,0.799306627205629,-0.194412586451179,-1.37160398710299
-2.0433983042259,-0.682992603893336,-0.53070379454099,-0.188227631327621,-0.470072811298904,0.839935127373127,-1.29816940827544,1.16214252346837
-1.37591030031368,0.394759990574135,0.273797253213208,0.132879047363165,-0.862731862708989,-0.118473282044038,-1.31681963147107,0.523835906312673
0.853257915699486,0.470490130269984,1.51707389396476,-0.976346394195372,0.477848684459768,-0.604735081685801,0.75275754482091,-0.437929756394984
-0.929506913085508,-0.689409429950655,1.13308174186744,-0.276161276428416,-0.568793084472858,-2.28805418673839,1.06810823481867,1.2608245291132
1.81425544899017,1.35436751151288,-0.211307867752994,-0.101463528274699,2.05575343111088,0.569887561430081,2.22289435332908,0.351865599682905
-0.551252977143782,0.0396618198854069,-0.345144931490301,-0.338369892839044,-0.416272030764153,-0.20477779888889,0.230615299076472,-0.0889925829015985
0.110188524970817,-1.24280192698743,-0.00648982564075492,-0.0685537661936303,0.0186924480904308,0.516296597442055,-0.68725135174811,0.0997952166593276
0.785073312163434,-1.02773532964502,-0.577905206432845,0.240714391048614,-1.30516636034752,-0.76444459601408,0.134649682561953,1.00652650865248
-0.187989733761839,1.31586769741022,-0.400398746901414,-0.746406231818458,1.27224093394037,1.22296568234453,-2.10756655522366,-0.446093056052657
0.46735398266727,0.663999950482675,0.447428072571314,1.4651947855573,2.44883914732105,0.639788626720262,-0.512821856874747,1.65505467375388
0.093212069362175,0.953795189735839,0.195283894467328,-0.343052367734024,-0.350913751588408,0.940664502415074,-1.49829933401883,-0.268229146658066
-0.689106031241768,-0.0660009302967876,0.783070584053222,0.594959559047588,1.24289510885955,-3.1168958401298,-0.121629179971491,0.267671382880913
-0.505191148499295,1.69170781684991,0.733970112272034,-0.567191072183771,0.908637577521036,1.33479199725451,1.98270010717952,0.772986591933462
-0.859871502901416,0.450645836024343,-0.245329790795603,-0.613424757522001,-1.51288401910548,0.538425586403191,0.852221552444639,0.761520500929464
0.091204549843591,0.225659392593308,-1.34116076190423,-1.11965412920954,0.47812234732351,0.101543178360734,-0.504163412718395,0.435339794796424
-0.0665384315481923,1.1150322811328,0.540476840309017,-0.797040659431643,-0.854791308540746,-0.149318172399716,-0.736099064311801,-0.931751671694734
-0.728286038444293,-0.718709124830026,-0.619938097011086,-0.653285716862094,1.79553883146398,1.03607274468199,0.0811105888169684,0.342608245676627
-0.160698976482291,0.213945605675358,-0.435374781770305,0.984486545028337,0.467737152417257,0.596616919971401,-0.465003878059586,-1.47963329267678
0.655484819706841,1.02412157065627,-0.444925751340067,-0.493599597944663,0.0322283341645257,2.47069635005767,0.980549976109945,1.44870679771548
0.264136211815007,1.6399523094736,0.560681448623858,-1.11135582283281,0.289825698166542,-0.943255688504264,-0.486367154605672,0.749303689728021
0.617437861739806,1.32976359501572,0.946187050347827,-0.122846002868254,-0.375638695895907,0.0405301929527071,-1.78578235694573,-0.449514895578669
0.0276647150238595,-0.831477734786883,2.48371169125726,0.285096668699894,-2.07496118580779,-0.901501476921945,-0.303979124987224,-0.00943430617710996
0.666009532598592,-0.675759672130379,-1.13539464596754,2.27626494287003,3.27013940815481,0.13554275266175,-0.1071634210305,0.425955479164035
-1.60262843704218,-0.37663391030151,0.0235492899271766,1.11767244900988,0.249479117985209,-0.681564177113797,0.615458752573144,-1.65747132698902
-0.414039372125915,-0.0731831010834146,-0.436139231051175,-0.964967334655141,0.741866180427997,-0.602926890326647,-0.957114193301357,1.01513796275192
-0.248479831217575,-0.224308881075909,0.802606136117887,0.209529185318003,1.19639641292574,1.60188363738917,-0.14239647883941,-0.632096100388567
0.0139047281390507,1.06379384776535,0.121916257354679,0.175465825170364,-1.27791556507104,-0.521042645887862,-0.0458124561425116,0.733081701405957
-1.60134700573478,0.301047287472411,-0.740039141072541,0.986081094111715,0.39082599102118,-0.121868939854114,1.24591234344256,0.320883401963153
1.41285504121944,0.202457326124631,-0.283447186102499,0.0908803703967355,0.707070797315517,0.00345911881242014,0.782443442964435,-0.38161433739313
0.96300482340958,-1.05800457007619,0.485950450263641,-1.40586258595941,-0.596408622223711,0.111073134044855,2.17838331609911,-2.21443798231087
0.160658430132674,-0.0759997357149566,-0.0476288110135393,-0.644631905130043,0.800008565852891,-1.61238394658311,0.877997736308393,0.917043724501432
0.979157929878221,-0.597713151135908,-0.390570703749185,-1.56931918581463,-0.417686671710367,0.712603717536679,-0.948652569909161,-0.619961746285538
-0.144245175970958,-1.72346493685799,1.91661498523984,-1.41638083392531,-2.09128583090237,-0.19299720621367,-2.70240665688273,-0.219891678407196
0.714472174487206,0.359673573986996,1.45643769657232,1.3073336794763,0.470769500055323,-2.59741284590653,-0.0278219003377449,0.535317669693569
0.866080205464935,-0.52205471212801,0.868065620776031,1.07546209707715,0.953218037494035,-0.0380135799429605,-0.173917091492807,-0.147308625654882
0.984629398667671,2.06345713739595,0.445427116196771,-0.342065679706393,-2.80771107315206,0.922315334203715,-0.444543073531726,-1.89207418592925
-0.210212264654752,-0.501048601199063,0.138590273439758,0.470473366919995,1.4928697186305,1.43542338900181,1.32323807376494,0.333530676003231
-0.158098468778514,0.468013655415223,-0.261361861767389,0.0571735644018506,1.32322675663051,1.14243028224857,0.509967909766299,-0.198227265971681
1.53716153350215,1.47027056543638,0.842740697567261,0.128203257843161,0.130442111046956,0.0493375407201787,-0.114672699687193,-0.986899730560255
-1.33306057252668,0.625059125986794,-0.194598816358401,1.32376796784412,-0.602026561993181,0.559461207331537,-0.0236514150786414,0.850974962403262
0.714431835634477,-0.747702586838711,-1.58497323822696,0.0459175965565664,2.56355891945331,-1.07625905535061,2.0322651649833,-1.31513216215442
0.862841374871959,-1.60662410939964,0.256096312793253,-0.20856444165766,-0.649073200875919,-0.86740641629235,-1.9030836872294,-1.87498276169138
-1.84081520435852,0.745687552606124,-0.313449737878232,-0.417785494303914,1.23383224505055,-1.72739147437046,-1.78707174804484,-0.456226866230876
-0.241705803958624,-0.785277984519676,-0.875788396632019,0.612904177205045,-0.802985668659414,0.271466683933822,0.394438353708568,0.935393735413054
1.52860920989749,-0.494432239694373,-1.20105513370979,0.707929239013614,-0.0846267316036423,0.334828484213004,0.261973536464747,-0.444886987138158
0.100199462433464,0.00382368254494199,1.0917552150164,-0.0464187544924868,1.38358754077208,0.421736345957629,1.03309964048211,-0.72876421577173
-0.363524842052111,-0.17105336073703,0.29916320898276,-0.479683770660714,-0.315393720237125,-0.899670473372667,-0.616152417584222,-1.84194699428481
-0.743515801005166,1.12271111320896,-2.06098878230119,-0.24871570134739,0.567558185052051,-1.30984238181827,0.989031500209065,0.36596060652907
-0.383187160147014,-0.945672563962869,0.0454269133684388,0.225976942009848,-0.61320616629779,-0.652178449438069,0.790411619977592,-1.24122573149017
0.662711326238613,0.258193615779903,0.751739706637739,-0.452263523930736,1.42490634921692,0.938398685136816,-1.05706976904441,0.416539384862172
0.283160803061542,1.04558786854818,-1.4731370068497,0.474780329338888,-0.305475808010164,0.0281046724327283,-0.608128901491848,0.381987602792286
0.592165478531471,0.457178429775615,-0.809437693393631,1.27376770514493,-0.228449272417872,-0.414807417419649,1.87822469453454,-2.38737790700643
-0.354953924557055,-0.282299868860158,-0.922318986824025,0.309853547045074,-0.00425951142708824,-1.04828047455112,-1.37379266405887,-1.13709512919758
-0.455771294910837,-0.496165305270149,-0.648672597132452,-0.88605318879711,0.623556279522269,0.152320457505326,-0.00517988718483618,-0.680654291779862
-0.934022423800511,-0.173297611228905,-0.490654334730236,0.713623132207896,-1.18603040048217,0.0377438804458298,1.15992651120865,-1.84767956805796
0.443584939157919,-0.855111302922504,1.04059177507303,0.187908384402411,0.372112660320963,-0.0162527866811481,0.106374331513538,-1.30924341598151
1.1179703461669,2.36813668127249,1.49454456354607,1.06143579716158,-0.23839906827485,1.28653119914835,-0.394537856867353,0.250762120743331
-0.206176526360383,-0.601235237283855,0.596176751679034,-0.265352880828485,0.587905845734063,-0.0811527061017513,1.16563909229602,0.432775000433714
0.972739307915825,-0.373091118995311,2.50000300101868,-1.41706681208262,1.04265929997882,0.116899728843371,-0.806513195426116,1.17393973407795
0.00696984704225533,0.12255735092154,-0.164404091155175,-1.06046421743018,1.36995112597702,-1.27358752626833,-0.0860351224488335,0.354263700557801
-0.447272691603223,-2.15246511962535,0.684138585202826,0.162961897302388,-0.198123616057302,0.0119568092513604,0.777388671733741,0.990943863372788
0.620394844830377,0.3740137029285,0.2709715731918,1.0615312742187,0.15068692216789,0.258774474490712,-0.546771175262477,-0.27445418636254
-1.34857063863334,1.13423784431414,0.708238810002816,-0.956713676410774,-1.07818646808162,1.20806421968167,0.467643702407535,-0.175514536017666
-0.799999047434984,2.45814044376994,0.62166418873353,0.122581742024671,-1.19316772097715,-0.801672535423732,1.43314903217423,-0.478321554746051
1.16339806226092,-1.69615623566509,0.381550942241201,0.971476459619247,0.0261397702537873,-0.274793966688875,-0.461269763991755,-0.131031171279549
0.613586759030131,1.02366707486493,1.24716613467439,-0.351743622789406,-0.639518552539017,2.64516491227865,3.03711247340377,0.968772104582091
0.176271855911821,0.151513514719159,0.220798940459815,-0.541936896432716,1.01311729645654,-0.842752297891778,-0.397990751144029,1.50278038058626
-0.236231126449599,1.65136530335184,0.165753507195313,0.491590991304595,0.866255485448719,-0.485208805946722,0.874122523308794,1.4162738670651
0.23386385566173,-0.125064933786918,-0.740703201854465,-0.56994319454844,-0.415091063196921,-0.397534207159751,1.49111037679727,-0.413320655015046
-2.28335251671914,1.67045206747581,-1.10495475052592,-1.99706390270522,0.63601350492153,0.0749302745568982,-0.308702166120704,-0.0262791881261116
-0.708166072246969,-2.64485837656248,-1.79185479545326,0.561304408419073,-0.143925197584848,-0.336335797592635,-0.504372387237492,1.19703477423829
-0.73848023374602,-0.92929592103507,-0.443176216791597,-0.182617005606809,0.251482279974537,0.478424877329387,-1.41271265041979,0.0337445471360351
0.043619491299562,1.02705535954919,-0.279734050777776,-1.15976764193548,-0.569203458682967,-0.533410093683156,0.613493866846323,-0.604573931357048
0.709355670121618,0.994194772827007,1.65696269679606,-0.513602146218305,-0.674722933484857,0.948006332967187,1.28736713287366,0.0249032653574855
-1.42644935579601,-0.390953899520864,-0.0646575424796702,-1.63341345514182,-1.70162377755388,0.229335487761161,-1.91539736670334,-0.518640460955933
-0.473065685487934,-0.240052508842144,1.32102662473356,-1.14752333005187,1.20827381663767,-1.28736315529266,0.488439056691702,-1.3648493766474
-0.75099903269353,-0.110958320483476,1.01811928854751,0.431784358025187,-0.2145903610188,-0.89536998895884,1.27316826890542,-0.29657760726857
0.0444658282534058,1.63935323226231,0.264999114685074,-0.0656138978674394,0.754706935629431,-0.0353140585724532,1.16001978023586,0.817257924799463
0.0159967486890367,-1.32993012788301,0.237774346876211,-0.0945073874558697,0.149610672109904,-1.13282022583529,1.57959669687548,2.42697843893495
-1.07450283846623,-0.066265750774718,0.87778005014073,-0.756197430591404,0.373666601578217,0.196763927334129,0.145180599388605,-1.16249154982403
-1.25382348779311,-0.205171601345712,-0.769469812400003,0.281820545946091,0.754810862160192,-0.198527377043268,-1.31604487381536,1.36360479264611
-0.00671993992849679,1.668739799272,-0.105202800396518,0.044369004052575,-2.32977720551742,0.698817616094922,0.379183299590943,-0.379978311555673
0.967151641509146,0.138993443832564,0.792018293663343,1.75926680230106,-0.657736511998454,2.11935381185822,0.633212843541837,-0.634904661287927
-0.615435959961598,0.0430322212907788,-0.623307040453575,-1.16473097485579,0.761431895293158,1.63088985935013,0.822690562591245,-0.264606295431066
1.59977070033544,-0.576909928188387,0.322478887542753,0.0443581997600197,-1.13467433137663,1.21228989541954,-0.425595087769914,-0.0260736691501052
-0.233359311750482,-1.63946045754838,1.09292506526645,0.0798431648875431,0.678660011414885,-0.516567386865597,1.85139028504148,1.36378992670636
-1.05173132910008,0.0603190171979135,0.633123015098786,2.82688924115198,-2.0331630086454,0.337494069537114,0.852513505934936,-0.986522897615992
-0.649625227316099,-0.650186208131514,0.329765296501221,0.661201155068268,0.599048215333205,1.23737443234654,-0.161109383774369,-1.49913622608035
-0.0642333514265107,-1.61705516230361,0.509981038044154,0.270656017178078,-0.348965916560794,-1.42237601609211,0.915122729278906,0.67316025331327
-0.00468461769301696,-0.0556273637480885,1.06565863130771,0.771524777830475,-1.20231430583585,0.907252761197844,1.47406013599487,0.386376156066056
0.792799591453204,-0.439805009454141,-0.194671591844819,-0.93851982395298,-0.677161546396777,-0.891558794485399,-1.99488882635532,0.727356744013775
0.36728511705668,-0.0220843321137813,0.48630653159551,-0.0443746831463908,-1.31028673048855,-0.231959780666875,0.949015042622257,-1.31556482213306
-0.397667088699597,0.254035992354808,-2.97869408542845,1.11393311284881,1.06797961865735,1.12566132471373,1.99300819826988,1.45544762517833
1.3318733494308,0.377064708851857,1.02377533544283,0.147970665571235,0.733837841142768,-0.788580314036082,-0.305688198029188,-2.19754903609116
0.750582879974549,-0.323755261119461,0.529328867269987,-2.02104841110798,0.599748831117433,-0.201687012654504,-0.598995236292197,-1.26051997197695
-0.281667742446822,1.06120472120356,1.56479157280665,0.678632589453202,0.783758397264237,-1.58038325549217,0.561610444223876,-1.12428989379159
-0.686096475558708,2.31209110144321,0.460232094371812,-0.116151968275192,0.0744463691603463,-0.109787725525635,0.112652358425841,-2.13042000814503
1.06663477995449,-0.797466951202189,-0.244685570211844,-0.987906208237638,-0.04146363883758,1.4837769970509,0.170729344417582,0.971890057546793
0.411978154158522,0.114543649268427,-2.15396912589087,0.914942002016503,0.15533477433003,-0.778967195626045,0.996891289128336,-1.6272135436206
0.686970392097555,1.34331408228232,-2.21601977896899,1.04004509213923,-2.10913427785524,-0.869990291720491,0.848103500781666,-0.00636914294377881
0.00742562682281432,1.1486118031867,0.94525632155038,0.208851437003619,1.0301835778705,-0.528178546697123,-0.978511852394911,0.338521684257971
1.65804966532884,0.850558993118982,0.479354033295319,-0.448279548314626,0.0963910164411991,0.650292347086186,-0.268313125794405,-1.58540094608438
-0.106598669241052,-1.35416327131717,1.12160704421849,0.594009448743087,-0.67251699297863,-0.610899786907505,-0.0984008683445422,0.277183525009062
0.239444747905359,-0.146329283916392,2.01023444299854,1.25037263683136,-0.473240884286513,-1.32165737325699,0.138941549683047,0.503004108883465
-0.949113188834022,-0.767511495605898,0.625672302943743,-0.276590292728512,-0.28664998323564,-0.144071748845437,0.710862022284547,0.20837674066594
-0.449315256340733,-2.24319960331477,-0.833470050049087,0.433962298403376,-1.36131131309876,0.0477137631400564,-0.402955724801594,-0.248329526004444
0.0861575199085881,-2.29984427557628,-1.10331627492057,-0.0303702421211065,-0.334382549940811,0.106391032715845,-1.06313718499981,-1.92527791994751
-0.53236512150388,1.11829681819424,0.0738274323585616,1.19576522928342,-2.6940950732603,0.851243932048888,-0.445630556858623,1.60334938472718
1.28009724505695,1.60076448715191,-0.999596759445328,0.263255012991306,-0.492341751339415,0.827902503334073,-0.862408044283506,0.57438695179838
0.460227495345595,-0.389725012665773,-0.184040221104883,1.87831126316739,1.13455788968526,-0.326670795488386,-1.7939162249256,0.192804932790785
0.948448926812348,-2.00384571678832,0.646215303670449,0.0250731525749269,0.048363195395752,-0.366225605875364,0.324969658777182,-0.143332019827322
-1.82580036731594,1.39105640938768,0.748232118471343,1.29931280604104,1.23324143934476,-0.525533698977526,-0.826182133262393,0.0606581280333732
-1.38533085371039,-0.999172224448,1.03819873390174,0.101632957636675,0.00208612479584,-0.0658871040446734,-1.75353195233889,-0.972178414314066
-1.8936155318629,0.149644953084603,0.590963297825669,-0.125971764688771,-0.982542103518987,0.981106991783941,0.436912307268899,-0.740011336132126
0.542291375624146,1.0264376844118,-0.0543742306117332,-0.354664113467346,-0.14597244131214,0.250565336199519,-0.157101799278726,0.00426377072616447
1.55139478780051,-0.122683269017701,1.41507256015858,-0.275549027291826,-1.14022310142289,0.00491391794256474,0.725670686611141,1.5864930870973
-2.06837222754269,1.58123916347683,0.259444949373269,-1.46104383584705,-0.371164851285641,0.232235583282488,2.10408837517351,0.189562478677585
0.220010067208873,-0.881936389156346,-0.493233038800851,-0.894632882942965,0.774372090709497,1.17188851936578,-0.387220880433186,-0.37890814649906
1.07071990368298,-1.26226034585561,0.854489865784776,0.156064158103358,-0.20129188360553,-0.441677105923259,1.04024829610591,0.204502886376539
1.08896315139385,0.667559203734254,0.0735908192582135,-0.632699322233418,0.419938812534953,1.10396634940263,-0.823215356958482,-1.22957836900542
1.20455963151159,-0.901734302091384,-1.98684737089248,-0.294230116767995,0.691113941343399,-0.407052285699533,-0.269947991259952,-0.573526406946826
0.185345785751405,0.669026519035096,0.936827384653487,1.4705536307553,0.553026987705803,0.990467978827316,-0.591241893281738,0.0801130366644986
-0.912307157283164,-0.180902711119353,0.19270480141107,0.891258011078718,-0.356234897169874,0.171669540776905,-1.14360222051263,0.907771696136189
0.598317218528396,0.380253655263734,1.94966519456786,-1.7542904157669,-0.538517391517125,0.374696929144525,-1.32417096269311,0.308547766508091
-0.258196387457033,-2.13997055701706,-1.20656011133622,1.13480078192709,-0.841606568004949,0.103452043144144,3.22620304508184,0.755855156883199
-1.29462767994619,0.489645692218729,0.761239905395282,-1.27698937599723,0.239157497170835,-1.67259149929864,-2.21598006679204,0.223121286785978
-0.00813846521545075,-0.885713905306867,0.200311730534468,0.053666060256434,-1.04478156628859,-1.52528593394156,-0.262491106656612,-0.830947137537269
-0.222228653976897,-1.33024331800577,-1.59606975711177,0.720377619659207,1.23743353268823,-1.63905261457417,-1.48492636358128,0.252778985169447
-0.438047429023,0.30981895696119,0.379491021776055,-0.922398074712202,0.481752908565326,-0.140673053638503,-1.04266439727322,-0.394365566809773
1.41067959424111,0.535418263705935,-0.197863742720335,0.167245384602659,2.31825668764524,0.24916221455859,-0.0656218294932633,-0.454486703693815
-1.99213466554157,0.485165686741021,-0.685889491007155,0.98908607860375,-0.293350012547094,-1.4995558191094,-1.51478407532631,-0.283730389430504
0.309855501856423,-0.595406467000378,0.416820329509405,-0.0371764391004352,1.58700491475734,0.18498241411576,-0.848012965940992,1.38926621228055
2.88111137350382,-0.0773716179251983,-1.71179367687076,2.03799772163806,-0.453966339692176,-0.635452625672554,-0.708968429533831,-1.68724938751153
0.639827589898794,0.732063412291385,-0.681039433325116,0.5670785392262,0.242958536778281,0.369417429303317,-0.347988908165977,0.958941743788105
1.45925672377677,-0.695898865380762,-0.46085125105835,-0.0550379897636646,1.39471536956117,0.0449427132326426,-1.67056892928507,-0.382698505291768
-0.167352219859535,1.90263120779518,-0.236769553713615,-0.747348052535043,1.36598754917064,-1.01982313479791,-2.83222118876345,1.56572730133236
0.216164181655914,0.599793813789068,1.05275821946657,0.0645902757862545,1.68861701051452,-1.04078792707055,-0.754363092428629,-0.564678256814297
-0.0632303942711998,0.695539080792719,-0.0412703420447891,-0.556563613474516,-2.49090666258953,-1.0304997444296,0.760188888967429,0.163183493599919
-0.588627314666999,-0.844502256840098,-0.410425890481482,-0.205051084413195,0.327883297343604,0.0920758394189666,-0.358632885295203,0.828179490636396
2.49293917020512,-1.98741858871451,-0.162779384015704,0.253840396524135,2.67128852522041,-0.78629451648626,-0.665136956002535,-0.144225360152414
-1.44129897427174,0.139654826485708,-0.19971814282349,1.56018154246634,0.650845555324289,0.3268809482863,1.34398400887779,0.506265620719459
-0.981189966598852,0.294867842942296,-0.419167650568773,-0.859506058576182,-0.713731863387026,0.471924462449833,-0.180377773274972,0.815069398369627
-0.498789495630971,1.04072282522731,-1.07860075119038,0.120072331124467,-0.933458048491709,-0.520103582340998,-0.825588534622878,1.02082519645303
0.156898303862001,0.526047206536822,-0.792911586998953,-1.36972720839255,0.0629250700737559,0.293345932473475,0.806693390045439,1.24196275414905
1.81614371193811,0.0310701900039305,-1.00895188374994,0.840900565266706,0.390900909152181,-0.0673359068224815,-0.722084354763704,-0.291656466385287
0.83313602721197,-0.419826294670227,-0.82664319699983,1.82066586616651,0.689978292037185,-1.96149999810526,-0.127257105581578,0.922865660707051
-0.552347275313111,-0.467543040997353,0.618964924318895,-1.14854689688559,-1.32051385086141,0.748112485817285,0.312630201152016,-1.19239976630442
-0.934561654476654,0.561406422644611,0.0472618359219954,-0.465413841358958,-1.08019798690736,2.42081607302534,0.110931603244301,-0.504000062381237
-0.601614462864084,-0.804715517222939,-0.602527057178283,2.01212092674291,-0.186094203383011,-0.21043732954003,-0.0553655594428701,0.129573305992992
0.284678470693521,0.183017683488429,-0.100504618411105,-0.394589450852275,-0.64890885743475,-0.0375748942437912,-1.31281776214532,0.604793448567735
0.680172514105085,1.10571435066872,0.764585117022158,0.501994380966559,1.33732098463795,1.36141838023722,0.309612961303557,0.895472370077516
-0.338960622348721,-0.947386456664594,1.87887279669578,0.124542967483215,3.25861976008803,0.161338265268847,1.01528460729713,0.517453669101716
-2.61654418426767,0.342000278519159,0.144599325612145,-0.399105550255704,-1.04236100234044,-0.814140454967328,1.35267180637584,-0.902752790155748
-1.64649479008901,1.07822121172085,-0.405675992267158,0.0490520444758537,1.80656387056807,1.66466093127856,0.246022709518974,-1.02209574662967
-0.379203585517612,-1.89958478252227,0.580286200917185,-1.450535291436,-1.33836842794473,0.90819705072608,-0.262796443017815,0.345271404229255
0.166902485954539,-1.12922173907041,0.606153181013964,1.05587151500775,1.345925821749,1.51728108480894,-1.23517493478909,-1.30070321734338
1.15631115691965,1.74548419532123,0.205950609253018,-1.22151371139137,2.10374152170891,1.9360709566738,-0.492168927211302,-0.875880008940869
0.103928279125556,1.66400916535456,-0.0166861814499522,-0.45297254729423,0.0695991299051837,0.849935284377159,-0.314587527894097,0.52097197358925
1.06191508036358,0.559978206254861,-1.62283622719014,0.198552629288791,0.343274589903145,1.20417699542399,0.521710255214857,0.632092515356774
0.821091012053268,-0.0918142757503188,-0.44592401318035,0.680272865715839,0.453133356053349,1.00945066920018,0.791587399746415,-0.286862178339984
0.736954723861695,1.48968246937765,1.02955359724872,-0.413201605002184,0.259053675969053,1.84441872069303,-1.29500219608653,0.920897977053738
0.67716809320426,0.191210106544592,-0.368537463514188,-0.385991099811627,-0.741371082901177,0.367707867292121,-1.42276327238441,0.561365043560708
-0.355888850934493,-0.288924939417104,0.154882922681051,-0.968242798937748,-0.564479247771446,0.73940503209272,-0.792462741420559,-0.893435089266945
-0.431123291077731,-0.318950377395932,0.945175942148682,1.78922189880218,-0.327166025722292,-1.45572547372014,2.28401802942696,-1.45159933878066
0.549606884619665,-0.137102914404154,0.692675513395412,0.196117850032449,-0.0527093907068341,0.871358629293953,1.29300198651287,0.957147123838761
-1.25712701672345,1.96180926628611,0.933660789059142,-0.637227276447417,0.0979551638043392,1.28090521717722,0.741237537852412,0.699324107343956
1.19305701694078,-0.627930653253584,0.286379630091405,-1.0875532973508,0.599638303617372,-2.40171462322948,-0.321323748279484,2.22176460052525
0.733446623197425,1.10415433457278,-0.262903520287782,1.13840753957532,-0.25874581499346,-0.11280500234939,0.820835495038793,-0.59351152517175
0.222109454993934,0.981121689103728,-0.15753259015221,0.156189579017613,-0.201912759744636,1.5702476492442,0.130187248542799,0.483485358044771
-0.357816445669305,-1.82735082724468,-1.11210012948818,-0.429896278808915,-0.64315752149141,-0.40213925354478,0.182363739601913,2.41248905293877
0.784175528154822,0.603825783401352,-0.986711090651036,0.227989990765576,-1.05792555008163,-1.76115925843763,0.0730786977050044,-0.269631587049516
-0.326055976451647,1.49503461313028,0.405952334302108,1.20820280838533,-1.14542884815138,0.563635597445107,0.0152045222925283,0.492239283018064
0.365452204444357,0.185538269326501,1.16468605320071,1.23905268785002,0.558215089734873,1.01575782302856,-0.11409031453088,-1.96435096030553
-0.646458446412418,0.640591849274346,0.205060802959281,-0.13937743981663,-0.873499400300542,-0.118294964948081,-0.550362863444164,-0.723219946720416
-0.657895262306841,-2.04801382489652,-0.54853792178638,1.13026847337246,0.911622629857883,-1.16272535177921,0.861187637351435,0.659233218604419
0.426894789752239,-0.0708826354416249,0.817566019570941,-1.60228922301289,-1.12989646333388,-0.466494819720766,-0.115691880519889,-0.247340452001456
0.383587907584509,0.592983536345164,1.00594973023297,-0.814573347703087,0.221661502477477,-0.571550278032923,2.29494783019409,1.04517762982628
0.6424985658452,-0.0827187676337628,0.480303752421469,0.391778199171114,-1.45914519151875,-0.155348037258176,0.445706170589903,0.335128243106525
-0.222801244269113,-0.473670056834688,-0.674756017081562,-0.991200046285373,0.870706783811879,-0.32243111164014,-1.12948671315769,-0.516912998185378
-0.226952274008518,-1.54449446779968,0.669129834511662,-0.628975361008268,0.109805975666782,1.06101164362232,1.20630603407408,-0.735772273230899
1.37794583101029,0.196586270489136,2.17846804776171,-0.819282279923996,-2.14656582608751,0.0287609311118431,0.951941562014702,-0.372610861023692
-0.113208742494481,0.888141243980963,-0.476309330852355,0.182891769614222,-0.361157945117694,0.486987784028289,0.221098970332285,0.917176943537628
0.532252925194098,-0.143361238426132,0.500219420665143,-0.186328896748739,-0.0195290288580347,-0.838185848070418,-0.781363782482157,0.443070118348117
-0.708735625829688,1.44091288692975,-0.223619457600799,-0.215608890894552,-1.27942358718631,1.78788345076934,-0.615160154346034,0.766551621244499
-1.77505747304455,-0.698445053639622,-0.316847527379958,-0.840462482412502,0.953475122936261,0.47783869751995,-0.43991384272226,0.328314419175306
0.799625395532865,-0.0800036591794594,-1.23557942760321,0.584234574247895,-1.37948341744617,0.284871433497558,0.111713675791084,-2.52409414049537
-0.365020140445231,-1.51547938860564,-1.96071458460574,1.02196765662707,0.122562795558669,-0.212621688599914,0.872073881623881,0.89342169177047
0.460501032131227,0.0418671114421849,1.04333872487586,0.252675412282115,-0.157735877557905,1.41476057899955,-0.0819115288472486,-0.24642014563736
0.784091560444084,0.256458065054887,-0.788523118145451,-1.11899695551815,0.0888022264795106,1.2420168765821,-1.06638630796135,-0.187283405811238
-0.407088899832702,-0.147999902990455,-0.720430872569319,0.656580264045798,-0.0108540704974681,0.483765054527379,0.690918425395044,1.63303886245908
-0.957737418813,-1.00841311026985,-0.894450852779367,2.00042218029497,0.968699703438126,-0.395308839304294,-0.441453666675004,-0.307513935620589
0.282011402972878,-0.234490677067181,0.207406168950471,-0.44657256686889,0.870615141625543,0.298171417857543,-1.06899105922376,-2.50025079553242
-0.527526217011865,-0.451060627976441,-1.735521473791,-0.735471034974078,1.46050216295789,-0.659678155957047,-0.690058501513318,-0.136637945193878
-0.550785764653034,-0.784941852819953,-0.933193067384904,-2.36369126274172,0.961552355910078,-1.44519254183254,0.561676678236033,-1.69353590976206
0.312683742825832,0.0630271720942207,-1.48766627764853,-1.15193477656491,-0.894158831877324,-0.804038381508524,1.23459587082528,-1.59946431147885
-0.117147074065919,-0.399328380990557,2.08572427302488,-0.27318021871946,-0.816978095750127,2.16737612635338,0.181111332218402,-0.715432034354352
1.01213022445936,-0.990384449010103,-1.76719630407785,-0.503939388776835,0.959720432325295,0.353966487759548,-1.13311789791378,0.41013936642841
-0.782339008332736,1.01420951010319,-0.958114505693224,0.503527020776848,-2.39408898760577,1.05071282933283,0.0249712721871094,0.337935916896828
-0.174796640609805,-0.232884723431926,0.0790784159522665,-1.58532115372554,0.954789939571827,-0.470969410068812,0.68723988576359,0.616849474719623
2.02790613083685,0.675954709553995,-0.796835121958323,0.188658458533035,-0.18939197324785,0.371663949277072,0.103508641581519,1.06331606699928
-1.40731917044718,-0.6429335036683,-1.46536733505081,-0.453032278341241,-0.889925549971756,1.45063208463799,-0.566188975386181,-0.466144661880374
-1.39357705630119,-0.627289012070175,1.03832323570145,0.113978303653934,0.75438423278632,-1.13045052687373,2.05276087738683,-0.266522541348116
-0.609529397147391,-1.50915014822251,-0.153578369877504,0.409188905585726,1.02438167839374,0.0544826158120524,-2.01735326708097,0.319395306850233
-0.294476048529524,0.625312338087427,0.0839211011480074,-0.123468667373934,0.495649820219501,0.876010074372202,0.0208529834358493,1.00741624909223
0.464052515009888,0.687697412487804,-1.6488145452983,-0.999257118549045,0.51858745876652,-0.895471053579011,-0.110763117049857,-0.839248086592454
-1.53705786488134,-0.885898354863877,1.26082751892305,-0.127063498615562,-0.422202884335412,1.40995149273902,0.844717119729921,0.0809221039281117
0.986154174910774,1.9629596274544,0.331433803057917,1.64840135033919,0.863112811422716,0.190195110435246,-0.117869517329331,0.713000201757591
0.63022214900565,-1.14847996632607,0.0512590380473469,1.07682688352549,-0.77792222397266,0.280405077295919,0.984638133992867,0.521810858652573
0.0573438114517035,-0.511829920801058,-1.00843258297304,-0.457548080331737,0.147913267697822,-1.62332961449366,-1.60734429222589,-0.0619710618058474
-0.381605463321298,0.83740846145382,0.0155502196548184,-2.67581520650047,0.291443402851548,-0.676548106298107,1.02747577817095,0.903423370580606
-0.633186757768021,-0.400205361947809,0.508704282746923,1.67171411025995,-0.870592392531616,0.144416458556772,-0.819052125158481,0.505574241412171
-0.0679129714689343,-0.631385367894203,1.02016973548775,-0.906747377384216,0.407185801302493,-0.999897007065761,-0.640668549827997,0.183025435629407
1.9219290104778,2.29549587724269,0.298498195073704,-0.505308239017149,-0.0720134782063467,0.568210747769394,-0.00953669327210589,-1.19000015841017
0.229862578709867,1.43023643380935,-0.589599614610775,-1.00002678244559,-0.441539340977888,0.924689549928911,0.775778043790124,0.760615750927028
0.217079282561056,1.44627327002908,1.07215682968861,0.29892673566684,0.677809957237227,-1.56900170176105,0.630763464291278,-0.706858537733174
-2.16644904693652,2.65836138519804,-1.17445842252245,-1.33957767660865,-1.56435121397483,-0.319648210457393,0.631949646228966,1.49260548926806
0.579098119363655,0.857457735162205,1.34635675607817,1.19350084765635,0.321957409449957,-0.24786514228861,1.50145668987466,-0.621214033521196
-0.585505708500053,0.952471854924041,0.0345644109328506,-0.254107445482543,-0.641134555081569,0.592769190374225,-0.700048981346147,0.651176088480488
-0.0272301766665104,-1.50507694914897,-0.407219093069914,1.08977849612331,-0.692460895056852,-0.22375861137375,-0.945546644739509,0.818677232923681
-0.132280776975687,-0.936483419772056,-0.696034857887068,-0.154487136054534,-0.682229575034754,0.291473797207398,-0.550946222684662,0.793994739823677
-0.614285153899758,0.158674080237404,-0.504558810377946,0.937420091717837,0.36586859362163,-1.17505691219887,-0.104415843342291,0.465787645000698
1.11127182596136,-1.30677777820518,-0.313425707556102,-1.13994040185635,-1.50267376461034,1.19195167214209,-0.401841641030977,2.72758565321293
1.18815477311469,-0.867326978390905,1.36339089163012,0.305557006468853,-0.200388284794687,-1.02142527938217,-0.58701962798582,0.183702997368935
-0.194138344376085,-1.52809902431313,0.72110647351331,0.523050856641664,0.685793677560333,0.0210620927061905,1.4944854000269,1.22609812389103
-1.27262364994961,0.35062537872861,-0.0533285248347452,-0.887837356589865,2.02362218831182,-0.537218414405915,-1.80331529660525,-1.10112178830905
-0.763864635380572,0.860221059165617,1.89800113107485,-0.73198692132322,0.163081728099128,-0.33205597674152,2.10714274199945,0.679745634582042
1.94225947852756,-2.29534802749027,-0.0819707742527542,-0.195986513853046,1.0644624113802,-0.468756923902173,-0.0330961303459285,0.249146525517403
-1.23932776851741,0.589988825009825,-0.945306262988345,0.251280648601421,-1.62222608607397,0.286733964287293,1.65748676308624,0.390761517188697
0.0489430340494744,1.65723283787064,1.89836087626914,-0.37517278861946,0.0509109618405673,-0.017080252271105,1.01340738300127,-0.610220340348051
-0.709460884859677,0.411594340165329,-2.03073526585222,-0.534659842241011,-0.235758666070428,-0.015329722534871,2.14917304529344,-0.176315343141601
-1.09450604587645,0.162139820506825,1.27352803210382,-1.5314864445489,1.52814875289911,-0.756105688625859,1.33179489727804,-0.545094749754098
0.62340893485572,-1.22236309028351,0.56389424234926,-1.29486889653145,0.399733953516431,-0.288400523652035,0.156276237549379,2.16939060707874
0.441832851630227,-0.75767268713596,-1.43409445515341,2.65385825623304,0.304002178205395,-1.47110507980238,-1.71557413518529,0.0695889570664229
-0.0671948162536613,-0.653884146855755,1.49295035902246,0.771493234871258,1.95419957283235,1.78980070415526,0.549604328844487,0.406966873092812
1.31289624113228,-0.211907618443393,-1.56940560060231,-0.0694475914099902,-2.02877014382737,-0.662626218867114,0.699942131362418,-0.351125286545411
0.331823618525298,-0.0401273833261838,-0.0604642234553306,-0.50213380705909,-0.777368075960518,-0.290495242836733,0.206633891605009,0.756621066598637
0.291463204922028,-0.592187389826641,-0.915172521637459,-1.57397188765881,0.597766705338644,-0.0982662329427642,-1.03281335497546,0.633971822443283
1.53175624548384,0.543466735733154,-0.0621150416113284,-1.23069544812441,0.65513541321072,-0.362153422036837,-0.621303136947375,-0.221670728128704
1.51082984768725,-0.633094877701758,0.927863683055598,0.155548358279049,-0.226067693632382,1.66186792174474,-0.646937876063037,-0.477110817822784
-2.26177862482008,0.0691966994453959,0.516104155128768,-0.584639964525653,-1.088794019064,1.28674417391757,-0.623204466887022,-1.19695287657961
-0.847270298437739,-0.0141820516880486,-0.487547859665797,-1.19345566164142,-0.0898245420001792,-1.47187490505511,0.473844150709768,1.58618604445313
0.97540589554029,-1.67029650779093,0.591683528838857,0.0227400228787693,-0.417708665372439,-0.446482836326113,0.304154321644739,-0.421099995490495
1.24156817843837,0.362252314000474,-0.973867967806144,-0.0190323676267038,0.769436558648438,0.150197522799398,0.102561263527298,0.384372547195446
-0.272716370917975,0.24320827969888,-0.0842525991468876,-1.95063631867152,-1.11239350757905,0.535325044007445,-1.52823958473874,-1.10313685494302
1.80785933266696,-1.296605942414,0.114990118806684,-1.90869602970041,0.369530965490374,0.138030102186883,-1.41078751649912,-0.0894847596228864
0.855922228579635,0.101730108004354,-1.87986953480428,-0.638933769623129,0.483502341771359,1.11425699196314,-0.393624773209993,-1.74060351952124
0.305546721288061,1.12918259290145,-1.45207090278319,0.082962487774174,-1.49490362486864,0.655916697521301,-0.283591421292027,-0.629148988079682
0.0518596002473675,0.912274332026738,-0.894819025126827,0.332209185337639,-1.91690214548444,1.00799396339738,0.442828772906856,0.402689258351031
0.772399305575719,0.925255416628658,0.793449287430935,-0.0333313614104311,0.0367883384517496,0.24137025492004,-1.12186430546998,1.41221015007308
-1.35891480632948,-0.00211538647025377,0.726076522801866,1.0485925948306,-0.315073497696386,1.48971227570563,0.988352840224234,-1.09045753014029
-0.323892013539958,0.148399737410505,-0.591264902815001,-0.30129841397211,0.87118205047581,-0.0727477831155919,1.57941930643788,1.2911496106598
-1.42106410390972,1.95407501572039,-2.2285986297613,1.28733485416723,-0.824322873773087,-0.0113672881791151,0.98486046659936,0.198257969444092
-0.784702800297106,-0.619661655068893,-0.818073851301752,0.58476909079507,1.30628754806652,-0.387827040282091,0.913361893241816,0.125905168125484
0.0485772189546155,-0.809436412833585,-0.548139863719383,0.731220102811096,-0.62983498971269,-0.675893603348395,-1.47042956056305,-0.202972879932917
1.20470152079183,0.528767822953232,2.08725099799097,-0.443724940837294,-0.720711256442567,1.12859481662874,-0.286961815963581,-0.281117052308389
-0.628912335464997,0.491581240308031,-0.203483292022547,0.63183744757546,-1.62103433757088,-0.823958737863185,-0.718789863058055,0.675707192625835
0.585215827782595,-0.301242401713824,-0.273597692585279,-0.212425774058517,-1.10736963956943,-0.238612305102195,0.66965635645869,-0.430197171003228
-0.402839075523016,-1.12704898963386,1.48006704658477,-1.11069434379817,-1.72594422006634,-0.0610505500135421,-0.717983478236288,-0.748514252051793
0.934466893458118,-0.135752939286363,-0.454997986394012,0.42361932259576,0.514757697699489,0.340646065326899,0.0631011225207877,1.73289240666261
0.437979732390038,1.57787415907729,0.490468586245895,1.30133367698646,0.999133372724169,-0.892129259418966,-0.307222034746963,1.06181677194362
-0.110669698373526,1.05918719319951,-0.0586980938955534,-0.525107702321444,-0.183496670984242,1.11930723172133,-0.0603316646990522,-0.535863431734546
-1.14762485961702,0.234538790669337,-0.659727720818939,0.683741982488865,1.4643625742522,-0.056817564775699,-0.0625087173144603,-0.419295829640435
0.305094101920093,-0.474892752919697,0.136361844902479,1.12935773585966,1.83096472606535,0.710668071872517,0.523634027699706,-0.115785789497623
0.970993701869851,-1.03984613342809,0.289943542621879,-0.299629324933927,-1.19998677397732,-1.2055715142432,-0.426773682560619,0.654430033905487
-2.10477939547963,-0.000402205578457124,1.07300355840471,-0.304330133238963,-0.178452829175099,-0.39698912092193,-0.671403240314405,0.391223687206578
-1.31524056643057,0.0507265195016173,-0.0533545756000453,0.179407364250838,-1.30519120682487,0.686306110213998,2.39083974163453,-0.649464803694427
-0.438043427051021,0.65099051203639,-0.590151492391451,0.339763841836321,1.61285985715264,0.938246991607432,-2.60081722979713,2.87951574694987
2.0236000108203,1.4027776484593,-0.773101187330083,-0.601068352416161,-1.60351832012293,-0.197021009298047,-0.0599876031277435,1.37818989213779
-0.487064722283563,0.633795656310968,0.390980504082176,-1.24736481145243,0.188005970266287,0.0796424588829587,0.247152890473102,-1.12405248419451
-0.35461629156556,0.445756234028467,-0.260150677364445,0.375593265578451,0.383087819062209,1.081121220595,-0.849019175957425,0.6322907490458
-0.0336369650641678,0.840441529176295,0.460809322750702,-0.281930345207668,0.0143939075554925,0.332829722228421,0.62824350599034,0.759906354803439
0.754250658133624,-1.31631868227464,-0.395033142544271,-1.17796137468077,-2.06674245529613,-0.11695061213969,1.05595047638155,1.59650187960232
-0.7640602730576,2.60176660312354,-0.386530131141526,0.453057645437078,-0.0578062922384268,1.80138621463236,-1.16008003793104,-0.443731309796806
-0.0238834989681056,-0.938257458146857,-1.19788940028197,0.00232991064530376,0.579978249497859,0.533067376840879,0.49310866849181,-0.57537513264497
-1.10601336569584,-0.580678884494495,0.432781187472057,0.54647602350116,1.68929036942979,0.655567253359934,0.252632927173144,-0.27242797217325
1.53001445185524,1.52335368080698,0.788671922158003,1.98781809905313,0.906331337770805,-0.480632728393241,0.503917066361892,1.38533983651062
1.03505516323367,-0.812740406453435,-0.908407563501458,-0.431299623439817,-0.46938564627222,0.0479931893721365,0.508260215981512,-0.424954652103917
0.438916320312756,-1.99456991621695,2.16638164794379,-0.0612655250015046,1.85969608287307,-1.06475562614156,0.0143721384329795,1.29966038988948
0.0446755624491434,-0.391171187115422,0.108096691453884,1.76397657273659,-1.04299028695566,1.02257233091599,-2.07364226418236,-0.266966406524602
-0.235886607061796,0.235531778022089,-1.72159566148631,-0.0618206522268435,-0.231602505291259,-0.847865612019494,-0.163804133194393,-1.64972650906281
-0.292863803036151,1.01229310023371,0.536868602917142,0.562962730115774,0.267161400061921,-0.582293063947286,-0.0739918161575629,0.139300183577992
0.694885021370443,-1.56663371356993,0.349709254778018,1.2609525044723,0.662495676058359,1.8050318869646,0.65418758752065,-0.859585738374811
-0.600049053431607,0.236976074008045,-0.257522667889086,1.39382679843955,0.52741158927979,-1.17421887854436,0.108890607772444,-0.453970091834832
0.352092213153835,1.0218463405334,0.487865917355683,-0.579456813041564,0.380554439137652,0.596612476448668,-1.90320330453173,-0.221656547386486
0.828283584549263,-0.406605410172438,0.530152502789971,-0.39849737354548,-1.73589480466967,0.285789262228168,0.81320647932653,-1.31944860623469
1.19224522828672,-0.131937529138609,0.680137187325982,-0.643424198940328,-0.509746861482149,-1.99902538650294,-2.10117098338314,1.69780378896437
0.452559858080425,-0.342627435924292,-1.02166815814569,-0.00260810057817728,-0.0535636638326863,0.117755663665846,-0.0417055356250033,0.280600326154837
-0.0124306162298629,-0.726202052787999,0.876296864323366,0.709246256460379,-0.63612420602992,-0.187867413014312,0.937440361822541,0.264585975150925
-0.630460685928788,-1.16560390637597,-0.552714508652065,-0.909688398693288,0.0274626204181968,-0.271970480478278,1.26439980401924,1.26891905236612
-0.130112742691912,0.0855957480007002,-0.708357425362823,-0.403706787573095,0.131603033382532,0.0753930550927309,-1.28967844546598,-1.57364150253849
-0.706140219689017,0.577058912653611,1.41603177881653,-1.45539020730997,-1.22896032311075,-0.630701266774928,1.19079814656412,1.34386102004846
1.37045392072255,-0.332569708085535,-1.7762398036258,0.230957824026957,0.162966098106985,0.305082497239465,0.976253516449324,0.130580776359537
0.245874413139382,1.08296904666426,0.841283403987324,1.56512870507244,-0.831836061374565,-0.537469689476255,0.240860387870914,-1.49368302263805
0.228641945153936,0.127190805921125,-1.78027854664974,-0.0878837257788111,-0.964357709081403,0.0265927717814466,-0.344258275755979,1.30028403546406
1.59826159127931,-0.965875893129574,0.648135893330535,2.44361882993556,-0.42136503285049,0.100283488285364,-0.816589858116818,1.01156950645743
1.8116163336743,1.62746597828332,0.605017132919248,0.689816615490733,-0.68815169569571,0.679119962107451,0.702916602105848,-0.32930474744105
-0.472925184471193,-1.07923450333042,-0.401801709376207,-0.0523011259463195,-0.809081795796236,-0.75300255910383,-0.26030577747844,-0.754132788999378
-0.0548041568344929,0.175132879307465,-1.31293535802959,0.638190463284963,0.845427371087081,-1.85331862407124,-1.93925582128021,0.402148553343473
0.72435385096204,-0.915782856573708,-0.273672905043209,-0.00368711827929916,-1.56224705486403,-2.84446553816529,0.836203142287508,0.0858133061721973
-0.498217857504207,0.33007029320736,0.314719430279296,-0.658811538932282,1.56102765557778,-0.63792690855568,-0.641394620246043,-1.86806329414177
0.684695154847478,-0.31953497107557,2.31797802694935,0.0980545762563558,-0.916168473755756,0.105877468389269,0.0545511241126632,-0.0516454699330799
0.677964823890307,-0.982144252624839,-0.804764408086796,-1.07956169544645,0.0827383565636337,-0.468956645127108,1.07921936805695,0.0989519682242979
-2.01632361883914,-0.582354575848687,0.559430431875864,0.685474212152914,-0.177606357423578,-0.616414592170128,1.35061260692483,1.37481044814771
-0.14608477114332,2.32853536740203,-1.13900429563775,0.854658110560063,-0.885505142216581,-2.02718495217142,1.42420525349954,0.2989489682551
-1.36606640690268,0.379441304826026,-2.02602855579431,0.0574117528745348,0.728295340230938,-1.67338924219049,-0.890663049586918,-0.744174416610812
1.17381665435169,-0.919843428238608,-0.987963163258581,-0.610418982480717,-1.14545777082718,-0.726556544066076,0.488380713705601,-0.906530750493513
1.0772858195252,-0.422016651820942,1.31441830208536,-0.508334362944103,-1.14558211899254,-1.17249117266847,0.0932265139225102,-0.0962108468481164
0.14442493443068,-0.675295505129111,-0.203120239134513,0.846598566257467,-0.0606892945902567,-1.66365482873896,-1.33481476651223,-0.981507922290584
0.497950695625921,-0.458511317229264,0.749232416725026,-0.701240799493234,-0.13481394877547,-0.723321277847562,-0.098716910153939,-1.26847006492386
-1.00048124692781,-1.03572944281013,-1.50280485663523,0.458825783495367,-1.03560691914028,1.4674229488687,1.67293206967045,-0.0586331891849629
-0.30189155581503,0.754951340584978,0.211698348513994,1.04548561097524,0.102070675583708,0.245997016042152,-0.532230031221155,1.78046966840387
-0.27192323128423,0.694671271149303,-0.48542339283413,0.645914702700205,-1.42001359411781,-0.498043112044102,0.427261409517232,0.914448303268898
0.195502877661184,0.866788602919215,-0.0104005903791031,-0.353472698494672,0.691304656307717,-1.43065045279331,0.00320098275785803,0.419130454169053
-0.252276568729596,2.69338469748515,0.981029479848204,0.683208202021897,0.870417771492414,-0.16707273410177,0.224025995971068,0.763369195299155
1.04249204296528,-0.627792899406812,-1.7987905472743,0.255941830820027,-1.87379071774664,0.133447798760284,-1.21881764711098,-2.21733015855715
-0.284204566703693,-1.4926165430692,0.479943195831162,-1.00176040990401,-0.654960976039219,-1.66023712921598,-1.64076300496421,0.264498109945356
1.25259436004538,0.824747045598536,0.871619673818135,1.50562389354532,-0.816537894506374,0.432928916421202,-0.19710708867703,-1.18256398079208
0.116315385000234,0.688419718795359,0.275692830590512,-0.209657197295676,-0.320424233497396,-1.22347055633684,-0.102030182563201,-0.274455951573471
-0.439908570722526,0.0924770849715716,0.743750978145413,1.64687822414073,0.663442096237148,1.04074148479743,0.413999827860081,-1.37918287187225
0.225111899723065,-0.105621675011074,2.08065379201656,-0.00234154344965059,-0.133264380689555,1.64088107817542,-0.273113533830688,1.05080526782824
-0.173400366658933,-0.792133882811091,0.415092623300019,0.0803363549731545,-1.11464002878679,1.27930445395709,-0.457998825908195,0.640749411031006
-0.315310642756062,0.0222353605156086,-0.483548751636868,0.984717578959772,-0.626367109455956,-1.12669964203937,0.519512477528264,-0.88368983653277
-1.18114088125959,-0.379026644117261,0.500296306632679,1.11038845542966,2.15723891378165,0.247783383763796,0.782671134546111,1.43832809494991
-1.32220517787751,2.60125663543976,-0.276138196768149,-0.639903124794519,0.0435185658818409,1.12511750800058,-0.228440534688641,-0.821645530993609
-1.09180251992159,1.07748706578991,0.0410907336912392,-0.342545777238112,-0.335430418112456,0.896964496471101,-0.867483422936717,-0.829458555394588
-0.0809089174373802,0.560779334550094,-2.62716586886372,-0.765745697475465,-1.16265269112141,-1.28500838238837,0.480546624849334,0.492727382504224
1.44399725283442,0.93524804487404,-0.701437202779427,0.364340315064395,-2.20127487974708,-1.66609268485271,0.152737995318302,-0.579895811647289
-0.178376887019852,-1.59550060725867,0.356934311012506,-1.99411281778411,-0.477760136400025,-1.40063310891738,-0.222683809899769,0.978356008908139
0.247768144468361,-0.465545121506767,1.67240589775521,-0.861940666277407,0.268321202799332,-0.249127367560686,-0.657975209666657,-0.121556347267605
-0.286164356879878,1.07370742563769,-0.636165405964748,2.23198772968447,-0.106016287690706,-1.18816912068968,-0.101413812962826,-0.567718037514762
0.571332253633128,0.230340886931115,0.750014623665255,-0.847416828482228,0.380515259013704,0.0920742550960332,0.517630422138238,0.443392179150507
0.345516319451618,-0.836720366693931,0.206618108355629,1.78632237886769,0.496351621560215,1.16514985166865,0.686029370395848,0.87447769552621
0.771627338635468,1.33697191679261,-0.319281588389123,-1.27298039625901,2.59002284177884,-1.07172479319449,-1.25206094024066,0.975506014003569
-0.248479381252117,-0.884892304032252,-0.116717783086491,0.800180398944288,0.0538748912198613,-1.53929267025382,0.601975640348263,-0.318566907394254
1.34152150747553,2.27438305177692,0.587690902750499,-0.469444273170458,-1.28579421862709,1.67014547077041,0.65241973083801,0.922363386194514
-0.79750271739321,-0.11220013683914,1.56025328468517,-1.19674167228047,-1.02419923212688,-1.37968921474139,-1.63559210358457,-0.359246257703609
0.933320720447686,-3.22446317941633,-0.0201826364741888,0.151104715912619,-0.55512012627466,-0.735500851261543,-2.07298568622003,0.62967945578075
0.208092846538233,0.360572613591336,1.22387069535376,-0.811003429636524,0.26173602592113,0.517009663036512,-0.761140348165611,1.09496016283101
1.30901634766402,-0.389936690402872,0.241934405665371,2.1965540800767,-0.753847786527422,-0.487233935074931,-0.546754098037601,-0.061413060397935
-0.619017445740734,-0.164219432156789,0.521247859291443,0.291658043920281,-0.0531759352315883,-1.49375765196094,-0.460764037404278,0.814109263990293
-1.05245361125394,0.605600102171871,-1.15259600112818,-1.43468071216819,1.25764687299473,0.699296146717819,-0.45799514957423,-0.292592685090657
-0.305984125316327,0.787499793239071,-0.433600384919015,0.691010511538384,-0.526972746244799,0.141963561348873,0.374400099833447,1.33037902058706
1.27021143226152,1.64583034722529,0.0290115133741313,1.93462765736378,-1.05602640752735,0.216224477109549,0.410540029849129,-2.2188503173072
1.05442762741243,-0.0406489433155142,1.68793120153412,1.46687244845189,1.63106038979986,-0.224514105747594,0.424433664521857,0.670469042922572
-0.352752390247843,-2.25880601408766,-0.833092015502269,-1.11110635347173,1.10808602218237,-1.227983324926,-0.0195784073611046,-1.72181781558031
1.05697382264287,2.07027650416456,0.0924610620409157,0.355419012693932,1.14079384757892,-0.192859682125605,-0.982822117428471,-0.503339778222832
0.800931395270179,-0.661715118233726,0.447349807509206,0.306421857282319,0.02211519193949,-1.2828926061264,2.20089816352439,1.6621536064382
-0.444933597387711,-0.309970152849988,0.455777018299296,-1.04146614344261,-1.37042932831183,0.972364404579714,-2.09619008660609,-0.743469269772758
-0.943328125610704,-1.2537219728472,-0.135087638825268,-0.0388396008405039,-0.137987822598009,-2.19999493925773,0.624943516645278,-0.518555345588744
-0.234941625844404,1.2342811450333,0.14243100240801,-0.0841405617984937,-1.0798236549782,1.75778457755094,0.589260907002373,-3.05850567005978
0.776042297858297,-0.271281657064374,-1.92990646447996,-0.782233365211529,1.6668761527445,-0.0407507157108067,-2.00907749845987,-0.717419612893893
0.37676884650511,-1.07809895004415,-0.332630782493429,-0.0635255083168462,-1.57215817127368,1.38680792958688,-1.68779472954993,0.582853622990399
1.57071434206421,-0.954118879981078,-1.12686841992039,-1.95862549474976,0.558261873950352,-0.38110762670028,0.0470903463010587,0.772404302677747
-0.88679838015768,0.917854929934618,-0.324535749966263,1.21178804832419,1.17430260980983,-0.379631244287476,-1.15042131759215,-1.03465181731759
0.582250212898648,0.137014710505632,0.190758816530179,0.67408776952847,0.383195355155631,-0.0862605543000911,-0.513622448543792,-2.04692008957931
0.341111406464217,0.493442853001916,0.858847058076804,-0.441107452750278,0.680474340208973,0.860256382216206,-2.56059988165755,-0.103460376221783
0.996457252055729,0.0314538799748175,0.827552660428486,-0.539139639595813,1.0441340535647,0.782149437380823,1.10115225359267,-0.101073697186001
-0.241289762719595,0.3599311631511,-0.0411894522817688,0.182133456019037,-1.13704269431597,-0.984167624281036,-0.533796471109146,-0.0439672166156335
0.968129257944281,0.0504798386406474,-0.658006781171727,0.711183677829939,0.103548025257003,0.0486088899637,-1.32937409980564,0.518274785109765
-0.597122393191469,-2.35291063055716,-0.0398380078220657,2.62478210193691,1.64305743954668,1.15418543956931,-1.56352754888177,-0.921842135554949
-0.427934596997753,-0.609208132918953,-1.58809599715524,-0.365455858700445,0.263373732750673,-0.251469087499083,1.14068457032025,1.1213802794272
1.11169335732745,0.161266679868861,-0.224303223185862,-0.669978997426606,-0.000996574971707243,1.42595169605492,-2.69281580094666,-0.732720220355293
0.447853898339896,0.694828584693029,-0.573578216109701,0.892843959287197,-0.729912674357857,-0.435061955052378,1.06943305753412,1.39544716295933
-0.0749977537614445,0.822111766987447,-0.306056138319589,-0.669293667588815,-1.45680534062747,0.0703531843617389,0.996243287547148,0.721756878121104
0.706749051273535,0.0321895694531796,-0.0985407436216364,-0.0208328812210414,-0.653728408186936,0.317437496039614,-0.58030001388276,-0.629732373072938
1.24363243368555,-0.684052751731092,-0.951551122922096,-0.562996972103231,2.45462831837841,-1.04721176583809,1.04618993729579,-0.827298956342968
0.183453848213646,2.17646138098685,-0.831779526581208,1.50127505132142,-2.3980883727414,1.05343535530766,-0.157450702603374,0.0391651431203972
-0.925492311488378,-0.218400952180913,-1.39727810685758,1.08662933608488,-1.56785080984389,0.0115643591459069,-0.304899772946883,0.391634964010553
-0.0457862188599125,0.448529491205443,0.902389710249331,-0.691499024587993,1.28825778255194,0.891746919131909,0.828354905262795,0.655640151399896
-1.68290187323111,-0.238840073209551,1.33463091182688,2.05007023900582,-0.978895635217498,0.0092069246317591,-1.0764884216419,-0.199673828954785
-2.40400757417781,0.869551631421401,-1.01744970756175,1.81375410383715,1.85690597494091,1.29416016588391,-1.34858941140531,-0.939648288703353
-0.209719209170963,0.875631260856472,-0.383859809220658,-1.09341593660878,-1.38171475786672,0.310958491538077,0.240896080622481,-2.24210604662431
0.71983329690134,-1.0989735787784,1.15962220282046,0.666360262770161,1.02890337433015,-0.643271385008962,0.356177281842186,-0.0245785794115678
0.894604584592502,0.0463774674672622,0.744559261852546,0.176417907839761,0.488833318322191,-0.211271077701318,1.84907099370585,-2.00440273661564
-1.09817452691451,0.217057939527284,0.844918005405896,-0.151863024427021,0.241670152366367,0.440515547562732,-0.689506086589314,-0.181047403318515
-0.448131712343696,-0.737667485152856,-0.420304324798541,0.29731367686074,0.642330960413755,-2.13435718446204,1.26647521713419,0.888203570722114
-2.18803540086616,-0.351904111061839,2.02151559457004,-1.04388655213288,-0.553691196091886,0.907758417312019,-0.637551917189427,2.44206713902837
-0.296589793239791,-0.776690590676879,-1.31687212391362,1.63520717594886,0.622012695959401,1.35918262355003,0.548457456389966,0.035227510154391
0.61918952824788,-0.99565977150128,0.264185382717441,0.989832937883649,-0.120290673932501,0.422848928587925,-0.506351503247898,1.46649292268882
0.983428875225955,-0.0417502897088951,-0.127986076673997,-0.558847566009355,0.295193522939932,2.19878716079369,-0.278576498005074,1.86799599590868
-0.650944435952784,1.16485562040394,1.40792137523575,-1.70255903847559,0.311819521434589,0.396199015183311,-0.812713261376519,-0.685435254707711
1.97672565795787,-0.849336889657726,-1.5188806290994,-1.680178911222,1.08002337419671,2.40773437877718,1.70829729017099,0.430787727678812
-0.210875108753395,-0.800957733269009,-0.117161538029948,-1.90388262329241,-0.290905542275994,0.0266977254515176,1.73895961931183,-1.26424284777024
1.04343746182515,2.23222559600166,-1.43138908828834,-0.676749062929467,-1.5635246702129,-1.07990474109081,0.888181982503892,-1.68183738901029
1.91647311593042,-0.733749091400916,-0.848002216930631,0.516250341512375,0.322581252025896,0.445357343568747,-0.993906468843995,0.726890267703881
0.694905589449777,0.266652260846903,-1.53087660220141,-0.964195421703122,-1.35951409923672,-0.0129901421603916,-1.24944183399396,1.62948955534897
-0.528813250327721,-1.14901890149333,2.37895841053433,1.31019415969502,0.503197605915913,-0.808855523087489,1.29086437984021,0.512872065652107
-1.63152685652717,0.973395763281881,0.0826739423138387,-0.680235761515934,0.773086682809187,1.04647793549436,0.178581119044824,0.441172145774878
-0.745402632507147,0.357637149751899,-1.43071441185689,0.258581702852496,-0.645599962801701,-0.603724419098833,-0.0168349772847872,-1.61987052695452
-1.46173198295138,0.749607951393263,0.595372107828293,0.165400955992394,-0.280258362015099,-1.52251707514419,0.220130909691705,0.876624290513215
-0.150979766453208,-0.272999998132911,0.787770448381875,-0.23287464205422,1.07400025055162,-1.48940928617964,-0.798115826834439,0.878188633735582
-0.350027505851865,-2.59344977681671,-0.338030572142705,0.364525460088762,-0.354848980534439,0.500650832132058,-0.189270981719467,0.744210224667835
2.04001429921942,0.550894796706514,1.13586470380892,-0.338408189395717,1.84629948455949,0.519666208796982,0.484395962069306,1.56198077808356
0.541555982713584,1.58896871315563,-0.588199097940864,7.51572800751117e-05,-0.473801855430281,2.95545863238745,0.0773353556700097,0.642270682258656
0.350954217940944,-0.250971215361389,1.06088899645811,-0.961732635210745,-0.437159972753806,1.51525385222633,0.0180944601066049,0.620314480790386
-0.45843582846628,0.734505753444923,-1.74620107360616,1.57395142824022,0.602085747501506,-0.136124940610889,-0.75332701222074,1.30774094044046
0.779088130876026,-1.03706261250573,-0.359843465255044,1.57771568912799,-1.19952553051228,1.08556944875149,0.141980650765953,0.259013202431802
-2.63807672135503,0.869597792928155,1.71414742001934,1.18320831062545,0.21778523285742,0.282946048504182,-0.296929469693814,0.741796631364311
0.205954664018508,-0.753299055027025,-1.39049205797463,1.9798383693568,-2.10181315602278,-0.00728693024433001,0.269688004710888,-0.33887434864057
-1.59538669493573,-0.535445524337523,-0.988394107694915,-0.0488785178206234,-0.0169501080725644,-1.35109491453014,-1.40696829294804,-0.296625887598135
-1.45914421478478,-0.649781519016348,-0.563039755005782,0.926729894110677,2.66322570582479,0.292301593398935,1.10146302902347,1.06789588373491
1.04266511768782,0.367413838056026,-1.52376218732394,1.21643833405044,-0.470493084081368,0.540925054899595,1.19321407995396,0.237729989898043
-0.752971715991778,0.0361835137101779,1.65062649242304,0.208163767620231,1.29492290837531,0.079225021400351,1.58140289608949,1.28601637461934
-0.394703207380222,-0.190410737654778,0.0877403701825705,-0.866874999413906,0.884060789537685,1.64080509957837,-0.659449323271939,0.41424501900964
-0.445767638690468,-1.45064868297847,0.966622447247834,-0.0395678752206068,0.575546519950736,0.966212549369656,0.600935775991125,0.622326972608799
-0.0249306089785038,-0.284554438653269,-0.343468696283924,-1.80341070308092,-0.944116835934472,1.13550437450389,-0.578638423770559,-0.402996077484802
1.8797910297498,0.339464704549815,1.26165737098079,0.491695445222578,0.670454217736052,0.224122329588978,-0.714944560611407,0.625292621865145
0.651147470082761,1.40783161700748,0.639829990849526,-0.807813652156028,0.0825487681778562,0.276978083134909,-0.984188946734142,1.56117958852593
-0.507114367330201,1.06124897019766,-0.183181755226047,0.811271231017261,-0.332831293144292,-2.27184418837645,1.98827633927703,0.219439759103063
-0.396305963810085,0.504314122770313,0.257818231760778,0.401708634963783,-0.621601425334463,0.53927993166711,0.299648972679607,0.119267588473973
0.82660064471577,0.458439096353895,0.219505895593481,0.772672808384777,1.21750782221798,-0.294960871541379,0.546309001780033,0.773604992943022
-1.64283563391838,-0.170210031207905,1.56318184346933,-0.847564310446363,0.600125158874401,0.296585288422588,-0.899262637784495,-1.20932238905248
0.286159085425348,-0.875199594269802,0.264348969980772,0.578082420799014,-1.43382691892054,0.0208354999033261,2.02296083648291,-1.18828140738558
1.03087495339815,0.315790550571839,-0.390418424320512,1.53550096979053,1.00414161833963,0.407588705628843,-0.251297966365303,1.70116999843891
-1.08786779750845,-0.819905867639075,-2.82040756735784,0.0754641874184286,1.21429398597409,-0.674775728640834,0.196403089483232,-1.30278005438655
-0.22248883102638,-0.127631256720899,-1.57162211613995,0.95697186600766,0.309187572587419,0.666060663943186,0.264422675518057,-0.268746955651084
0.0984099152317233,1.77295060730376,-0.0111514297055108,0.525805589677562,1.20665928357309,0.129032822708439,0.19647212913365,0.24503287491427
-2.13875668252003,-1.219860316712,-0.357917350014798,0.0362386566177783,0.926012488408751,-0.942380209633405,-0.383920346317825,0.431474821052876
0.927486852766523,-0.794555950434676,0.1701700908433,0.598488425705466,1.30564945849643,0.41645269419222,-0.603990995116087,0.648371333638881
0.365484243823757,0.495190412581527,-0.0663362385526559,0.208023180823483,-0.172496560751947,1.07891395522874,-0.418501006900587,0.510247910728833
-1.74737904492107,0.812239832867574,1.42632636104775,0.201167359398797,-0.926773293761589,-0.737454734130922,1.94045573506366,0.497482563644321
-1.28195703025385,-1.14352897625974,-1.40911849024625,-0.486788004072142,0.139543657230031,1.93201180858838,1.91307326790885,1.51170022395553
-0.170651514856672,0.767794479550964,-0.724273455393461,1.82603904275082,-0.0142628119114256,0.129939518773193,0.799216829091288,1.73075386434881
-0.323400361421619,0.328676859537892,-0.905380245322006,0.721185326697374,1.54670863123883,-0.377178153196036,-0.713731066915177,-0.954523142639455
-0.839696130696204,0.641669141739982,0.0232752406164842,-1.98915183291426,1.37662700130283,-0.0988745416140284,-1.14919813756077,0.299236458438998
-1.38608037406443,0.52409027733697,-0.359449359236998,0.348175406443987,1.08723063881087,-1.14312420427202,0.0378925318601281,0.859544075764779
1.132591115755,0.99191621109769,-0.05390563568288,1.07606504254556,-1.46765946859141,0.626947446009414,0.305446173798597,-0.488508797054067
0.191272223598338,-0.845873345187304,1.09037342899113,-0.749903195388686,-0.0980831992026912,-1.70254304860651,0.595248210691448,0.715053067400427
1.42421664406043,1.45591411916976,1.30001340389083,0.150916971215298,0.653037454912602,-1.1533030256512,0.258411996479239,-1.00409361619443
-0.935450306294321,0.658559234951813,0.545961787694347,-1.69106939896313,-0.482671112064549,-0.602945841353418,2.18297887274182,1.96970242065248
-0.21360304869178,0.867887370878156,0.476916162872872,1.7314792086821,0.154065473265388,-0.466319852988663,-0.0116527649670987,-0.833522291505284
0.501591616769466,0.841622306760942,0.988125545220331,0.367246786346416,-0.232885069175581,0.000458817873176319,-0.274761324835278,1.34604147571973
0.376592864868324,0.0890153167210679,-2.29736207340023,-0.593347692621596,0.728918623137717,-0.781524076946898,-1.03587719518147,1.11332296051525
0.38739062291817,-0.272080052990148,0.17926585048962,0.681462923818484,0.502301672471114,-0.739912042735995,-0.467254111817066,1.44257119420758
0.161878516911455,0.929944076306158,-0.564140189737612,1.18358948942717,-0.73564540796143,-0.0536712177486044,0.625050425151907,-1.7751200807686
-0.462754408463303,-0.508845474572954,0.675181802571412,-0.878152170982006,-0.11044051852382,1.7694037186447,1.49999280104154,0.215204619617233
-0.4585865774365,0.0209470728601751,-0.982883042378873,1.32504263439247,-0.45470719765192,0.64035066289267,-0.850351543095589,1.2669524820744
0.227991083581074,0.460159803395878,-1.31959390965427,-0.288329183335615,1.10401248110195,-1.46729047182264,-0.386235874801513,-0.61076196836445
-0.558433821894996,-0.439615643958055,2.22364055588495,0.354961051105298,1.05601139685458,1.5730255394935,0.472324878349742,-0.05238278840382
0.319743571114027,1.94919930575814,-0.243240282141695,-0.245431696196694,0.0556272635467056,-1.32039334913214,0.0780490927092618,0.166911889244039
-1.95664442916552,-0.395406908447321,0.348425629939177,-1.07895270219484,0.695093638610088,-1.37341504840937,1.46508900928499,2.12017157006441
-0.754719202854954,1.62995668942995,0.0421215153475367,-1.36845112542808,-1.87873291127942,-0.0162087920238434,-1.30176703074075,-0.32075935718276
0.0466174296295167,0.50723020546903,-1.2531930404776,1.88423208112141,0.852003732720919,1.60500432983768,-0.968850112962556,0.284288309766759
-0.781272960399025,-0.0221203483530341,0.293881538049912,-0.692424814778276,0.731024873713362,0.401432308375874,-2.94408787614452,-0.309084842849319
0.169642707132614,-1.66696049068822,0.846607212353682,0.0418890373556725,-1.27773254727668,0.735719476417525,-0.400503990499762,-0.748709659889958
1.85689504502318,-1.33384209661604,0.230494968683969,-1.82181434755206,1.41723366970585,0.123326120680254,-0.561861581628011,-0.217606274364697
1.57595994356184,0.917558823719939,-0.927949077709661,-0.143971483424272,0.166232185689142,-0.0267890554740515,0.17756384857857,1.10605583497622
-0.749489145061333,0.239236189827872,0.941939635271086,-0.437960376886416,-0.916345045611441,-0.0834118702388522,0.848701032594113,0.0398786701534044
-0.0465972427985823,-2.46859277027739,1.67532964014952,-0.825289284623961,1.9681267293383,-2.98540258790116,-1.41905666264872,0.611563144022201
-0.280903727075594,-0.32317931433408,1.08504045444983,0.222566141813827,0.0572104264073742,0.123365996964028,-0.999161516947128,0.20708650200638
-0.776302982882079,-0.481102075165406,-0.283455515219074,-0.257900304200665,1.60796203128429,1.7826534004779,0.694617864240286,0.535750661994864
0.144849782103762,-1.22779300566991,0.181235203003167,0.905526353356269,0.208570365129197,-1.21343855654527,0.762182503353083,1.43721528151634
0.0774395742989256,0.144056267491619,-0.741077905488625,0.73948681930779,-0.208084396134103,2.12529042791729,1.00561907109005,1.30884904958844
-0.473739479613943,-0.409495214216254,1.64499842930965,-1.02021021973596,0.342600502104396,1.5278740755336,0.682956922026614,-0.594459812758267
-0.615485821665364,-0.929038106264899,0.735968618632705,-0.754167090539836,1.399983282544,1.26803606404353,0.734167614628818,-0.215840017427682
0.166071605389058,1.53473177668669,0.184507260468402,-1.22566787811365,0.189284171697337,0.191806405851771,0.680895160347262,0.0838209271481852
-0.42771201936505,0.224271550645091,-0.865484392597523,-1.01690496475607,0.0655412811898951,-0.0699430300798356,-1.07691043246689,0.538968121680618
-1.78245757856742,-2.06985583464211,-0.016331161504586,1.72199550261247,-0.124550829070796,-1.46850497012172,0.378515763192631,0.764907724089583
-0.189817816293676,1.0256462672803,-0.0111001557029912,2.99988878380276,-0.27819386317778,0.0480252726137487,2.55809548308253,-0.0786741917547377
-0.259451802803762,-0.348744028973716,0.315270184323883,2.50317248342828,0.178626913996799,-0.153760989381963,0.954608754305813,0.448417030593967
-0.25874852040236,0.797214930728997,-0.346349949903772,0.4696137872779,0.334588376801595,-0.809725417531945,0.338513692281188,1.88326534460478
-0.335820637064833,0.360128288988207,1.19709117276064,1.17924365152284,-0.233187332769662,-0.433346776726229,0.119794041631961,0.505845897563812
-0.855358176201803,-0.702047037196445,-1.5472101930779,0.402744406081915,0.0429306867765432,-0.291141088989552,0.578674881425973,-0.375164619438946
-0.847711467640595,0.90819411820265,0.748563928925098,0.503450208638303,0.720808789179481,0.938090578020912,1.6734354082931,-0.0294078745936748
-1.62485541344849,-0.168714405508688,1.63942089310524,0.204972626239569,0.8565832095185,-1.20340085184282,0.85400584631471,1.76121373717122
0.756272344234764,-1.05481665814748,-0.453037521413872,0.590978333186404,0.249643540835254,-0.0873840368716245,-0.489125981172749,-0.505635116582361
-1.24546136198525,-0.412598673404016,-0.368338353236405,0.781294143253094,0.622986211675559,0.250884726513642,0.971739747723608,1.3745776165443
-0.176112413798122,-0.140581371947397,0.0899333109721458,-0.481214893805051,1.30310828016303,-0.708516362306501,0.190599149352885,-2.01216631555266
-2.4312724841577,0.151336678987379,1.00105808443725,0.679878241425952,1.1886411150861,0.554054097332264,-1.05440377470777,1.22080636860614
-0.382965926075963,-0.990703683844437,0.231505906842237,1.88532424110238,-1.88562815653158,1.78313812417223,1.04028561176153,-0.437947784474074
0.336302904557481,0.74894417673809,-0.261003752739192,1.04245569174574,0.505549470079837,0.127832519260833,-0.213385478399588,0.82458720388935
-1.03128422169501,-0.00481853155791559,-0.585220226895832,0.249707709822168,1.00635124338688,-0.556895276026036,-0.176387316969468,0.280049596319103
-0.592645394917791,-0.150497844301049,-0.115003390626153,-0.0598019916812906,-0.024318077445386,0.257048256324804,0.876926388539506,0.947362239201079
0.794095680621259,-1.53944829497512,0.0301701682872744,0.287334255402618,-0.45104103503443,0.287645227912096,1.77798537847513,1.10238516284633
-0.757450683711437,-0.150949771415486,0.236610332386474,-0.682581852891492,-1.32058719934491,1.19696024438765,0.557233920980496,1.84253617160465
0.880335623424654,0.307626765615564,0.678845215796671,-1.54641699930329,-0.658469435877747,-0.34054531240759,-0.0512363821288049,-0.130514613189048
0.919747300948141,-0.574136133458808,1.07578794392191,1.35031258906715,1.00654521588831,-0.00336131438966048,0.321932981089661,1.4256394783405
0.819091389894338,-1.42624795343388,-0.927813162348216,-0.858999194468841,-0.484865535772364,-0.173628760465144,-0.262767214607002,-0.274753011954466
0.313640204313632,0.721873070002297,-0.922616521142086,0.284213090140233,-0.129643741998424,-1.10730552100805,-0.0679407651269356,0.368747460834289
0.769501453345296,-0.322559978743333,-1.46313039346134,1.7396202089084,0.880929803554984,0.830055494494244,-1.33556610698411,1.06442406449609
-0.0273779155221603,-0.350409411089473,0.136223626282088,0.647608095580884,-0.554099190466117,-0.248985798447966,-0.0155651079734163,0.115369963825191
1.52324538516759,-0.0296293843768917,-0.341756473215046,1.91500728192594,0.160409468257032,0.414005913964946,-0.683747749618837,1.5830135211871
0.494697388436508,-0.642945470951909,0.785641149112449,-1.42171946326863,-1.24133400288627,-1.00898408041368,-0.570922027855674,-0.153946117523319
-0.231834212364997,1.08441120749788,-0.171345900703847,-0.744471562974199,0.00830059557844929,-0.0260263735046815,-0.287988750209842,-0.343007723290685
1.26191337543761,-0.892802149359059,0.971286418870516,0.226185621636185,-2.08963056654251,0.612513595120344,0.476668590112072,-1.42665151406095
0.0956456257750564,-0.0153752051863517,-0.437702241349444,-0.0566050779871302,-1.75366341621384,1.16992210467413,1.57538300620194,0.944785226016166
0.605293842684734,-1.78957394292899,-1.11970308815344,0.714489784403711,0.77962903583717,-1.03838223457725,-0.312918812497308,-1.44180772865437
-1.26483941974894,-1.85990730468881,0.194876505858989,1.27043609880513,0.871926465099053,-0.0846268001274076,-2.03960708004618,-0.838609023387741
0.501084702654124,0.79999665988709,-0.965531818267554,1.63764356536879,1.57302083194024,-1.36953350489632,-0.102496125784238,0.326187581692749
0.990284158985092,1.13959212466596,-1.35706633899401,1.31319382846802,-0.0776782382788551,-1.75449947895507,-0.331794670068119,-0.466225673393552
-0.0338797503747446,0.878001517677349,0.611741964791157,-0.778241572979576,0.739816186539825,-0.713002613072403,0.25133362843273,-0.896954009555822
1.54724334115932,0.616014780994102,-1.16115879479757,-0.0111437325089975,0.061454274778168,-0.941691663065936,-0.803248441145281,1.32396186075139
-0.866958778505225,-1.09998610176553,-0.328602359577749,0.459447148670314,-0.0365866466614778,0.641770115329401,0.429808062563311,1.4897294356538
0.518829061439999,0.763640476430858,-0.813378940290416,-0.315862930597871,-0.940169689924588,0.791402161251715,0.740079978578609,-1.2097417807704
0.531819822492941,-1.12273140877942,0.769613705854744,-0.0280496211473532,-0.386537397922873,0.808951282267947,-2.96303340294955,-0.709522511292135
0.81756885082547,1.70413884660163,-0.272934423845372,-0.366982003225183,0.728506486270832,0.0192595738155885,-0.251839234496265,1.00392935348173
1.82472162937649,1.5808174052633,0.0153579352198314,0.592635948264442,0.84390750008233,0.30421804942622,-1.63459897230209,0.170813444640203
0.0827157180094525,0.354099710943301,1.14153262081795,1.47839836224925,-0.765074143225413,-0.087195091295473,-0.116733866285642,-0.261189962923581
0.650064836472773,0.703675377436872,-0.653739720857801,-1.12184076892281,0.379137671332541,0.173175231446911,1.16839102911795,0.693673736995529
0.294382058416613,-0.337918065244337,-0.691766839888161,0.451734195639173,0.325398177523047,0.132858783696197,-0.462961680105311,1.21610040623988
-1.93254367675253,1.18684225063164,0.575557789550202,-1.08797483831004,-0.469605299348511,-0.869155357901765,-0.478193826404605,1.21386693040438
-0.497617623021948,-0.475834675075181,2.02181968955844,0.0158394884298976,0.457337119660249,0.154856409275556,0.352448985895367,-0.483672405892539
-0.936254369324426,-1.54837615505933,1.12911704649736,-0.274922070360215,-2.80823588958836,2.40468727062408,-0.275222062932876,0.229087426543827
-0.639153532629168,-0.473070431733433,1.04518341626571,-0.488289326794954,0.549852056317184,-0.692304159578952,-0.874947902286229,-0.770576570757061
-0.89173659438395,0.673996012286436,-0.479226202749916,-0.112410083548331,1.0675080520724,-0.884176296161004,0.465821759544061,-0.456690421296081
-0.137444846337175,0.75561353772113,-0.092564179523105,1.71556408705014,-1.24015202946995,-0.281309873790438,-1.59556042084256,-0.956250094482353
0.0821587241155786,-1.05715138854358,0.0562650745703984,0.942111137016227,2.38775899852208,-0.0295052258695007,-0.0630915288817692,-0.92673127877162
-0.937489094276728,1.31274156251376,-1.0836210650261,0.373859332491471,-1.11801236904332,-1.75834486576265,0.0616784910887471,0.271373289581419
0.389238851575141,0.0977700733443673,-0.840630804164628,-0.512888814001693,-1.43611597518964,0.0553405398421406,0.101048832709911,-0.271860736924547
1.10415305321864,-0.155423501372787,0.737654241781127,0.0281552256510928,1.84567481746625,-0.932965858347892,-2.3797046775445,-1.73085535034892
-0.848578828525338,1.2769828000491,-0.173298820498248,0.122862318052198,-0.27249654516202,0.919657305851184,-0.900845463221934,-1.3637032964057
0.299255140716183,2.29478891270247,-0.980171546309756,1.39287293643198,-0.184067656403943,1.28937886890616,-0.574660485748228,-0.523240434741553
0.466628228409078,0.600959534796473,1.24611116324774,0.546372853415884,1.85137109607,-0.152880568766968,0.85997867045786,1.65345599078321
-1.00901579268024,-1.66926833489867,-0.490937334864695,0.0686103491747698,-2.0945607824442,-1.14643829236603,-0.157673491778402,0.664798076238605
-0.531073508889314,0.762067550469093,0.221308083593361,-0.142111207090275,-0.710417542616297,-0.6519550886492,-1.68023980904736,-0.727003801467146
-0.271498792596117,-0.617518355151995,1.47629970470799,-1.70126288196629,0.199517289572571,-1.576900718484,1.55478464217749,-0.0505583804903147
-0.120460469783492,0.205691702301407,-0.838208683587066,-0.546171182084348,-1.3315943513273,0.993592698548468,-0.688678824303273,-1.2943823897541
0.520971353341313,-1.14526682434815,-2.32260078445711,-0.369883979642938,-0.581845199730229,-1.88215838449669,0.736620418204813,-1.79639785519503
-0.244758590547249,0.606892225943825,0.292362733930961,-0.859371470763556,-1.63595590369596,0.203204833876308,1.2609943643758,-0.40075175734941
0.0585396465616362,1.00080408611003,0.155719786518928,1.47295857712643,-0.333760834375616,1.16307372888148,-0.677222234428049,-0.788845694935687
-0.521938486665788,0.236771411725631,0.920977141564907,1.42364366274006,-1.32300815053739,-0.331184065172949,-0.886287353996998,-1.05371775003541
0.390755564681896,1.82220316079111,-0.268752407293396,-0.566980725265267,0.337098296027203,-1.25384470312096,-1.27645263109524,0.880891646733882
-1.11390051306948,-1.75270752318468,-0.585393055568772,0.791702460107425,-0.216178455756682,-2.03837067585949,1.6203526575801,-1.4664351338219
1.79537449410722,0.167427897560552,0.0473488832967791,0.737657023867613,-0.795824100829397,-0.844576470885386,0.0183720782941648,-2.04764569118247
-1.9917683060887,-0.398023050009374,0.438488251583543,0.422907503059301,1.4542932974898,-1.34590615836675,-0.732053899585693,-0.874944638874385
-0.44935325961648,2.08555950827478,0.287866509658158,1.85945129531689,-0.837863153699258,0.5037649734858,-1.77902489208071,-0.767852654774002
-1.4261152036752,-0.0620841733194564,-0.976693650257103,-1.34076685465345,-0.00584270270280854,1.73232549304052,-0.723277509049973,0.104404591432011
0.893553918780407,0.363638390166082,1.28282074420599,0.0414139104077747,-1.3278888454462,-1.19647769775016,0.0895214522390118,1.45330932849162
-0.320055433817295,-0.209112123814536,-0.228989480183275,1.31782642593577,1.13804282279316,0.378252649227385,-0.44640676958735,1.32255020655692
-1.07057049752258,-1.60391690048084,-0.553949994390598,-0.483294999374855,0.267661162649396,-1.54694874449,0.0955413501728703,2.94902893086247
-1.16968834776756,0.555743698614581,0.190994055457618,-0.972940881828091,0.0932709822787372,0.242935574094321,1.41202780926702,1.84211934243014
0.0474921020408728,-0.685700269045446,-1.83246829909987,-0.263525451118106,-0.702217714617611,2.06221466908402,0.0363497673912874,0.12606239707427
-1.62991989145841,-0.469059205659733,0.385048345552237,0.87722968808954,1.73585967344715,-1.15152844934098,1.3816799240846,0.107098239753926
-0.548815287551257,2.03897522333487,0.880536470377087,0.00269520744022362,-0.33007840356736,0.451032834165761,-1.08733649955125,0.0259030816161809
0.470051536353878,-0.807522672318012,-1.80051784477131,-1.15034153228571,0.880876744116736,0.318092769581133,0.828903303198471,0.438230385991974
2.42151503072189,0.354940404889399,-0.345561343831454,0.999648407628834,-0.160093434846347,-1.56784783627416,-0.844380685639074,-0.379322054946547
-0.481882331393487,-0.124569398025349,-0.610951930620957,0.203506463536056,0.326865319538084,1.48585654297318,0.683441545660062,0.0594075782278653
-0.281182736661338,0.0590608017157415,0.464831975323702,0.911849227176398,0.3352594541701,0.729480549814283,0.867495893849048,-1.68010186739484
2.29852799255026,1.84836556112347,1.75950749409229,-0.771478413065054,0.529133187216053,-0.78590638449919,-0.515272844612552,1.14629099489306
0.716749178862026,-0.198855936792262,-0.855325629137131,0.766949841230704,0.548182108406948,-0.862229092473914,1.03444072092438,-1.38673804048574
1.69831764663723,-0.13580076609967,-1.25860466976302,-1.0406463467161,0.727312559065057,-0.322967487757763,-0.421261243650959,0.860476684526382
-1.1388151337475,1.76215949170947,-1.10815597758928,0.44388482108772,-0.541077584906334,-0.176310993928412,0.249618638735527,0.391408012364098
-0.0406133988161728,1.21152503224411,0.111555210919987,0.49386897854769,-1.60408875664194,-0.121318106322994,0.480495900189093,-2.3215494492717
0.340229551483874,0.292785803795042,-0.61770530042674,-1.6030438878857,0.689834756818378,0.104507433860467,0.0125130395003598,0.934063477155667
-0.109806542121897,0.377235854590351,-0.825931468418919,0.880612801220588,0.792929190478779,0.537574703139644,-0.956939351763762,0.645798309219785
-0.951984032987395,0.702142036863624,-0.535584080480819,-1.53116916250602,0.00198449453171886,-0.388372880025926,0.473931065244063,1.07446181666319
-0.290000855731152,0.785438959009848,-0.428394799472042,-1.03749234095752,0.0541708880333355,0.518627189476477,1.47800234517604,-1.22601129720086
-2.52439656530987,1.38312403123456,0.39074748336649,1.26630635584997,0.0373734462809063,-1.1847221906025,-0.271611575071458,0.932196250881858
-0.326445210725014,-0.423383245823821,0.230094446201682,-0.0414576552202504,1.07907828276917,-0.00656379775974878,1.30673206127955,-1.35870597165874
1.29182944975967,0.063057377610249,1.01781837757825,0.751335799074019,0.422795065699866,0.0903381585215716,0.142495701803163,0.41423322875619
0.473874551001373,-1.43016682124456,-0.122157459300289,0.159603643366215,-0.973756982086137,1.53218463414237,1.20832681584996,-0.528856931596925
0.13810670794407,1.29925010064214,-1.28170941428369,-2.12066723451697,0.0499269039190458,0.556879675468388,1.36748770373603,0.0526157282540128
-0.627106614495911,0.50899826427696,0.286460549973731,-1.51864665969657,-0.400265826203063,-1.6739268908852,1.04361494387746,-0.70450254570372
-1.16472760669799,-2.66117671132914,-0.899062344531522,-1.07365148618863,-0.534759292273892,0.209867806752188,0.813857866774387,-0.138027077781344
0.70892864479468,0.776381175320926,0.786557256542566,-0.490175770671873,-0.434806081882872,0.825429875906427,-0.965538994145157,0.741821283990657
2.12547336037104,0.934455217839103,0.417315226861744,0.667930561407062,0.292446858280709,0.104073878108416,1.07978512615096,1.76665935607761
-0.471221303285367,0.505575001465721,1.62481034122941,-0.932860117286281,0.673217876384578,-0.108350084436332,-1.67674215509161,-1.00857194596138
-0.685619510276067,1.05284393472717,-1.84954540868454,-0.210096401309592,-1.10529885538503,-1.11871871782259,0.961681529198591,-1.12022846039235
0.00214202332750632,0.268674326211731,0.571818388775857,0.592727722585514,-0.696500315505955,0.36994724594632,1.15494370850273,-0.416140490717933
-0.383500698920855,-0.253378167895814,-0.708037514075524,-0.733596527786775,0.475438980500419,0.0721265788780338,1.21209838696069,0.261054967485758
0.506610165650701,-0.550134315818146,-0.610226113807879,1.88690971744876,0.575710632665458,2.50209043514201,0.957525391713165,0.419986551379844
-0.506429967810182,-1.65748834711315,0.0567350235300247,-0.0410692881159756,0.192684799538912,0.432154742270317,1.41794188357611,0.55057380582472
1.63491250181268,0.216292311828707,0.948498393701662,1.86843667871051,-1.29419918524198,-0.175881503338039,-0.00903670468877607,-3.01801009012629
-0.713551122708623,-0.882962642275902,-1.24917831776098,-0.285151025575187,-0.217973757113956,1.60597561009735,-0.830187234992952,1.04754338385091
1.01591633441292,-0.281758910478621,-1.3792789959795,-1.13066131340142,0.0972935566584396,-0.537476660412985,-0.0958948493830127,0.156188906105821
0.417508102988014,-1.09240269354571,-0.913846587465043,2.0218328888501,-1.66752408312042,-0.948210890653719,1.55576577553247,0.920988164152034
-0.444982581592593,1.86320239036592,0.599221153007534,1.43264715630724,-0.837566102366456,0.669566181310921,1.34368131678899,-0.258130398757469
0.63828462271638,-1.24419063956972,0.791385345095794,1.21750249186026,0.250658988449946,-0.394049999683277,-0.757993952956809,2.16408763452294
0.291477396804805,1.74392377718884,-0.663138652914158,2.49393821460883,0.195175994416093,2.63218752497661,0.692009023630626,0.40290248392258
1.48899241097359,0.106831485179574,1.72999953142133,0.790009551732404,-0.35015367887618,-1.30630624583221,-0.552319231159142,-3.50666591339882
0.327827276088323,0.918481987853891,-0.944862737765538,0.116203858409417,-1.16672550763637,0.29301185210884,-1.21940768211838,-2.2324787681802
0.846390632799229,-0.622250441374795,-1.45769786815602,0.420010266832056,-0.177217314480451,0.341539542695692,2.60329936545551,-0.867364631671558
-0.171118696502831,-0.0698031771581059,1.34726754225098,-1.7408207648032,-0.664605726778214,-0.308448516616337,0.0474248757739576,-2.702008488233
-0.740951101884251,-0.562841352732045,0.377992726352874,-1.96132945012778,-1.04538158549436,-0.136323135660975,-0.8540403348771,0.0210658527867841
1.04577305905027,-1.8571557459476,-1.93811698536733,0.432448938879035,-1.30892177209908,1.01355783054189,1.67426301098127,-0.636371876659303
-0.218696857920463,1.11155350710407,1.28161000706721,-0.50242013492931,-1.3178200210956,1.02216028035059,0.913369296839942,-0.406337929655755
-0.207953851981592,1.88453429003325,-0.857066110804224,0.799499278222056,2.72841770958808,0.806392569952144,1.85027057846742,-1.1238545812745
-1.04930042030856,-1.08755968584832,-0.862546850477589,-0.655715624544987,-1.08503821778945,-0.985519449512473,-2.0508659448432,-1.37737235291131
0.347175243392542,0.285790930011638,-0.138641567717097,2.10243064784437,-1.73488560021672,-0.598828643010974,-2.17074635399595,0.648894720904391
0.281839451344385,-0.730436177085113,0.868580577131931,-0.136544438346517,0.728352809263571,0.324702236075676,0.549002877479398,0.427225101187099
0.021877426947643,-0.306560971725461,1.24173308936945,-2.84576773363863,-0.372084182629004,-0.923359470009758,-1.23929549244083,-0.126906525934195
0.14555028357698,-0.385496442665241,1.76238787894359,2.07004861291103,0.30791214020778,-0.0787555487897734,-0.991204149385871,0.197968182391253
-0.688732086809973,0.329114817343435,0.315401460852174,0.527027680768474,0.147390291188893,0.000164361882984105,-1.21768481460589,-1.0091463438293
-0.0104742526838122,0.0706082319372609,0.0253511072665572,0.247196497291136,1.21258862515869,-1.57709429365718,-0.344303076496572,0.133163658126153
0.94845496711739,0.163245203265095,-0.82394135871036,-0.561960028586978,1.46320440649957,0.26906750808682,1.07718354722157,1.30656576163741
-1.01168373231376,-0.157421496321693,-0.416903122669111,0.814591621801801,0.660656271422735,0.264912963430195,1.38048672526858,-1.1169862004389
0.310772564668518,0.536012841597172,1.18630377224299,0.663743163715014,0.010229469599998,-1.08133293470567,-0.736585709489437,-1.39971475049535
-2.13907829626851,0.0514721594435133,-0.474343599771712,1.20860244340432,-0.404855642125862,-0.561010288644866,-0.950402676181497,1.0718317404825
2.20119979353152,0.282613343334774,-0.0702415111847034,0.273799757903047,-1.14823362063709,-0.656282281312888,0.765919617948745,-0.784827513666499
-0.691708226363286,2.29254813887428,-0.227412955401081,-0.0806160223863286,0.497270904422016,-0.0198767959279892,1.70180214870132,-1.84472852222678
-2.1180099526096,-0.152770400111709,-0.907463324142785,0.398479678270054,-0.461174616549123,1.99536643786502,-0.109182907754534,1.02973860506608
0.256631640858265,-0.367440198394515,0.75176017295269,-1.64441536930414,0.504637808778417,-1.54500391207094,-0.754774572109059,0.380208027371217
0.417043240094924,-0.13985482813563,1.06960985696576,0.330887677610201,-0.334633573650079,0.544362377990423,0.861902575995718,-1.45613437322484
-0.0498770068968966,-1.03611225386849,-0.0852002956967661,-0.243405145414067,-0.536884313944026,1.94089196777934,0.605009724366258,-0.372207601655056
1.24154567335926,1.36761738001172,-0.448781868405732,2.35444367137842,0.0479363401670697,-1.09850039399857,0.522929153721478,2.44519132402321
1.15090596274125,-0.0136359971304179,0.208207597480647,-0.217035018616449,-0.0429475498951936,0.958550978662213,0.568530629467591,-0.359267647330195
0.0380636777181697,0.448122187494225,0.347542275895539,0.495494275280109,-1.57736833596621,1.34847669641851,-0.456032626653803,0.181029640618343
0.816139796551592,-0.0363083831662685,0.0376714147126956,-0.930683741581181,0.184001551888551,1.71808009960388,-0.605122015061868,0.0303779758885312
1.91652094945455,-0.35463244846821,-1.18238382152648,-1.09518952558517,0.15827777549096,0.386987322247077,-0.704066878309187,-1.09869397212603
-1.04930985000739,-0.473009120959399,-0.0418042988650257,-1.49893850903109,-0.437802748448697,-1.43766202284748,-0.708142519789807,1.20027204303338
0.962904860391336,-0.546219742273248,0.224222539504973,-0.839380214657685,0.377846171427787,0.102086507340709,-1.9887514548099,-2.09289211394714
-0.61245351878038,2.01178530109678,-0.801683218831648,-1.6494602161282,-0.606804862366297,0.619390037795223,-1.0067431087113,0.21332377365156
0.654991226930061,-1.01562174815034,-1.37829389013967,0.288698400583965,-1.08068350488151,-0.776714017541554,0.141221644618421,0.628252989264616
0.0784755976144494,0.913903234496645,0.639355571454191,-0.316699143930463,0.326665760590711,0.589702540332101,0.987643963467063,-0.0233445342000461
0.202378472834351,-0.136005200782733,1.16337536530053,-1.02495848275946,-1.79176368380259,0.601460632332977,0.0819091767539636,0.993216340013161
0.288449268082237,-1.45100339492646,0.0892666471400674,0.646989153099376,0.710574590183383,0.659119161387878,0.488704937803086,2.06917145313763
0.208768944169416,0.535428200009023,0.322111159235423,-0.0703031244287522,1.23440505517356,-0.229754401151881,1.32441261675508,0.897981797352319
0.609438453816997,0.00797095178962787,-0.755428083063388,-2.80908848244684,-2.27337134860882,-0.865645025846156,-0.743604843053752,-0.29284942145082
0.697166064184606,-0.931114342887105,1.34385321206875,-0.99902910037015,0.917507579464462,1.21536381693672,1.42772761015382,-0.866480294059678
0.119779999001121,0.0168243924764528,-0.339476343445674,0.412672284926294,1.0355900631157,-0.283096596096351,1.13984963697807,0.916213633990188
0.715137769515887,0.393144591856524,0.757118869261921,-1.32597214673669,-0.838692228432004,-0.788533050901691,1.33188518863371,-2.50852656041126
0.796763136543838,1.06096373611148,-0.626573673409052,0.42242211930188,-0.713282908136057,-0.185031343955083,1.89837346118004,0.0044540075177626
-0.464383214678007,-1.21499377446337,0.124271200323122,0.583901685880745,-1.92804254279551,-0.0748170976809348,0.490804673867524,0.226907987656351
2.27352151398327,0.116671939605951,-0.056922078765386,-1.10537066700814,0.739228120377279,0.0350117176834232,-1.87962284099702,-1.56380432233493
-1.19247479240988,-0.607690024811656,-0.340925471785236,-0.087084748206439,1.08929116182375,0.770699114651476,0.581900677815125,1.40418144967308
-0.173839383593623,-0.700544004998276,0.859872413441694,0.927058608162014,0.541902484887139,-1.47418337963269,-1.26855951749895,0.803432448725096
-0.403747907875641,-0.0244872768494531,-1.11488859671907,0.415895851318033,0.863166129710656,-0.559876949061239,0.00689671123725781,1.02537858374265
-1.79607618346391,1.13210897072298,0.36137411916393,1.84310516898976,-0.211995057795791,1.50289211988109,0.928020446825047,-1.4493638601943
1.82697700820186,-0.787445313182816,-0.383036491779113,0.746782097171852,-0.0855693165108431,1.90029804466013,0.627341400103882,0.491110254756684
-0.456463922284595,-0.273500352601529,0.498293604835804,0.385278647865805,-0.8313774770429,0.119669923146831,1.00877613716669,1.32256730798125
-0.687182312590257,0.493556925894597,0.526638042990676,-0.663774987348552,0.955222397808332,-0.419930530765665,-0.74061621737136,-0.874658854373442
-1.81062049038837,-1.0194393515226,-0.245982429785805,0.569099066906909,-1.45221457472036,-1.27960284497044,-0.865321800612305,-0.881982502237388
1.30989176690624,-0.709927412882768,0.603457547301901,-2.58625635217785,-0.121853926286217,0.513020908469157,-0.855997119967741,0.257135103961444
-0.821749694930784,0.600396804384241,1.73722921375924,0.540697887762977,0.21719036295554,0.339906466951077,1.19970767988927,-0.672927623364315
0.759200214747682,-0.726318989447628,0.512724630907125,-0.101110997508332,-1.49413983637975,0.782600913517711,-1.02908628441313,-0.11148783393828
-0.0221778872004033,0.306986230280702,-2.09559741062154,0.0978927064668661,-1.16899309380894,-0.324480586664842,-1.06589564598844,0.958105917673215
1.49555883056419,-0.703873942874068,0.212211070088674,0.54783771884147,-1.26370114543609,-0.420037728983671,-0.992367898125522,0.0231891357915741
-1.9025953268434,0.975121492214348,-0.96497843473961,-0.238945272434792,0.451273806341854,0.180201235508269,-0.834656542317767,0.394179367968143
-0.432851815853859,0.52035997859135,-1.1833290614048,0.302222689891275,1.61466331094459,-0.983032246197832,0.31401848101032,0.879771509235798
-0.988993301661234,1.02930453271746,-0.217403795271917,0.260920927276729,0.0882414136733864,-1.97948269406114,0.200540308512665,-0.396790606897511
1.12689922543022,-0.162737967651975,0.206129380429612,-0.886959095912134,0.537095021219105,-0.599061966371657,2.06532264852045,1.01857103772312
0.814343973025837,1.14198435525271,0.228510908214775,-0.690926772872753,-1.09184575570357,-0.05861292412452,1.12189980107386,0.271478461050734
-0.83232903923446,-0.150523908600354,0.00111878143450142,-0.67666118066848,0.254672509587598,0.573295811603765,-0.59123433330593,0.210321368136089
1.74860800128855,0.682320646532914,0.521997887877412,0.126238841532782,1.50118566677201,0.093757092537341,0.343004602480532,-0.224651217722857
0.571889975913701,0.00703820253267181,0.630658512847654,1.30851225775269,0.768380303800978,0.0981156555075084,-1.091589097072,1.20355523930289
-1.04519548045114,1.17688388799137,0.392890544521372,-0.000497070220632651,0.469962948231548,-0.0124169207503076,1.42006776744562,1.64943704043068
-0.612320316801193,1.31438128941513,2.11608238844944,0.480860670890721,-0.66656611645984,-2.36101851914322,0.470161065918351,-1.17869216693664
0.599054335300728,-0.398611817054686,-1.26938377196116,-0.950930448911794,-0.413327461608632,-0.874008605082797,2.07001703417872,-1.12948672871759
0.890622088561277,-0.950963543088595,1.17351856351662,0.214112930718583,-1.84307872331191,-0.955934959859833,1.58819516723371,0.351701216062614
-1.51121509811138,-1.079399575479,0.627794841234447,-0.161567930925377,0.308372567426871,-0.549427411348964,1.44121670068366,-1.20230580838168
-0.789702793545177,-0.733181617473455,-2.0913997789765,0.459622900844845,0.555811049795088,-0.301312120645021,0.906653155749942,0.0314041870610879
-1.30346344973443,-1.66283144359905,0.444127219715495,-1.06723189802485,-0.527376009778786,0.269331743372124,-1.17073531416355,1.69762811434416
-1.21510290575394,1.39214284312238,1.51232435947379,0.509186881146279,1.28738441481126,-0.269810453837974,-0.257069144568399,1.66187546448375
0.926239262878885,-0.428463684672155,0.167827531854632,-0.21376900120406,-1.36412915981947,-1.28880399862585,1.53492243192883,-0.728899101783412
-0.125846676943437,-1.18165463793379,-0.326253453931059,1.70577467799435,-0.99650461751247,2.57288282542524,-1.13428080826387,-0.494126623993966
0.682549641929391,-1.61885331430011,0.486112178951007,0.192692750661255,1.02548863273168,-0.734874657058006,1.60730501704228,-0.875133501680027
-1.62357455099405,0.478157567252757,-1.81879844969792,-0.780497600006273,-0.0539214981282145,-0.618944506935779,-0.497360120168413,0.205914171022005
-1.36574683295825,-1.16054623114137,-0.250599730910129,0.53442226981561,-0.0114081924908714,0.66792191977704,-0.291527629329916,-0.794303182288868
1.69068283316739,0.194914732130012,0.945924009458822,-0.285043377342147,0.287012769749607,-1.17484716376978,0.206954507213031,0.4080803148624
0.0668248024015244,-1.01092577641335,-0.908442559310977,-1.04985074949317,1.7487789848344,0.498928676445442,-0.0194329367129006,-1.5107480141674
1.06328015943982,-0.609858882344482,-0.660373582474643,0.261671542917379,0.744741784735057,-3.377483160812,1.05380021390571,-0.0485912636623001
-0.500339134293356,0.202051149366541,-0.315411356680695,-0.410685826097539,-2.20971991719702,0.674977636539156,0.61105773720133,0.0990311440935373
0.242856659548863,1.78846520549459,-0.00235312152278282,0.533218359668672,-1.23507220398148,-0.65413992440619,-1.42083073211955,1.17745202824431
-0.084560191726749,-0.0427171503296291,0.841398652104092,0.867506760517421,0.321140368772259,0.139443137195842,-0.073927621559933,-1.9855806478143
0.501543051849143,0.339541403820653,-0.532418946158103,-0.518669741339586,-1.32480120295394,0.0759841332173155,-0.26077857740683,0.71237271057588
1.39189515920922,-0.480715338901948,2.46251852264676,-3.06629787086198,0.0815689848261016,1.6232083289871,-1.14017099521436,0.728616549100178
-0.559251022154297,-2.55872594058652,-0.154747198016369,-0.393490420406535,2.1202717545314,0.0635317361300016,0.394440447131085,-0.115855693499351
1.07439756084645,0.730853329672096,0.888507300308331,-1.07973854500461,0.031461118352856,0.159487797448566,0.0713285096230299,0.0366643311741638
0.930562708431986,0.939481140098257,1.12029408570587,-0.0855674848273136,0.427781966107633,1.39692865836895,1.39035517823038,0.567313256702847
-0.294065519987283,0.941480911944678,-1.26518292369211,-0.45339710091695,-0.0308370857840614,-0.0552309507290082,2.15851123096777,-0.239713397996256
-1.00244383304343,-0.705337990418666,-0.304105989065517,1.26643052625163,-0.935898936140726,-0.114528396397493,-1.83641220361298,0.802470918291102
1.4244029804864,-1.08736804968822,0.569840448846433,0.312643977405891,0.851473045891582,0.262719571068181,-1.28409859104575,-1.20412125346774
-1.16176837324527,0.413313337061895,0.548617014361505,0.220995570785101,-0.987216388669236,-0.486533568834366,0.87557433306322,-0.962758495933513
-0.445867929605661,-1.93210771477763,1.29476946795242,0.0707142116574834,-0.23026263071729,-1.45660345173369,0.168942302740519,1.14129788648127
-1.48820657584563,-1.86487894333049,-0.00888353795485146,-1.4408166379243,-0.385325518223198,-1.31289924953494,-0.130632329583625,0.742270386165562
0.209329936186022,-0.65713181133547,1.02410062326434,3.19757120050338,0.067751974953438,0.200822924760197,-0.130357812947663,-1.36624897797974
-0.673880987457658,0.0296840452110792,0.620497042917753,-1.27256405071276,-1.16154468778165,-0.765431241270451,-0.811239557115047,-1.10010754627294
0.03954091610583,-1.72600371520867,0.760232016654756,-0.28218718996859,0.700192420066912,1.18920627183922,0.581662494085345,-0.113447981961748
-1.08858237101119,-0.508282424289846,0.176124873568189,-0.304844582852637,0.417988483801152,-1.20841732370827,1.80388302023838,-0.797303151342179
1.76173236122422,-0.969685777063852,0.527318545790344,-0.170584496592908,-0.351118023314813,-1.09222050125288,1.55623279890801,-0.644205759372195
-0.362204834567403,-0.0578279785707808,-0.145954265174245,-0.98198051025937,-0.611904187332845,-1.4472264778718,0.420276994260257,-0.54023630935906
-0.71138628079452,-1.82224035273856,-0.184171604283069,0.182673883450997,-0.0314205615488478,0.872725580334155,0.17076052334175,-0.615458958140931
0.224126856942708,1.23935127517775,0.605964015137444,0.422534230960323,0.471275811922313,-0.0892709139951122,-1.92943560410167,-0.623815061522529
0.239521226728042,-0.374420935091625,-0.0577229900669266,-0.372232897501845,-1.82846693952475,1.9301219101803,0.331571786751925,-0.186896982089378
-0.235181946600802,0.806738401737059,0.566951411391476,-1.16421297762311,-0.533893100772343,-0.267734985072985,0.0712520000294413,1.07155428157238
-2.21992693417273,-0.0469319541204543,1.42761845759034,1.68623728943529,1.56160730925481,-0.516690303824401,-0.402717135616835,0.833699808752171
-0.00614408075896964,-2.23684292725909,1.13012013802314,-0.611996067024086,-0.477682820297273,-2.0223209115258,0.470890598186005,-0.55375871732156
-0.560547690588944,-0.427570179870129,-1.29274522821983,-2.15997868323221,0.122977835085346,2.62536924565573,0.219127844124324,0.780423246696832
-1.48456871146258,1.43157735669347,-0.170104941461986,0.185931609567538,0.11344457711337,0.0653320889072412,1.05313862208795,0.19211672034943
1.95298226355496,0.775397697010497,-0.20423123048118,-0.00749056392427201,2.00356203057639,-1.72626104615208,-2.14661342702942,-2.39719108729303
0.667929418881613,0.156079868757202,0.372083307406377,-2.19632667892223,-1.30386602640143,-0.2976667594511,-0.238633057019014,1.32493273492882
2.1874202537822,0.696083206132898,-1.4502967174344,0.296781611570673,0.193563379133571,-0.826430559193622,-0.350566680917764,0.70248885237411
0.676090816793715,-2.51975162530944,0.0710597115599561,-0.221761436275049,0.801308921169228,-0.933016107793743,0.071904628666689,0.420383356847064
0.348190603643013,-0.0451053601366507,-1.2051734720018,3.17444522610537,-0.796009370524155,0.389150229361975,-0.648110915678383,0.33642107023203
-1.34382193096839,1.9139828404968,0.543935502889122,0.229153183334729,0.738603167507871,0.926273723411334,-1.77395726679853,1.86020272490516
-0.682867461291005,-0.645480399151165,-1.31342409775186,-0.35269074554765,-0.242051582971988,-0.798468862875088,-0.804268552937231,-0.313140042236951
-0.454898066578229,0.671646162352439,-2.19135118151139,0.675523400699467,-2.1177743244398,0.636185066127973,0.246167867878349,-0.139125691330001
-0.316949183463401,-0.716444767378225,0.971852354659199,-1.31097131989366,0.179736896484447,-0.983526001177745,-1.27578721871182,-1.96442434884829
-0.55011372422732,0.892282804878781,1.33945514627658,1.14904473037269,0.524360915108539,-1.36198681621177,-0.357294511237291,-0.863043738529816
1.61812447301627,-0.34160522950378,-0.26077356192897,1.85267571248565,-0.480381420903796,-0.883943419433985,-0.455054726671974,-0.706982636389264
0.964102205541195,-0.0549872326747136,-0.426276815799136,0.120118283154944,-1.49602468267118,0.0649217953994225,-0.319153216670039,0.916135089421645
-0.0195847276060855,-0.617919887657019,-1.78414706080913,1.04489796899263,0.85845702586236,0.438962162878036,1.90575595581533,0.00331291993127162
-0.375681997419529,0.557561019026452,0.10114560171982,-0.400400493634091,0.343065856084488,1.22391364450125,0.526280409448177,0.983192292842675
1.56314889053113,1.16281208787562,0.0124500848550724,-0.417160506610267,0.145117561063366,-1.83741582210729,0.216874592342513,-1.07117505559246
1.29418214066662,0.933895597242139,-1.36936082794168,-0.32348234105038,0.391519495535227,-0.576640926088461,-0.599737828037585,1.20226725995359
-1.33559943545112,-2.00832910779292,-1.09231799177263,0.19155065027463,1.03494609896658,1.90946706232477,0.67930930189833,-0.0834844364699504
-0.153496589670955,-0.103890431988459,-0.940246609063339,1.18119258050953,-1.22260900561757,-0.712690849127204,0.148731417251329,-0.156776563318406
-0.72420478588412,-1.50999371529119,-0.418246597643414,0.525553657035341,1.07903037778241,0.475422539141225,0.632011111287139,0.322529108081859
-0.234069448804153,0.463992251310323,0.30664368924024,0.478185868404733,-0.677180893449751,0.586645083485072,-0.0766790509133104,0.171031428607179
0.17594251022872,0.502664595563471,2.20479115890323,0.250676837337075,1.21810160543477,0.472689345975569,-0.156930983558518,-0.739925684437582
-0.519492914711526,0.588174128645022,0.993422007137967,0.388565760568126,-0.279086359074583,-0.303633940244651,-0.649744866582815,0.403586494856433
1.47700237584437,0.0076863934370068,0.401923209128676,-0.489841750709093,-1.57204651393295,1.70572262313591,0.0590955261381885,-1.37988342246512
-0.000311465084966878,0.98219330695528,-0.250185152731365,-0.127739075757135,0.910706114055256,0.224228477359935,1.81388663496482,-0.66724059662908
-0.958202487812687,-3.2216916100226,-2.29607158326623,-0.539610575419517,-1.19254103751826,0.253221625234284,1.79049476256789,-0.0369835708225239
-1.59765811866892,-0.319315085691331,0.00465424393287542,0.841683185457926,-1.13458589921213,-0.926457661234402,-0.262392187045173,-1.63304204912624
1.19397213689627,-0.33055387656081,-1.61634089171873,-1.24358582021403,-0.50553166432644,-2.96909009493866,-1.29741610390757,-1.02486808103952
-0.568568303538762,0.86829713063637,1.73312927994601,-1.32279802061528,-0.117723698437954,-0.874710151647698,0.618388135016312,-0.401871765560237
-1.28828111374908,0.384568631145517,-0.673676860802594,-0.285874003295421,-0.952988201954101,-1.41680541041812,-0.291821575984844,0.0527685344317563
0.180926006922618,1.38760578513367,-0.094417675292255,1.06032915292347,1.18370898886118,-0.734604728488247,-0.301111037329827,0.138579240170623
0.916032213569047,-0.990851215388261,-0.839404140536249,2.18662232904935,-0.390379245980469,-1.27851382412583,-0.729453358378408,-0.770165848034131
-0.287969404255087,-1.14801872659326,-0.238736510852746,-1.21949144926715,1.50555373328108,-0.942749368417729,-1.53251282350371,0.0424874034259749
0.9976780091885,-0.427104770540623,0.0198315393913764,-0.726678844431535,0.349418256000131,0.245484945713102,-1.22922940635021,-1.51957128964912
-0.362923947190031,0.722037073655696,-0.0749545310688586,-1.61472926885027,0.232126482724169,-1.58137459656697,0.00586695848745446,1.11250161380112
-0.0724385397061078,1.09125663842379,-1.11783988147577,1.4586927662356,1.31105965415954,0.553063358906026,-1.29846996408565,-1.36043939924773
0.973807610422341,0.694837325423301,0.237340638463468,-0.117778515528162,-0.874122838665232,-0.516713824880801,-1.12811461984819,1.06783417442983
-0.780360483782382,-0.0435831322943765,0.658235463602706,0.710371156792574,0.685194811118385,1.08438697610157,-0.0439523090324093,-0.645064977292153
-0.487924639001891,-0.628429632848207,-0.232102253730443,-0.119812896989267,0.105113789679736,-0.0678234777418429,-0.892024477541227,0.300263778125065
-1.74334182572606,1.25169959286348,1.07864400618717,1.06030897427087,-1.52134945330932,0.415004915106735,0.14655772262492,1.93437835217739
-0.187948455656688,0.256356286655379,0.129833397925408,2.08306925172784,0.121001919329328,-2.1630544292197,1.38045593326127,1.89702555474612
-1.48091483662211,0.393258995919939,0.331934863914439,-1.7008998887928,-0.287101840421949,0.676552360501767,-1.73530174808723,2.0864862411076
0.328947471507723,0.204293543396275,-0.291605704469951,0.541808965904711,1.0445371039051,0.455587595797508,1.52337873421374,-0.943706760125851
0.576846101089386,-0.251081008293034,0.237590150043967,-0.147650163423766,0.573582827460141,-0.640977796710519,-1.36174512135816,0.34144234133092
0.20792071512881,0.171458706254508,1.26684446488474,0.518215240568057,-2.02401402252313,-0.0691391177670244,0.688696582454757,-0.518979773748247
0.175131845345448,1.95971814295873,-0.258982466425031,0.659802113941651,-1.06142832163082,0.601849031620671,-0.0181446737320745,0.551908341843262
1.78478844670785,-1.1468058708786,-1.66744411120973,-1.41273084412453,-0.408888282561061,-0.150768792505541,1.86770478100256,0.613726695922876
-0.666873403847822,-0.572990577909227,0.0289663687086963,-0.410798036305584,1.098443464793,0.000790574071519216,-0.408684037361515,0.315940674757899
0.930846344807162,-0.850878474039825,1.6556585525472,0.0732453144420551,1.27611973382977,-1.03928681037599,0.0524878184852041,0.833553190811606
-1.6810116974743,0.629592143546549,-1.8741401653371,-0.393680405830401,0.640346098154367,-0.561059858206193,0.426780356901782,1.65462326943792
1.12217267596955,-1.12397716659729,-1.10972200007152,-0.760692674725816,-1.29657909963475,1.20132212202939,-0.116218106346951,0.621012309890961
0.000390323584541438,-0.352069433018342,-2.01749659977058,0.684709095312429,-0.269725572231509,1.08639798547419,-0.0275114046251106,0.134015262671616
-0.572002471429716,0.937933406118818,2.45334380594134,-0.0643707735393906,-1.0604957979546,0.931236751412245,-0.291938938591555,-1.42465313531726
1.68805375985891,0.243851549929741,1.01585019840046,0.331900821478414,0.383289247653722,-0.965674481548388,-0.100020307507236,-0.735055549224316
-0.216724991836958,-0.0296538692303891,-2.5630062126601,-0.64813106783702,0.840983619075512,0.914821244294558,0.132827515327595,-0.294518474278887
0.688070560084228,1.70746103062809,0.4882649476208,-0.280756058651462,1.86670078960463,0.370730027556777,1.34380390718077,-0.44698385863
0.669516595566692,-1.94659899289169,0.852538579134013,1.49295343687054,-0.17138586487776,1.96980899137529,-0.631191219944973,0.294280317545505
-0.522301318385813,-0.0834610909847516,-1.75711227531054,-0.71572745311539,0.45507093824251,-1.00511510305704,-0.271900008207443,0.502629007621027
0.202732448820735,-1.00102704225173,-1.75500047612054,0.174172865672798,-1.14775416649965,-0.130417898226341,-0.968780397327743,-1.4652306363955
-0.553549015100378,0.90331627194244,0.319991446911164,0.772935433635596,-0.147501249449077,1.32122430302757,1.06365494189969,0.721172868495627
-2.11877062370713,-0.151319670072055,-0.843480121973555,1.02608232906566,-0.879287146767891,-0.393698794708948,0.210298711438229,-0.0774184799865036
-0.811183230115378,0.405485666165493,1.0554299555898,0.680931797186517,-1.41684091533983,0.963219530973218,-0.213114087859929,-1.13374043215711
-2.32568091563085,-0.161607075004657,-0.15971178733156,0.729192947771444,0.293783638444066,0.250961986479494,0.957346299512373,0.357605785690995
-0.16016285051389,0.903913457618633,-1.07665169577769,0.784173123241211,1.36018857297557,-0.874891848118619,0.239008602556872,0.14541000789205
0.332586350069157,0.00391540203002017,0.0903362582027201,-1.81580286019151,0.403071911758411,-0.394876527760101,-1.0369204798514,-1.30193628647702
0.118990804795775,-2.16506473116101,-1.18566831882267,0.0464326116382076,-0.583046175239095,0.358779166473851,0.275702475565052,0.935143619153293
-1.47666803221871,-0.276773782243421,0.37408014226959,0.723959813753545,1.58225102399389,1.5209073992579,-1.25832201235732,-0.714917028617312
1.13173882641334,-1.66629711932918,-0.763457951030061,-0.569495148415783,-0.180857337390191,0.649063940108139,0.915527028084732,0.607311361247065
-0.523647192606829,-1.0224749821736,-0.635671469698429,-1.29255981664453,-0.659740692111851,-0.123945628890409,2.76275020862146,-0.876685657002711
-1.5549206888238,-0.834582971543982,0.236327061171765,0.734253614975077,-0.820814055061515,-0.85151923761386,-0.485244387403867,0.992578990358452
-0.455398544227822,-0.355469623293735,0.164858139359601,0.950256691493161,-1.85699884119149,1.30112585791828,0.118738157180643,-0.20983150979173
0.809665346718295,0.0697048436393559,1.11132800373771,0.226577436858745,1.45284168099869,0.112842835404835,-1.0141996403062,-1.20697639707833
0.824741093336286,-0.220040545771358,-0.579519910863599,-1.13613519276601,0.636709688062599,-1.18166900683901,1.52148334397019,-0.316296523083865
0.512153539715561,-1.1460710622607,0.29780779140933,-0.391108335880151,-1.0646185281006,-0.581564827561492,-0.352809467109748,-0.97984951426095
-1.81922392687021,1.26259926354507,0.32119517336173,1.81435384836305,-0.462390219431087,0.375491665002518,0.0310454051140042,0.164235474110631
1.86051170361983,-0.485545419147989,-1.83471636819436,2.00138519749613,0.44861302006355,0.557080181158903,-1.27289534972986,-0.818295985840813
1.27767325877716,0.0824154524992012,-0.0579587191572437,1.00684119493822,0.479980120079604,-0.387421646502961,1.1331345118757,-0.303099269583578
-0.491145530724245,-0.0222883444942198,-1.09491393539564,1.08137788068119,-1.69142295619192,0.696949242897912,-0.597115832088742,-0.870374433424652
0.803272493451012,0.511926646429347,0.648973709147838,0.809317409380602,0.478041544506652,-1.46297420920545,-0.404572654070146,-0.172305403501306
-1.6502275266931,-1.72827358050717,0.765077066412041,-1.60822532890873,0.260905378752761,-1.19978724869603,-0.501996535024092,0.140217584231707
-0.0163756333633489,1.20302893985649,-0.167254209661136,-0.178084394501406,-3.20136465524387,-0.196744435613283,-0.653207925422182,-0.78020319706337
1.53563493633715,-0.464364931624801,0.0415743773879503,0.369794190091506,-0.71648563524069,-1.28244700208502,0.284165764181847,0.22781190859558
0.572163266411676,0.419332448472581,0.362794501453745,0.608301966589501,1.04199322416141,-0.120934784365511,-0.483748156854829,-1.04639527901782
1.49334353765873,-0.621659169966546,-2.36922640162949,-0.00560137934322619,-1.7168706468079,1.35570448786819,-0.187088775836958,-0.0951142249848943
-2.51904720664913,0.450071669359771,1.74161022348289,-1.86015426661959,-1.10284677748196,1.13230950254875,-0.303164786669338,-0.8944278030101
-0.0480472726187717,0.178546174961101,0.572780731982755,0.705309673959589,-0.438963789740878,1.41720630194436,-0.155897781827654,-0.36597211671806
0.836325852015125,-0.161605379235451,0.163700089026977,0.878802697695842,1.35043170680333,0.551584190387148,0.378557031338157,1.31888740063996
-0.335768352870876,-0.0876193211246244,-1.36556294297815,-0.256841946883413,-1.15749668476124,-0.667636394129069,1.09173602760552,0.722864049103192
0.268250140160775,-0.767630480223141,0.798105875115922,-0.67384334527421,0.844073338622788,1.30013836382371,0.68139616422649,0.137924338487811
-0.0366061710581306,-0.75370295148892,1.29911376738513,-1.58501387597749,-1.45882711244754,0.418689210184976,1.33834802853137,0.859980342365385
0.446488762365822,0.127253700377763,0.927190283769419,-0.536239014789329,-0.444426742007758,0.389543359101406,-0.696028935964301,-0.541207309378589
-0.0433163730179971,0.0850588480051897,-0.0226938994147228,-2.17763179599687,-1.65990695421187,-1.96107340324096,0.529417579083032,-0.033833575554747
-0.0491461935937726,-0.431670278676243,1.37374970761447,1.85235979402517,-0.260809088647365,0.242952020639411,-0.212426304205781,1.40719671541859
-0.305533939304962,-0.34706836193707,-1.29682529111897,-0.721642544648988,-0.497001227224589,-1.76859263564417,-0.481959062693039,-0.139229065106224
-0.154109871831097,-1.48212783157148,0.0544685314270295,0.68310536349434,0.614599397989176,0.125153271417791,-0.350873756749959,2.36391511211819
0.171411527363395,-0.128157873605633,-0.911742007475292,-0.423050181550668,0.539982778185245,1.13731575980716,-0.103295986565164,-0.336087764600291
-1.01675108825984,1.79869716418585,-0.250407927074568,-0.489907275905441,0.259597402180978,0.92249229998808,0.492598073999616,0.342818847921294
-0.396272707420492,1.68895318102848,1.03167628207951,-0.659261773800243,0.560272657638177,-0.638315021935011,0.476589035100727,0.73194045696852
0.475560880938379,2.02320518173778,0.322785030420041,-0.112887317558031,1.5552865149659,0.0300818372181237,-0.463271130748882,-2.3657509208437
-0.473705598791617,0.688792985780546,0.662533844599525,-0.0704379550803937,-0.0659366510435841,-0.851097206823435,1.16520692062163,-0.906204965020764
0.207802487534801,1.79713697285414,-1.06509165101303,0.568599840501775,0.305563173602883,-0.988596345019864,-0.359949087884037,0.601292158424394
2.56456426734948,-0.181213771185478,0.964288122839346,0.14403891541523,0.393540413078874,0.272376261363049,0.820984646527364,-1.74363957237427
0.591661985709585,0.202480004294507,0.549274314185269,0.741573396976493,0.708522278177679,0.717178859729971,0.996736505796888,-1.4983296504097
-1.47598728769337,-0.60663594153251,-1.90902608969691,2.07171237058294,0.193521743122217,1.34997527155578,0.951394565481357,-0.156890791060507
0.256922423750856,0.797435006944483,0.0572881559746663,-1.9274487562657,-1.73738548250693,-0.0676913660880095,0.5863872002949,0.148253349790116
0.814030780389814,-1.1806160827445,-1.05365865771897,1.54189683856598,1.39180818495177,-2.38794383846963,-0.092720955419721,-0.413843496369361
-1.98304838871576,1.53524789534975,-0.28906589422384,1.14986834891463,1.57930776440417,-1.31643684645571,1.13400262357741,0.674574021162414
0.0634819669217657,0.629150698174768,-1.04407636205801,-0.867039769410089,0.61554528945661,-0.0189733824248891,-0.947513912684704,-0.478509499442295
0.249982031569389,0.245466702164104,-0.8358361092821,2.02227600515992,0.969316899711078,1.44996935417303,-0.434410388199246,0.607987016261746
2.27799104292316,0.931769209827647,-0.00329619409540933,0.599741606710518,-0.303904942054465,-0.835753078156517,-0.952638166647685,-0.50937250809012
1.55661121756518,-0.902750918222026,-1.50913674253016,-0.903541550152185,0.91844405610104,-0.648276506497176,-1.31875576283193,0.319979799559576
-1.41231974936416,0.351421540001845,-0.708298289714694,0.857108714952648,-0.590171162160136,-1.20814901793883,0.672312424157861,1.17545390122279
0.0654876782036011,-1.0404821839007,0.425281135711119,-0.344841454848048,-1.05108593391014,0.378037494979431,-1.56327556349715,0.700694418566703
-0.183580558341481,-0.265321286548554,0.596516939028996,-1.07218238351863,1.24853022150528,-0.905736036841664,-1.66890309975197,0.0612841961384744
-0.75306750621582,1.12154538494895,-1.16071183332593,-0.866761760814354,-0.5001916395967,0.422704799193172,1.01392753438163,2.59389300924421
0.657038762927621,0.543572084065645,-2.26922489362114,0.0146681910119849,-2.14920364754154,0.207607455423075,-0.0367809205593092,0.655299399045307
0.247581460407907,0.625157107725299,-0.698694482547022,2.04572796780958,-0.169662919299107,0.970448614375389,0.342867010467067,0.370022343341906
-1.48855274927096,0.848595011073407,-1.14395123982958,1.53908501441726,-0.33507513774338,-0.14009425552822,0.271410080870887,1.17396991151354
-2.06352809156319,-1.3714062292882,0.833112658069349,0.809660844202089,0.219343368382874,1.56389271247523,0.816591056425882,1.37073568066084
-0.0285284945865371,0.0940958730987778,1.39186109156216,-0.240859686991009,0.808266980779402,-0.819184464928162,-1.40931235339385,-0.760969851393081
2.40927842470831,0.731277011392816,0.418008096011272,0.604035486694121,0.650228171869741,-0.0390445009940102,-0.771353071784354,0.483332222186255
-1.21573658359492,1.88073951391662,-0.339434101327398,1.55368034864849,-1.04077172730555,-0.43578099556635,1.19015617980406,0.11150517690765
0.68019743801455,-1.46847877613102,1.02834850915273,-0.35042304166255,0.734986309707345,0.887236909754939,-0.0355099803981481,0.547222352297256
-0.715343125883243,1.00448075210652,-0.247266016833159,-0.0658170355944813,-1.1865942638207,-0.188715941188593,0.663334684528876,-0.155548225245356
-1.07829684288724,-2.02442301827813,-0.881933831624159,2.47478401074915,-0.395012074848735,1.25690512498509,0.500853433046166,0.0310648439006276
-0.0678426614988899,-1.2081290257782,1.41284745026004,0.0957738091939536,-0.460525380378012,-0.439268068655876,0.685320769680415,0.453998995288137
1.60407224229008,2.30961761498659,-0.460575612289994,-2.12917968863874,0.103308258392159,0.699762536014802,0.147365317564907,0.48938097396017
-0.144088166895286,1.0772373037797,0.290726544285254,-0.398256665147824,0.820645024156962,1.60901523198175,-0.765196453136861,1.23881554409411
0.127358848391715,-0.334267465755584,-0.072251776886577,-1.79311487150953,-1.36300914894028,-0.374891371266185,-0.085448811649681,0.176020116361761
-2.37557558751116,-0.649184506769361,2.14153903797849,1.34339269846885,-1.81879056901672,1.48713963822227,-0.506310680235056,0.542487223953995
-0.436917332471527,0.743535065557275,1.36488722935902,1.65478380319017,-0.335762997000208,-1.10002951308157,-0.174186707499865,0.963199956247677
1.2651410321884,0.549261065709209,0.0811498727409651,1.414086851468,0.318139000801962,0.703218081861924,-1.03799134800226,-1.6700317134952
-0.74564719685164,0.837719962950223,-0.660930350452054,1.41440069032433,-0.161902842864945,-0.277917169884222,0.193540413840772,-0.330815658712995
-0.576003073055364,1.53765311605037,-0.740576025851001,-0.380675934236502,-0.703395612075016,-1.03396749348902,1.63107728526662,-0.987645365054365
-0.807728422234762,1.0960821886904,0.796162304761569,-0.940320215243893,0.355830753934308,-0.5629574694725,-0.584871964897951,-0.0636819522514952
-1.43220039126096,-1.10529414919429,-1.16548378274295,-0.649258337842869,-0.106498716001646,0.460830752526654,0.256164963471563,2.02866702356697
-0.165224144397954,0.279095312019859,0.7213188878976,-0.890292299276794,-0.327759366847418,-0.623899632156402,0.315765156095412,1.34182785757115
-0.849596187762134,-0.04301919629497,-0.587310423840724,-0.378316945537079,-0.274630645546689,0.530348745693868,0.38566734994128,-0.392115362270894
0.446337299888397,-0.582177158006194,0.7484925517569,-0.941228671633989,0.408792369624318,-0.827967422402388,-0.571751052221747,-1.05982467566014
-1.12567156309947,1.1119169762835,-0.469207190890226,1.84323871310553,-1.81353996793551,0.484745633005017,-0.236438315999395,-0.160193427992102
-0.972266806179517,-0.619110996718427,0.789478141519827,1.91798531965996,-0.218068549235926,-0.676695264685179,-0.125220109304224,0.938235739090934
-0.413475080542244,-0.13675126503877,0.9236311164301,-0.747555056916403,-0.739439476443892,0.052696782698165,0.154885425984092,-0.521116203122054
0.716889888772266,-1.05295420709304,-0.140007507638255,0.190763787204352,0.259463422550427,-0.230487375034331,-2.45978594003591,-0.282912143419211
0.0312502712301832,0.896419687037714,0.869021124591486,-0.234624091245104,-1.09670008854252,0.263049576072693,1.48211991843526,-0.11990352631531
1.0209612807994,-0.223978257478057,0.369361152931874,-1.43260648813187,2.23900756052709,-0.963818634825393,-0.302083112493211,0.0804267277881578
-0.332952760857219,-1.29469328026156,0.627387860579216,-0.971671982881264,-0.055139128329591,0.569396692383343,0.861063885289735,0.40597173542664
-0.752115918563992,1.64636016657761,0.208124690511182,-0.324545672518231,0.527795037195689,-0.164302908255915,-1.00990983548826,0.753999802223779
-1.87089293390012,0.738244593067714,-0.587959948955166,0.178682898126999,-0.7132965700267,-0.645298715723221,-0.0556667543597818,0.502200500459465
0.661158947327972,0.0695281693003191,-0.0830201916857397,-1.50091293634034,-0.822307637500674,0.469549872330103,-1.34523546574639,0.716626266942809
1.40454696770027,-0.0174472932396263,-0.757842045669553,-1.60667632442876,0.365792815412944,0.640464108475662,-0.129552725064399,1.78416508153959
-0.160329036965389,0.119180135320434,-2.17421487640593,-1.22537708473093,0.208479052368212,0.290290654314035,-0.974388464661664,-2.71051244339995
0.53750666583251,-0.924995736542969,-0.667222814202969,0.31968077888595,2.15972086614175,-1.43293207104836,1.87326472954475,-0.675428754140201
-0.673937325994409,0.197619313730461,1.10993425833664,-1.43152893337852,0.151709951036427,0.332368001426018,-1.37364144041857,-0.436173808567309
0.0773517932962113,-1.03267001304508,-1.98775818994447,0.160878737587002,-0.218795075228567,1.04628309940734,-0.310329261811146,-0.577855546440555
1.16370396713741,-0.331898283451893,-0.228515043132395,0.919137680842241,0.498845555886258,-0.890195358450086,-0.922923702633756,1.65356616874401
-0.116498129360736,0.965116274673688,-1.56838209215806,-1.56129467677938,-0.460914012884323,-0.49074432208336,-1.62555691291519,0.560815919795785
-0.933360201279431,-0.61277887587593,-0.554845542231829,-0.951895794892901,-0.8282056540681,0.504462478478274,1.10459850299399,-0.953035559213175
-0.791115073791038,-0.526565626935094,0.363305791767461,1.17619075736624,-0.539226704441028,-0.635312578558623,-0.0908845912887289,0.157524642001311
-1.79882640084256,1.42342683727128,-0.305428860674151,0.703848510442914,-0.124432584036326,-1.12257132865509,-0.0469885684273718,-0.890118541243191
-1.08845569838879,-1.36133381923478,0.242087669042765,0.223699096183275,-0.0927022287041622,1.19392408108849,0.289558926520715,-1.12109646901636
-0.977573797625966,-0.293700729433746,-1.85503290316687,1.25068850217553,-0.792030944339559,-0.648287358222755,0.646288613176098,-0.614127511206669
0.799740603207695,-0.013815440213851,1.08749232709003,-0.143584183221925,0.711269829009878,0.335407047925348,-0.759489894314726,-0.554524265626706
-0.751662775553446,0.975453031767272,0.56190805961124,0.602846540820474,-1.74479361823623,0.842149003149275,-0.660390224897583,0.441190529015938
0.69393834439125,-0.949059701283805,-1.59306990497014,2.50228106418218,0.0747488471503738,0.514372910241154,0.195705833733557,0.282207992836548
0.901719781582195,0.750817872058407,-0.292157653081156,0.836731381700234,0.479657711094308,-1.64624704525121,-0.915095693116101,-0.0948569492328398
0.798662477958181,-0.634448229242303,1.01155308606443,0.176883280493791,-0.486364637437721,0.516263524876283,-1.47955326367458,0.00775723280966701
-0.0119085511058838,-0.11565614633611,-1.1190798902502,1.70027740419152,-0.778233919806494,-0.410448648887776,-1.16711802074957,-0.465446628987775
2.15102488433705,-0.694515805904859,-0.28968400690642,-1.13488027813688,-0.0986319410533644,-0.260605174333138,-0.0916167246660013,-1.03734414874437
0.469451125345718,0.155858599976175,0.364963724547585,-0.442592107176175,-2.00158550545945,0.612392420048607,1.052585100599,-1.30233180171967
1.69165622892336,1.02247200175089,-0.464221105591458,1.7985474922071,0.708423551214197,3.14406200412431,-0.422940570138171,-1.41355646342116
1.16692048149903,-1.21246205851886,-2.0990291231797,-0.411893351353765,0.129430622066986,-0.743877842943264,0.290769334884685,0.480974046254828
1.26959234859325,0.591006405871806,0.458800146181837,1.03244266567988,-1.78879103034279,-0.229669660602518,-0.173015749585502,-1.1153065135186
-1.0857504418885,1.75586401736132,0.100285144612493,1.07908741472691,-1.93685936527108,0.798108514943857,1.06098503553214,2.14602940134885
-0.9578854835638,0.686282462217282,0.632191854471087,-0.0656262092659587,0.408595539053987,0.460254651789632,-0.634298744135143,0.235007371792793
0.0268646703543383,-1.51478544587743,-0.331532080334486,-0.225148267759205,1.94514248842924,-1.38768226162712,-1.95488164373448,1.42662384928054
-0.34259688745789,-0.354397165620171,-1.67474782283501,0.786281068395268,-0.0828750959582418,0.640812679859477,-0.899019999863535,0.461589174697587
0.182860690981833,0.260061532071748,0.685242744349649,-1.53017994855852,-0.653796504917181,-1.25071333277987,1.31131607983179,-0.261854936140845
-1.46301342590724,-2.74927160535681,0.506739804120381,0.298947334140833,2.79527441016963,-0.0745908223830103,2.18202842141508,0.8232028268913
0.376212149267565,-0.342911769863599,0.527750139114429,1.04290375054588,1.4484581277308,-1.06608347888795,0.15202206416804,0.700908426383779
-0.401708150508739,1.02910384095753,-0.0294560496478652,-1.38201025119783,-1.54499575318111,-1.58014808301535,-1.03269211012711,-1.84867135972253
-0.724347083174659,0.0980627481599842,0.378006005629959,0.43221039229742,-2.44453584781801,-2.03971207459052,0.904312763864464,-0.756350486865601
-1.04334513459143,-0.569183492823265,-0.556355138133932,-1.28952221059567,1.38947958350889,0.261972961310298,0.411493066094567,-0.0815454453380662
-0.576261936497736,0.394998651509485,0.35753544651262,0.328250622226121,0.968107499217843,-1.23404270305214,1.84666493213962,-0.180436584468469
1.30103717272485,0.380629030410693,-1.00555758882788,0.0414149751752926,0.959654851546436,0.2419058866952,-1.18310321970363,1.04995230866538
0.426238038946641,-0.822996851485117,-0.422092945189058,0.444448702494497,1.27374181057952,-0.514601300652221,1.61078203869489,-0.0910251780384694
-0.727350255848209,-1.30758677050765,-1.00879004546523,0.374494768593715,0.0398936541545959,-0.152669558469732,0.917282512412204,-0.108584823561386
-0.0433020094562648,0.734264922211772,-1.06176376633776,0.763835620833334,-1.37283222132656,-0.332015790957393,0.605116896849471,-1.87052018979874
1.53378408114309,1.8141886800231,0.723415712672543,-0.019595528690813,-0.0209531926592596,1.29645391292449,-0.111213057337246,0.943194541173517
-1.25388666050015,-0.488933692129841,-1.04262082127921,-0.486933550305245,-1.22524294080162,0.174401677112933,-0.0867352029604748,-1.40889634732408
1.01471139873675,-1.99324036300673,-1.35064670140408,2.0135110288847,0.440394623737363,-1.92115463851607,0.874634495936541,-0.920888806627183
0.317775077576987,1.08100691934267,-0.0487479924212978,1.2723509757972,1.53990016959977,1.02675899772969,-0.880928480471596,-0.559489500472431
-0.896337692006051,0.078667629316668,-0.55584612049976,1.30841872161712,-0.823274630625545,-1.61670045572284,-1.15195475732584,0.821098146044659
-1.55961902349339,0.245539092884044,-0.286748329549387,0.568476328635987,0.213109476186204,0.531947350715602,-0.113116495032355,-1.63012268423418
1.4680887748563,-0.557184595755272,-0.834525160844859,0.0530428267401599,-1.36514828172613,0.0930176223611097,1.29857616059044,0.413722402496437
-1.60254605725016,-0.0867832598323794,0.0636470712510659,2.88362626703156,-0.370157092010003,-0.618806152832079,-0.0480906510659911,0.348690456752302
-0.681356529061201,1.7042996175139,-1.00603700159699,1.03191804001443,0.724925972857357,0.325096889133923,0.493902273112778,-0.609047906983412
-0.0777675051942994,1.97079865767891,-2.5182013963737,0.186212905582591,0.681730146697928,2.0249298715247,0.183942838881994,-0.640778459507551
-1.04086513655657,1.16764533878915,-1.16725590350291,-0.268006385785536,-0.320468220111746,0.00859200616477806,0.700694367311037,0.0608091695258236
0.71266186723066,3.66296351217958,-0.480941559846073,-1.10293505902274,-1.19568096623926,2.00077988228563,-0.332299337528201,-0.347282948789397
0.595916142684096,2.57741613312062,-0.860994306423499,-0.131925551341896,0.333198477230698,0.210825557941328,0.576289801186834,0.378786866217225
-0.474856395125677,0.528330261283377,-0.58427320935964,0.78773314207724,-0.829150191744014,0.485127273187571,-0.0170262372292321,1.03612616286858
0.404426991622815,-0.512448615254109,-1.11698779912757,0.208453846961207,-1.50207263226865,-1.43579594679423,-1.09777192155447,-0.0468564304045322
0.952126722213615,-0.303940683687014,1.36840492124982,-0.739155008466026,-0.172912595372101,0.605986486302899,0.454677488587442,0.0770983300246279
-0.514142366126882,-1.24556020079672,-0.628979257296331,1.9411607782416,0.413759104178939,-0.99300198718511,1.52078739211525,-0.787131624516059
0.0306919054407617,0.699329557382706,-0.0118836181155361,1.7851640378284,-1.79862350120215,0.259770752149815,1.22607768593343,-0.378292328580058
0.348031913124333,0.697626365468268,1.52032170015779,0.342355339914089,-1.00813710847608,-1.74285722011313,0.69301214028903,1.36457715814496
-1.09088060905441,-0.0558099010219349,-0.0153491096743978,-0.338730736910143,0.957232696125654,-0.995914525871185,-0.796557966259631,0.301128045120982
-0.501460886126111,0.555027104001613,0.113345840419364,-0.953292362500182,0.691595650467876,-1.84458236691084,-0.876565278737803,-0.147284986541606
0.522649802878212,-0.274212908617929,0.0752124239452439,0.466303353645291,-0.400063501241827,-1.14717891002739,0.296870190569591,-0.702319678321617
-0.122241603289194,-1.29012538632616,0.0877062953392205,0.236347433047014,-1.07797541051067,-1.06463535487613,-1.10613976729735,-0.302148328699302
-1.55532666561923,0.0680322787383307,-1.04014683510419,2.53046493868633,0.181811055002842,0.791491628161444,-1.42185342313047,0.965598913257448
0.1475315999653,-1.7297776134832,-0.202786047100608,0.247287541014486,0.0514413865056585,-2.0472741176772,1.06780693429805,0.848248147998772
0.839611505032373,-0.56537309997451,-0.932330148411049,-0.688267890735871,0.00519511367250052,1.50576773048645,1.63691061633747,0.0257074080640062
0.0754307289141553,-0.242161591650856,-0.969796727630483,0.00398540287454654,-1.5756804818994,0.887468877016945,0.220743461426398,0.545612454025824
1.20059936880513,-1.31109681587142,0.298619309720105,0.100710193895438,0.46992415869383,0.463143043519641,-0.248091301622101,-1.44469766455682
-0.172864460447155,0.661745087367014,-1.96758210690184,0.523676366681147,0.379625844567175,1.64618327893765,-0.589649906149048,-0.717900761381453
-0.682395938676766,0.502388486867882,0.737412582566024,0.166291878826517,-0.389798292510892,1.74879206077256,-0.557882409301448,-0.980344373108561
-0.163700191532599,-0.540431579535061,1.35317207223483,0.164098737031942,0.683377409734383,0.187613818532808,-1.24911795407633,0.190991176595987
1.17603744623765,1.71210438303902,1.76054005463063,-1.20400267405406,0.482305585185008,-1.30568752300108,-0.477825376213145,0.50539332019392
-0.737584476116986,-0.652677903260266,-1.21161281178008,1.62253397129202,0.00302859641553525,0.502197027704062,1.58960660038821,2.07150268284275
0.681365432802964,-0.486965725012499,0.579119388203971,-3.01756314784837,0.317663696921586,-0.877997659539356,1.60205924455441,-0.155358337931526
1.07348923943478,-0.220179052336032,-0.162461295302373,-0.505274034466075,-0.910895215051758,-1.02830995189245,1.28709671665734,1.3853361785723
2.63062032110802,0.0767959271644217,-0.32704054366933,-0.971899281201324,-1.31952811294094,-0.0125081926910975,-0.107369840619667,2.29558191692381
-2.29271757259349,-0.659670709251153,-0.906744506267581,-1.36226971825109,0.704816826851324,1.0272705737954,0.876143767693086,1.46817521407591
-0.742962616342518,0.512992820878796,1.18751704135452,0.64746946472678,-0.49461411029548,-1.79595221252828,1.37143078090082,0.558068721652779
0.118018954579306,-1.93164273074974,-0.957144433134853,-0.304463949192575,1.18721042389573,1.1283581192243,1.27717949882311,0.0531860949801505
-0.733157167962222,-0.452971062540207,0.144309359816001,0.639323266064303,0.0819420278403821,-0.768726911152956,-0.522291703527676,1.46157178163953
1.27970605735126,-1.07404180714838,0.80831817043092,-1.55690179242031,-1.66709979669775,-0.679714897995607,1.00820720616566,0.838387490647001
1.58184260252334,-0.127102884425426,-1.03827625707919,0.492192819747494,1.48621380900848,-1.03470816012075,-1.40205106092185,-0.510174820153397
-0.0467844080307415,-0.161000070090486,0.215405882781035,2.24129028649309,1.98590834790074,0.184698991191456,-0.751611040741492,0.626243006919947
-0.518732803396048,0.112830873965406,-0.0218378984778797,-0.441007523899395,0.546804252632137,-0.59495857110396,0.357185515468459,-0.836448928010944
1.05168378911082,0.417746496805421,-0.885696158716309,-0.964732248090601,0.487731150038259,-1.54920119302912,0.546372327803596,0.124955461637658
-1.82567784477372,1.42440221167706,1.26570665858799,-0.212763909555333,-1.19742569988763,0.792129924352604,-0.0136204243173697,-0.417305375575806
-0.397125580015617,-0.250365344896035,-0.281035357440016,0.583456939474792,1.0673803552604,0.876551034409309,-0.947810735258025,0.560931067637866
0.081294609507525,-1.70765000856491,-3.43959555467468,0.0508094866464759,-1.36866796181481,0.914028895375952,1.47582456224683,1.20276474800597
2.14928604779498,-0.712137329374599,0.436049157316792,-1.33083123807589,-1.78565278419487,-0.138469868347295,0.717317991383928,-1.83887469951861
-1.5317824263896,1.12477149172653,1.16465299231265,0.478294941036217,-1.70904614511731,0.181625234869488,-1.00053423577039,-1.09295590705451
-0.0824436241131557,-0.910624222779836,0.0413422621967348,-0.399811451293332,0.261046186299757,0.435036489491131,-0.392741707213414,0.0183989243917501
-1.12771080303458,0.912345819495303,-0.0101305058493955,0.987845588407729,0.877155794185353,0.150194796104075,-0.580661067278585,1.30982600671206
-0.750528814534753,-0.3553945102725,0.305272105339997,-0.47569863291573,-0.608356032032854,-0.00404857875296349,-0.732260625802052,-1.71597133175884
0.105566429466569,0.98991997678644,0.551073621808196,0.360167862941107,0.384837231691427,0.690919445859847,0.3514561727085,0.382319866244576
0.560180479044233,0.286836450685273,0.103600747792084,-0.518526059729841,-0.264655375982743,-0.667666006473939,-0.0977660379212027,-0.449838529505483
-0.296139758726345,-0.179885064761572,0.891106175913767,-1.86785194822862,-1.20154496537464,0.953155140567684,-0.294380679172322,-0.101650990259039
0.93284759171323,-0.0534658321232167,-1.12176026253757,-0.343779841739203,1.65101553070464,-1.81024592138161,0.787003512884399,1.32655107863347
-0.245559188717022,-1.27550986028776,0.0542685214924045,0.583522395154291,-0.49773110481979,-0.632385236993926,-0.179690466953243,0.273035370161351
-1.06808158647976,-1.19972130010606,0.221441139877564,-0.317454251058813,-0.163375910228257,-3.03010658156155,0.848762696021093,1.24223522492794
0.86561548442545,-0.49942369755056,-0.623032302326948,-0.76270976662468,-1.24851588173001,-0.1540553182287,0.473646413486867,-1.91970669676033
-1.25864044674982,-1.5512397263188,0.776070488199793,0.76901306701881,0.699738362192325,-1.89157304745727,0.0259035628844551,1.99013133830296
-0.612012412619067,0.00943200525652534,0.658084571829446,2.17570619314475,-3.13033380883276,1.44894498806335,-0.128114167861329,0.830612317560021
-0.850915824292218,0.39314494097082,1.85343373896625,-0.166804930975926,-0.627704942529513,-0.956284876715758,0.0318173234555983,0.0953524431624972
-0.499839659884399,-0.97909329298912,0.994077314479948,0.161834863018498,2.03531276646064,-0.814384970286239,-1.97985725186724,-1.39454558372498
1.13063993436054,-0.160263761671616,-1.26543396417918,2.24149150781612,1.64829336550714,0.168366336690905,0.783777930992282,-1.46448255860814
1.66568071056698,1.16459647591671,0.421234034783347,0.0380490267168204,-1.57912840175291,-0.559488928101371,0.798785257724944,-1.9151623712356
-0.0293707243435431,-0.503842659741634,1.11845936672853,-0.856033127658185,-0.72326310926329,0.348171940112199,0.656379843606894,1.19727363083324
1.04525365040412,-0.171987414801357,-0.489426984313236,-1.90956358875492,-1.9383784413895,-1.73215269459747,-1.41333361541069,1.84906748196072
0.92491262424148,1.15054989882021,0.320873116307729,-0.469004784281744,0.322746968801328,0.785211858914277,1.31245609806378,-0.790974573760145
-1.09482607734969,-1.2428470792927,0.141786483123954,0.926687724313991,-0.257310182179661,0.161477779163219,0.906259848601735,0.104945020450041
-0.0442859483991163,-1.92823522433119,-2.2624937854354,-0.426459454396195,-0.689833587518211,-0.688879402714873,0.940498874959279,0.396943530058712
0.970526674659505,2.01308592698699,0.285606033767163,-0.462160093196021,-0.450412634119003,-1.69951752839925,-0.207290411902945,1.03799630638471
-0.138017008789837,1.11182454189263,-0.852215512768252,1.07578555704382,1.48659859716653,1.58716688716427,1.02351442847769,2.05460185199287
-0.35100479750937,-0.755853049592438,-1.09367215844937,-1.05456468582272,-0.76084136694299,0.182208258233714,-0.109470814910705,-0.764279093973853
-1.73853445995395,-2.85602445999938,-1.39409020901929,-1.65540247547497,0.691621592052336,-1.12729048982682,1.62046225976413,-1.21500661133714
-0.594592637209874,-0.032560237565161,1.05855869590634,0.172927746733052,0.251254359960279,1.90061989998423,-1.41603962507231,-0.0136424666653019
1.06766831965933,2.0627461680239,-0.231924295617601,-0.464865933485441,0.345555502264641,-0.695125279272695,1.10920861177068,-0.898307855737894
0.921532922717431,0.210099873668259,-0.416886636174162,0.502488822451531,-0.655613339497531,0.593244459393705,-0.0539886856201714,0.0714234312698413
0.0914210728011329,0.48787690814014,0.870180032779712,-2.11600293742995,-0.249890383390959,-0.181895795967126,0.780051262795516,-0.200302141493313
-0.173874848563212,1.18040321606792,0.510998997275057,-0.694002025136698,-0.751889475033749,0.629349017905385,-0.565243526881698,-1.40562775058638
-0.704777302925766,-0.905421687582995,1.04826805441283,1.04641317691582,1.37715865190694,1.00844560772644,2.13693720075038,0.327274505941018
0.0424377671549644,1.4363145896301,-2.05583591291341,-1.25546317145887,-2.05749693475799,1.54271187352729,1.04594278817917,0.00781625414489258
-0.600582589838573,0.141751442594124,0.33984082023906,0.425053590964585,0.486892937505789,0.184765305202794,1.47625847050176,-0.0781843518046248
-0.727439395846735,0.403213655276694,0.114085725979115,0.251044289639737,1.6297878038858,0.256878624103979,0.169177265381235,0.500175296695183
-0.8440447759761,1.16829792033483,-0.31717121910917,-1.67037292230822,0.578794835677712,1.47296881885221,-0.715140290301446,1.47844107857866
1.7326165381895,-0.101172829510613,-0.894741822896094,1.01484065335739,-0.0287495381628673,-0.359055036180726,-0.232522618336521,0.0432312437172589
-0.649165725265118,0.443250057493168,0.256704503028548,0.336998159910803,0.224780140825494,-1.59646727090542,-0.479944371335628,0.75131567375033
-0.0234262318191195,0.304854321427494,-0.961418055446876,0.501862441993597,0.033499082242254,0.284586287279835,0.0342344627088012,0.789446657422398
0.660667915837124,-1.80042991467272,-1.5309474374105,-0.238336001824971,0.54740115807195,1.02512528669783,0.185161962622451,-0.374118968919335
-1.61886862908728,-0.106430450254887,-0.561945525174036,-0.34585168271966,0.764739841553031,-1.44915517122676,0.0287879953255503,-0.644239200425159
-0.172313011108919,1.83346778219836,-1.11819188190399,0.72770533753175,-2.10197356261625,1.41747467303985,1.21437926947366,-0.541134977472508
0.282875789988339,1.02390072873188,0.560813949087551,2.36162818965257,1.36172361340943,-1.03530032484005,0.0981440536614383,-1.83676819047531
-1.18614236241946,-0.00428592667880493,-0.181843892049672,-0.815589484595338,0.255034155743164,0.0853323179089133,0.137486096461545,-0.125322349306685
-0.924976822380528,2.27991293901181,-0.27265167962696,0.627305656342903,0.554729684935079,0.245068307617246,-0.621155461365876,1.61876910232463
1.3006890375322,0.123452166848072,-1.32627945530394,1.12358174928437,-0.555854909568538,1.08488196538858,0.668603811576854,-1.34368628057807
2.6617113723089,-0.144079126106904,0.719499294551269,1.81709467154761,-1.57675445989402,2.17262956368695,0.049608291342984,-0.589671454070841
0.627630684491435,-1.31849156262705,1.92872782476521,-0.0285082249211764,-0.194559045422836,0.448574627043928,1.65573056357054,0.56943655318363
-1.65289690429895,3.28144323254992,0.108001270856296,0.509717948769626,0.902514791386915,-1.29749592418531,-0.738164548346146,-0.564890576492094
0.352809117941403,-0.763539344154646,-0.965960462523562,-0.942262588023874,-0.0265366007599153,1.11561089355419,0.18347132080686,0.370143786566456
0.0106011839146887,-1.42498475583876,-1.72499147933092,0.60598257776342,-0.727086149648979,0.292995287814412,-0.548790455098431,-1.01364374018653
-0.784670460346744,1.40033492002233,-1.35757138806058,0.0342299658102418,0.747922293629057,-1.02665568124122,0.433644310451473,1.03200809129868
0.0235089945763197,0.0927346909170608,0.0471785900074646,1.74225465270324,1.51872832184695,0.493001137240209,1.5215473003379,1.73661029041747
1.28363903292018,0.734892725081237,0.974856967182291,0.220945147194108,-0.683992204511384,-2.32692898276757,1.29757735363273,-0.719893797296724
-0.926319803332602,0.449617287699043,1.13298939962298,0.0767989032336378,1.01434624636394,1.50275754126325,-0.296429877513536,-0.473870090260451
-0.194045083043361,0.275955736180793,-0.873435549151575,-0.788125180482219,-0.562333391990866,-1.39752769844602,1.23822514507974,0.248768114941078
-0.331658757667124,0.788712485597806,-0.877214809053089,-0.81108685919561,0.624579498480074,0.2540426610725,-1.57802755619021,0.343264794529788
-0.00676256307473376,-0.160660254449763,1.2682495967002,1.22005473650971,1.5881134279585,0.0856346163220991,1.24086267406262,-0.234588420421508
-2.69396587642436,-0.916546916257844,-0.397076657453686,0.308973755372099,-0.47772665900566,-0.526695547777227,1.03130824753072,-0.617614009360336
0.587267211065452,0.0913618119743518,-0.568534705574434,2.15981524437881,1.642277440355,-0.365722833338497,-0.313901071220624,0.625673753979656
0.165677127256155,0.861396176377926,1.58378446880735,-0.59429489817695,-1.57741203235754,-1.01807004890102,-0.261225110278438,-1.51210184671319
-0.111950139006595,0.059894714692657,-1.19295720506632,-2.40124388828435,-0.617345732513453,0.25936255411934,-0.085734227982246,-0.676439982054368
-0.214029918245032,-3.01189558127928,-1.33705291072395,1.49025341424864,-0.91135693387129,1.82655266135045,-1.1882647862705,-0.825960922074098
-0.336448709542787,-0.100184203426843,1.15934706541006,1.48524297181128,-0.403572720308978,1.0240301106488,0.0396638048066081,1.59575053725602
-0.272573657291619,-0.51720670670056,0.97686904346235,-0.112037559255678,1.20160153862265,0.151995768368296,0.167770362308741,-0.466811698550537
0.922441343142715,0.584358254766223,-0.285458533034585,-1.65037289713665,-1.50125507986267,-0.35687657287924,0.120901690766785,1.21047401142026
-0.566567995600697,0.68993399406183,-0.409728645259494,-0.194763089749413,1.39637419321766,0.504418912476491,0.484475760511005,0.751499767516435
-0.219253974053594,0.844866732921033,-2.17812627329362,-0.374893701590917,2.3101074239119,-1.778423588539,-0.634959486077906,0.237401044440896
-0.7512154901709,0.677983369636635,-0.135558326584017,-0.238701513060207,-1.00323156608657,-0.695066512353577,-0.266301599440441,-0.147759842354344
-0.139339801705451,-1.44283668823778,-1.19892942044876,-0.382740292803698,0.179204584004651,1.59320585140464,-0.936020798033502,0.702624709007022
-1.64507376683937,2.20610689073215,-0.322437823136308,0.0363556407571478,1.42216937573584,-0.781703900107367,1.36132429258104,1.1495227049057
3.00018579328997,1.25614718995536,1.5978001686994,0.753007475823986,-0.0681284844849555,0.460305006897174,1.29188250378657,-0.0234456615173596
-1.20343677905711,0.70375663829428,0.86671017807533,0.812991877600631,0.0231469606418684,0.225607531778604,-0.210544409593822,-1.54182782726746
0.339579589671603,-1.81047899623017,0.506210229089039,-0.649063127806684,-0.03394500963596,-0.891188021892421,-0.662854965467539,-1.2073413307256
1.7288374577448,-0.774946265849111,-0.493806180504424,-0.0684961156825548,-1.48802653701941,-0.843099247480178,-0.374017719828708,0.402341659431943
0.879114585605574,-0.23659697048287,-0.483614118261565,0.143506776597987,-1.57437947318326,0.703321533512907,1.10281318487267,-2.09317021295957
0.127818181711138,-1.12088906420565,-0.270209009239099,-2.53515188663495,-1.40784585033179,1.56305791235282,-0.258940250075276,-0.969807949128668
-0.312998677702745,-1.25011637793356,0.30024982550768,1.50510662348219,-0.89737522943289,-2.25144704936509,-2.41072078194748,0.385497171358995
-0.279859730004411,-0.709436385137225,1.51890635047137,-1.26145050479587,-0.204581554227028,0.208442507349108,1.534977256903,-0.300400169424961
-0.334157732439324,0.252509074300286,-1.14839200690565,1.10746718483626,-0.475428481670217,0.0528501391848456,1.08188249049031,0.41091260529602
-1.67644388855131,0.937456005431392,0.420576287331755,-0.184464935994438,0.7075279971541,0.491512755801433,0.0807873658270307,-0.0867784117989838
-0.250255847153447,0.313542233362233,1.05270394367079,1.54143375470725,0.405576144139335,-0.173554721222983,-0.926058784369647,0.760718926066469
-0.83045359071152,1.66562602267242,0.932927481479015,2.48597565956378,-0.590509406444124,1.20632838406019,-1.08210695806619,-0.695658777840075
-1.92201537561052,0.121555280471879,0.233387256384418,0.0239276475284719,0.297749234674171,0.19066034333642,0.353053086312587,-1.74355285402361
-0.324408486053565,-0.552269976225139,0.464588042735364,-0.546439671439344,-0.443404639382021,0.0532380866907499,0.508287363116091,1.15172308245485
-0.979304090824375,0.541875098096985,2.49932976686411,0.412809638222483,-1.06923493583718,-0.00391428272075825,1.01840121719842,-1.04032564254177
-0.963247892981313,1.01745160045411,-0.071429324861771,0.870986784409977,-0.858076083262518,-0.143666632311257,0.982201952820977,0.848151123834274
-0.395627843122326,-2.14344542029112,0.0497661406064819,1.33317007637855,1.90627928034472,0.126915514169693,-0.0933982824936714,0.0917758748286452
-1.68725525975188,-0.987849676290466,2.15876625498012,-1.64064277948788,-0.463408130501865,-0.740814081889554,0.465376070851611,-0.686005639264361
-1.26942990603939,-0.673315679347301,-0.678338556716977,-0.114642446377979,2.45846572952739,0.981877563833908,-0.128446787845969,1.00312354787069
-0.814854880955149,1.03999504562701,0.955457288470211,-0.0875261353389306,0.551368373221761,0.562834415675393,0.791946842926057,0.83921515961067
-0.805721279440516,0.014908907164469,3.05887494840704,-0.0860942553761576,-0.0862605242680819,1.89500049282933,-0.628564441944018,0.776561141756588
1.0625906782426,-0.733710134455791,-0.450282133350623,0.114738888307684,0.0516317920203849,-0.531689584096523,-0.695768513631105,2.04447558742237
-1.10886871761343,-0.171601787079445,-0.381893570229868,-1.1770665624714,0.443386645706635,0.104234187753789,-0.564634792606344,-0.924351020508497
-0.941385032143006,1.38467608420592,0.3545579202264,1.28263670287653,0.856687958036249,-1.08190642250728,-0.409859487636493,1.75344918277157
0.106650502015177,-1.99791527689012,-0.41492731950186,-1.48577322700815,2.9609711211571,0.50795455342185,-0.597923699363324,0.0205632799466235
0.134146262193986,0.662725026984418,2.3143506486775,0.984612139289199,-0.271797983851304,1.64698612513899,-0.646479811858552,-1.42547639849341
1.04530714445616,-0.628018718860291,0.506820535138908,1.45437503297729,1.13710246066676,0.205030609289647,1.06418164198427,-0.273285537066026
0.0084165518288283,0.207075187046022,1.14790045624852,-0.4030927385377,-1.40577648400459,-0.231592155866941,1.30977467001328,0.150849344394161
-0.138584258013843,0.583577095072462,1.608580074397,-0.382171341180234,0.0923615352340508,-1.88703405208033,2.00124701400054,-0.325206190009003
0.677948593129409,2.9631304458273,1.08874190573846,0.155541968127236,0.682680372422216,0.615395284705207,-0.140328262837175,-0.973368242898475
-0.499879268800921,-0.521056125139386,1.73449478518676,0.985626603299157,-0.214453198132189,-2.0252879581809,1.81796024324464,0.0790154764984138
1.62359499668852,-1.26719338723299,-0.795481219258005,0.128907833459218,-0.69223794084437,-0.580144120284898,-1.10815709210971,0.541225531967974
-0.852229882446075,-1.49337509043507,0.259937599228653,0.899262046518371,0.0259841675380044,0.859848242016092,1.69226097767063,-0.0713931317457165
-0.790732386971252,0.661237911471686,0.941175318846844,0.55837024731709,1.07641001886423,-1.02320562403577,0.103633124622778,-0.0920286043784426
-0.89773084001964,-1.32442997154561,-0.157638722238669,1.49193491101969,-1.11903092687114,0.171855201305154,0.407203799291022,-1.57053818024448
-0.0295201996065584,-0.0760724788259074,0.00905946932362047,0.14599727631123,1.27942703372704,0.0654664121437584,-0.0596715490575746,0.324917441364356
0.642866746100234,-0.397105238893154,-0.304793517156087,0.0881331219336445,-0.75307110809963,0.702036247132953,0.558801422911005,-0.973527936214292
-0.0400382618927741,0.923682682971494,0.166319910812987,-1.03162374046608,0.344660232725403,0.992917005929819,1.3832518397521,0.807733652767137
-1.20880292358136,2.68447177782034,0.394486277293335,-0.854476876595022,-0.131169331665005,1.10985880797112,0.407088573569811,1.37571102706538
0.633463136818112,-1.60975905246942,-1.59571679833771,-1.11373297865094,1.07543334913271,0.0852193089053052,0.422963805133931,1.82830298693781
1.65148659097868,-1.87658941982083,0.058497993235657,-0.461907410593505,-0.876189480864968,0.764869943082453,-0.454195045872577,-1.06353487757067
0.53730194499149,-0.154166311724537,-2.617615366053,1.82523803618272,0.435158392300571,-0.00168368169025069,0.401180898460678,0.551229375214867
-1.19402624438278,0.506860019545974,-0.549102124907003,0.0652040510151909,-0.621057645432773,-0.843563574362337,-0.596651385401203,0.465321031072811
0.933108388694531,0.84451683125329,-2.29229967325395,0.0882588253594658,-0.488632246782611,-0.681218570241697,0.210039677179097,1.09441069823266
-1.44466457851531,-0.61561911327682,-0.134748524949248,-0.321670289213368,-1.82938273869623,-0.188816130962343,-1.24317410640843,-0.186869079161259
-0.0215318291102825,0.156720336966122,0.0337803868945153,0.180218441639345,-1.57498689852185,0.322738439836349,1.60493628285283,2.13383404661628
-0.437052428272638,0.729494939627808,-0.365911472337461,0.23366808050273,0.475261314376217,-0.994739224420477,-0.575986937315567,-0.377711084121612
0.767585897087404,-1.196329812271,-0.622019680038655,-0.130818310449672,1.37635662955654,-2.39209165470864,-1.21230994479189,-0.0726944745466281
0.624134720043019,-0.877149012298564,-2.19798688538133,-0.223982089257839,0.115875824031611,0.856773488613091,-0.792217651104839,0.34489631262815
-0.822331694763716,-0.25706915025179,0.591197299661041,-1.30920204922257,0.630677368367711,-0.212237711405447,-1.61032663982984,-0.813344004678345
-2.21908138628012,-0.107307728527756,1.95122971161916,0.0652164703561695,-0.0844612991417599,-0.836143899768117,1.43672346919495,0.226626876463549
0.716923076661471,1.94492114128688,-1.06254017737597,0.631130290923657,-0.0269954877015273,-0.87584344024639,0.231833440451962,-0.69844127498333
-0.506587181301052,-0.142171389414183,-0.446854565396826,-1.59417473800542,0.0918209188038053,1.14231817933655,0.809205994732177,-0.718688285223678
-0.462176827964977,-1.21736415189555,0.163706648791972,-0.242323575279903,0.653437323549442,-1.7273704244409,0.457525868505206,-1.5468007138753
-0.445810350539151,-1.08315799761636,-0.662593162485197,1.19731542676715,0.861369350097039,-0.0523352402366666,0.286546720249572,-1.11345309019244
1.63135807571241,0.778066821693095,0.233856424902416,0.992879831547087,1.80670676895723,0.564491563548061,-0.301154278007697,0.123356530362334
-1.17288391463542,1.04731266423289,0.903566107223111,-1.0153925688851,1.68490513417399,0.0753913270682404,-0.512798315781576,-1.7821522325477
-0.832304213458952,0.474145384125878,0.979294217289095,-0.230652120504438,0.119220852432926,-1.74910483527288,-0.563432152708313,1.02078729089891
-0.478515350341016,0.00307397360064517,-1.84402347553554,0.752474100654997,0.0698123950332376,1.34579188867332,-1.01599458578569,-1.11576460262477
-1.152144232989,-1.910569787556,0.0503343478658872,-0.327733166092202,-0.504875437502778,0.609762133609902,0.399006348856589,-1.83901403986217
-0.0673103250057232,0.0897951197622864,1.09118983150709,-0.700149517050054,-0.307011361762998,-0.672345837126319,1.57829542321995,-0.98059414051297
-0.345349654319826,-0.600745590751285,0.998012085770361,0.432549161652595,-1.0609189304439,0.574861818687986,-0.289942760110423,1.09555518007302
-0.499209359682624,0.507689238372964,0.551815200335683,-0.912418142289668,1.39875300222478,0.191154295696835,0.209322838015121,1.49256390002357
0.422612752028873,-0.268884651684023,1.71845771419765,0.344599890754954,1.65342843390976,-1.017921604866,0.839654131703817,-0.707217292278177
0.688258486124616,0.0492998153647527,-1.41597810308221,0.136470989096714,-0.170706624283572,1.1421956942483,-1.069551945711,0.36964050954037
-0.215942857275644,0.195133991090765,0.701108700380583,0.640753787175568,1.10256966726047,-1.47304192226859,0.137472398581859,1.07270695770237
0.00458712606112848,0.501487400997111,-1.51453208775031,-0.163358142955368,0.206982148354472,-0.510451090157137,-0.186642065326015,-1.20865675518376
-1.08573742463126,-0.346204350348169,0.364052392507199,1.2822337363756,-0.0169282580926862,-0.227600000139976,-0.33792834803111,1.49869085523037
0.329456020750026,0.444012400378668,1.51610640380122,-0.373824605450869,1.5230304038256,-0.128557976796124,0.556550654408915,1.51899390222984
-0.244281549854277,0.0866006474756747,-0.293576651459489,0.0767580712834898,-0.41325157736878,0.328301804353945,0.999603107827001,0.391844640319156
-0.300839276952545,-1.00741696555247,-0.584277862147515,0.416716532202667,-1.37426215076447,0.0742141384369575,0.437555701588295,0.492486395177118
-0.618403831981305,0.590747101954672,-2.40523857230627,0.647590961262719,0.628789995099983,0.029602447629424,-0.13453124351196,1.30764067601972
0.275088857468169,-0.323870245941215,-0.947287730371447,-1.43019504532597,-0.569626763871351,-0.922665590418078,-0.24322968480222,-0.472954480921203
1.07309364792594,0.750369166779451,0.355929480162848,-0.818426463838786,0.480681647819198,-0.205205342614706,0.853218667853133,-0.948826416880744
0.523127421528695,0.574858111404815,0.193178067613298,1.68065624021415,-1.14976695908857,-0.820069904518555,-0.41689866947287,-0.0623084594260366
-0.235226628423849,0.055051943992401,0.544858722133594,-0.292849589145713,-0.724534888730184,-1.41047039658364,0.174776082113586,-0.958789241000679
0.428244913737001,-0.442508554763602,-0.812267414611383,-0.312135174517004,-1.34444771928229,0.560117462035878,-1.00228694517965,-0.614398850224667
-0.315001791665367,0.109290168554393,-1.65559917407031,-0.542480871114654,0.491940411037818,-0.0871925917095183,-0.707994945993846,-0.957171564763985
0.0334062560335561,-1.50155731434296,-0.355980393095967,-1.04665670393104,0.222068624615039,1.18613850596905,-1.46006289334703,0.898276616220602
